PlayerID,Age,Gender,Location,GameGenre,PlayTimeHours,InGamePurchases,GameDifficulty,SessionsPerWeek,AvgSessionDurationMinutes,PlayerLevel,AchievementsUnlocked,EngagementLevel,Cluster,PCA1,PCA2
43667,49,Male,Other,Action,3.326911320481104,1,Medium,16,63,43,6,Medium,3,-1.9340287584038358,-0.10814251123674226
31227,29,Female,USA,Action,19.62646247850453,0,Hard,10,99,48,11,Medium,0,-0.6093367178616467,-0.2779926426617459
33899,32,Male,Asia,Sports,23.32208579857633,0,Medium,11,17,12,34,Medium,0,0.9780229383898419,-0.9801657170728663
44415,49,Male,Asia,Action,10.348791401534967,0,Medium,7,149,44,38,Medium,0,-0.5518505544353486,-1.0133986354203288
30440,48,Female,Other,Simulation,6.238741796428113,0,Easy,10,127,14,4,Medium,0,-1.2020447451589564,-2.0810322418620926
41877,43,Female,Asia,Strategy,3.8458676093275033,0,Easy,11,170,60,34,High,0,-0.028585478914232597,-0.6494327332202895
43287,15,Male,Asia,Action,12.496477746473357,0,Medium,5,11,67,40,Low,2,0.779178797210218,1.6943962927443694
16568,18,Male,Europe,Simulation,10.850420835012434,0,Hard,16,85,84,25,High,0,0.003428358466874502,1.235287506956835
32191,45,Female,USA,Sports,15.88324057060239,0,Easy,13,175,25,18,High,0,0.28888322245820175,-2.1294620813488754
10483,44,Female,USA,Strategy,16.716541893045036,0,Easy,4,53,8,30,Low,0,0.2134914926168978,-1.5047131831804381
46920,48,Male,Asia,Strategy,17.841126559772135,0,Hard,19,84,71,40,Low,0,-0.0717590320694848,-0.6330398254032599
48288,18,Female,USA,RPG,23.61890031935928,1,Easy,0,10,33,35,Low,3,1.5523475710811123,1.5885972311470908
12219,48,Male,Europe,Action,19.328903208239264,0,Easy,18,55,60,42,Medium,0,1.3133156953607992,-1.0738033821717747
9252,49,Male,USA,Sports,4.680904119898592,0,Medium,0,75,7,36,Medium,0,-1.4213067227906186,-1.123176792873384
24951,36,Male,Europe,Simulation,21.59986846156692,0,Hard,4,132,61,16,Medium,1,-0.8742659312361284,-0.19420719131067105
26537,23,Male,USA,RPG,0.1310253259460685,0,Easy,0,149,24,2,Low,1,-1.1405929326949837,-0.19311469245073143
24107,41,Male,Other,Action,10.423866593634376,0,Easy,7,108,78,8,Medium,1,-0.7450679524673156,-0.18449235452088755
22804,28,Female,Europe,Sports,15.755812810302976,0,Medium,18,153,81,7,High,0,0.111213366883315,-0.13874774990438082
20879,31,Female,USA,Action,6.926827178913354,0,Easy,19,19,62,7,Medium,0,-0.0731756324265916,-0.14579323026769525
21994,38,Male,Other,Sports,16.26472507277258,0,Medium,17,62,16,46,Medium,0,1.04182437549792,-1.287079607029874
40582,29,Female,Other,RPG,3.952369275938642,0,Easy,17,121,44,23,High,0,0.43953851834206137,-0.5264122771854565
38828,28,Male,Asia,Action,22.653546725453964,0,Easy,9,169,42,32,High,2,1.730549546831369,-0.7956314271258424
20790,23,Male,Europe,Strategy,18.55327959144355,0,Easy,19,41,53,20,Medium,2,1.5638923718036575,-0.24379584564051274
43419,20,Female,USA,Simulation,16.25843183116664,0,Easy,16,103,87,16,High,2,1.2712944841821456,0.5679281569213517
43398,39,Male,USA,Simulation,14.681061792461696,0,Medium,7,159,52,26,Medium,0,-0.2649944755150143,-0.6431637745529353
45168,41,Female,Europe,Strategy,20.839053923076,0,Easy,19,79,26,18,High,0,0.9769072316532642,-1.9318737288935797
23470,40,Male,Asia,RPG,9.583635613714748,0,Hard,3,83,67,1,Low,1,-2.5251591480076736,0.1634801734446556
23307,35,Male,USA,Action,23.84647971202036,0,Easy,6,156,4,21,Medium,0,0.9998551041690497,-1.947310834213331
9314,20,Female,USA,Action,18.921123790663284,0,Easy,2,64,54,25,Low,2,1.0429710916580355,0.590793745076708
17057,31,Male,USA,Action,2.7020152238801227,0,Hard,0,164,57,9,Low,1,-2.3620927007132098,0.4430107416540231
17975,31,Female,Europe,RPG,8.748144446620369,1,Hard,6,36,24,10,Low,3,-1.8361510599466304,0.8992399854226508
11308,41,Female,Europe,Strategy,17.167602538582784,0,Easy,17,109,44,18,High,0,0.6389366525536156,-1.4593259213850918
28565,41,Female,Europe,Strategy,10.570970014974078,0,Medium,7,28,44,5,Low,1,-1.5473335481404011,-0.5051160599818011
19580,41,Female,Europe,Action,14.528814507664364,0,Medium,5,64,50,45,Medium,0,0.09657337613246557,-0.12627179062618757
11240,42,Male,Europe,Strategy,3.869006111060553,0,Easy,7,166,79,8,Medium,1,-1.1578903442160469,-0.2566787205411374
31041,21,Female,Europe,Strategy,19.22841415249192,0,Easy,1,71,41,43,Low,2,1.643907830282151,0.44196546525839464
44813,26,Male,USA,Action,10.88236422325679,0,Easy,14,106,48,14,Medium,0,0.5333307708513453,-0.39164340243995105
46852,43,Male,USA,Strategy,7.584836022947157,0,Hard,4,57,72,34,Medium,1,-1.590296796383355,0.5867571285549467
15399,40,Male,USA,RPG,19.11162572220005,0,Medium,17,110,71,5,High,0,-0.3325703273731893,-0.8308763468227739
15988,23,Male,Europe,Strategy,12.057588854495751,0,Medium,9,94,33,39,Medium,0,0.7397656121503309,0.0594634308681431
25954,45,Male,USA,Strategy,8.638847585829298,0,Easy,0,100,77,39,Low,0,-0.29237714721761004,0.2985220698346091
25758,43,Female,Europe,RPG,12.502444070595626,1,Medium,5,49,77,17,Low,3,-1.2954450354405558,1.3203757117054575
30289,20,Female,USA,Simulation,4.200206836849012,0,Medium,19,134,53,20,High,0,0.19236078812287646,0.09161076176199902
26624,29,Female,USA,RPG,16.07650628662454,0,Easy,16,147,46,23,High,2,1.245227329393083,-0.874286424069677
46158,25,Male,USA,Action,6.51436310190227,0,Easy,2,176,76,34,Medium,2,0.43051358853403776,0.843148539264989
42433,17,Female,Asia,Simulation,2.6191117321133888,0,Hard,19,142,63,39,High,0,0.24759751845588923,0.8289380180738884
34400,24,Male,USA,Simulation,19.48168069612761,0,Easy,10,56,63,31,Low,2,1.5205974366934738,0.3431940498496043
35168,17,Female,USA,Simulation,11.689979025732324,1,Easy,8,19,67,28,Low,3,0.9114404384512276,2.2822629799844756
25224,21,Female,Europe,RPG,9.637035358459318,0,Easy,6,57,42,46,Medium,2,1.3378254924380641,0.6019108108028145
42829,24,Male,Asia,Strategy,21.88192989046821,0,Hard,13,114,50,23,High,0,0.35885157073187357,-0.12240472222534168
38881,34,Male,Europe,Sports,22.87444587256196,0,Hard,17,123,1,36,High,0,0.7580157525054593,-1.794531548686075
14223,37,Male,USA,Simulation,6.190253508873044,0,Easy,2,57,77,46,High,2,0.17573851933524126,0.8986543825896955
12150,33,Female,Europe,Simulation,5.173043098290008,0,Easy,3,124,36,33,Medium,0,0.0029659580399516096,-0.24500272199182208
38900,30,Male,Europe,Sports,17.09881132183437,0,Medium,0,179,18,11,Low,1,-0.5518122879768718,-0.9853231683744934
36377,45,Male,Asia,Sports,23.862295014943133,0,Hard,3,57,27,18,Low,1,-1.1328207168753734,-1.087958830642033
15197,15,Male,USA,Sports,0.2960557824773167,0,Medium,16,63,40,14,Medium,0,-0.31124737704550204,0.48661983046276247
39801,17,Male,USA,RPG,12.40380440318178,0,Easy,0,100,49,14,Low,2,0.2806320046972444,0.6297293439782383
48859,43,Female,USA,RPG,10.31204322243993,0,Hard,13,52,25,31,Medium,0,-0.9896668209001268,-0.9371307823117427
15314,40,Male,Europe,Simulation,22.463002759473795,1,Easy,7,104,25,21,Medium,3,0.5429413959953427,-0.405289149672748
17116,29,Female,USA,Simulation,9.895339715495028,0,Medium,9,153,77,30,High,1,0.035887598571610335,0.5016656567623157
44646,32,Male,USA,RPG,6.487685160533398,0,Hard,12,37,67,25,Medium,1,-1.131010241467641,0.6706982340775889
47324,44,Male,Asia,Strategy,2.2557040380942883,0,Hard,9,163,62,22,High,1,-2.0135185901042965,-0.2893475841165125
10278,41,Male,Other,RPG,22.36684959038733,0,Medium,14,120,76,29,Medium,0,0.5610933931729469,-0.5216786009505231
24868,22,Female,Asia,Action,6.343428841166818,1,Medium,8,103,43,10,Medium,3,-0.8103591215234308,1.3045609706584322
22793,27,Female,Asia,Strategy,5.896640455442638,1,Easy,11,164,95,17,High,3,0.01114541951859739,1.790877835845029
32389,18,Male,USA,Sports,17.34131750213045,1,Medium,11,10,96,35,Low,3,0.966952163974199,2.8763794322225853
24368,19,Female,USA,Action,4.88652738835791,0,Easy,17,174,16,43,High,0,1.750859765197658,-0.7135710455788175
15882,31,Female,Europe,Sports,6.061133155104817,0,Hard,7,153,21,1,Medium,1,-2.0245670839064673,-0.7938336149652978
40806,18,Male,Other,Action,10.165136200194016,0,Easy,4,36,40,42,Low,2,1.2273160262180707,0.8100477275913863
48669,31,Male,Europe,RPG,19.734956696083948,0,Hard,16,91,77,32,High,0,0.3305676215933179,0.26897904359041985
43139,26,Female,USA,Strategy,20.106653363888405,0,Easy,3,62,79,24,Low,2,0.851029802421755,0.792732045452379
38885,49,Male,USA,Action,22.582307374807822,1,Easy,8,141,67,1,High,3,-0.5019964833029247,-0.28073441968040846
30790,42,Male,USA,Action,8.482453272426271,1,Easy,15,46,43,38,Medium,3,0.43153447001589335,0.35210973272848417
42355,40,Male,USA,RPG,4.429385875069006,0,Easy,4,94,13,49,Medium,0,0.27591227300519394,-0.8325976379644564
43224,16,Male,Other,Sports,13.83627328294971,0,Hard,16,53,28,45,Medium,0,1.0425312546787124,0.31865378820797174
32461,45,Female,USA,Simulation,17.313866547054484,0,Medium,0,88,70,36,Low,0,-0.45974012997179187,0.08375709342661493
36969,43,Female,Europe,Sports,14.62272385266234,0,Hard,1,114,57,22,Low,1,-1.6022403814385708,-0.16335430217306024
12615,42,Female,USA,RPG,22.36851036903683,0,Easy,7,165,70,48,Medium,0,1.5509692118331906,-0.5541445295510244
42460,28,Female,USA,RPG,14.77171530600164,1,Easy,13,105,18,18,Medium,3,0.737851233447192,-0.07431516863032583
25096,48,Female,USA,Strategy,20.75776567514493,0,Easy,5,126,22,8,Medium,0,-0.3406362451970625,-2.043521638513998
17304,30,Male,USA,Action,3.5243445076668403,0,Medium,18,33,8,39,Medium,0,0.28310403322800604,-0.7398792997042384
36381,26,Male,USA,Strategy,16.00563527274172,1,Medium,16,120,66,19,High,3,0.40943238392273684,1.0542242164259275
20225,47,Male,Europe,Sports,13.872848780237971,0,Medium,10,119,72,49,Medium,1,0.2460204280114303,-0.28312539516268964
22130,35,Male,Europe,Sports,10.19953634866416,1,Medium,4,37,96,0,Low,3,-1.8201533960093879,2.1035003071563896
44499,15,Female,USA,Simulation,18.08002870445183,0,Medium,16,57,93,36,Medium,2,1.612038052332082,1.4382803289160475
11757,15,Female,Europe,Sports,21.65245578191552,0,Easy,3,101,87,34,Medium,2,1.8197418184031058,1.3979673055729391
19917,34,Male,Europe,Action,7.874386377315869,0,Easy,6,36,50,31,Low,2,0.09289375600786304,0.14628592103807758
37383,29,Female,Other,Simulation,8.579246364498777,0,Easy,18,101,37,27,High,0,0.9331220163670114,-0.7338589426685015
26847,38,Female,Asia,Sports,16.908184428668264,0,Medium,6,97,78,6,Medium,0,-0.9593216621910486,0.00841313087310186
42169,27,Male,USA,Action,19.71014233509805,0,Easy,10,119,57,18,Medium,0,1.0341567630805768,-0.31970379973453467
24296,46,Female,USA,Action,21.174593633222464,0,Easy,6,159,76,38,Medium,0,0.8739691295553323,-0.6114356535097194
33782,17,Female,Europe,RPG,17.27736992975119,0,Medium,12,121,60,32,High,2,1.2511919570288652,0.5013368018724548
36259,27,Female,USA,RPG,0.5728595865819042,0,Hard,4,98,46,11,Medium,1,-2.132441916692933,0.5528802627379195
9608,44,Male,USA,RPG,21.49074235791448,0,Medium,6,81,27,6,Low,0,-0.8526565876840401,-1.484266567439301
14757,19,Female,Europe,RPG,9.69085058082241,0,Medium,15,160,75,15,Medium,0,0.22631089996746578,0.49871648765431587
27826,31,Female,USA,RPG,2.2541537004344327,1,Hard,2,167,98,39,Low,3,-1.3681396040674636,2.6934847039883585
15705,42,Male,Europe,Strategy,8.600089965073689,0,Medium,2,36,35,4,High,1,-1.9960879426217188,-0.5303608398203484
14215,35,Male,Europe,RPG,21.572897895177025,0,Easy,1,141,10,41,Low,0,1.2770464947988331,-1.2746816751868064
22705,40,Male,Asia,RPG,12.297057443308947,0,Easy,7,17,47,29,Low,0,0.1003626885846,-0.3137939619652136
10731,32,Female,USA,Simulation,15.786657059317529,0,Medium,8,50,52,45,Medium,0,0.6951348226571773,0.23633589447524372
40252,20,Male,Asia,RPG,5.611580394760318,1,Hard,1,53,71,23,Low,3,-1.4190202014551192,2.8387966800810283
16388,30,Female,Asia,Strategy,3.665065171347937,0,Hard,9,143,99,41,High,1,-0.7214008607802781,1.4367658842976996
18003,24,Male,USA,Strategy,21.776282411400985,1,Medium,15,157,27,7,High,3,0.504573331993971,-0.11259698835194736
26999,45,Female,Europe,Action,7.666887226717228,0,Easy,14,104,43,48,High,0,0.7415279806114945,-0.9556944941028221
45506,29,Male,Europe,Simulation,8.302214200244022,0,Medium,4,109,46,11,Medium,1,-1.0318740966807063,0.038440955695981535
40421,33,Male,Europe,Simulation,14.938847697130225,0,Medium,15,38,79,7,Medium,0,-0.46027176181887464,0.18140709463063434
15056,47,Female,USA,Simulation,19.17186079595444,0,Easy,2,96,39,19,Low,0,-0.2291187370395075,-1.2132293930658624
28495,48,Female,USA,Action,16.14882794314048,0,Easy,17,28,66,14,Medium,0,-0.005754797707126089,-0.9897044233938724
35801,42,Male,USA,Strategy,3.879754301177432,0,Easy,4,79,78,27,Medium,2,-0.7436277778472515,0.3834542679546127
11322,30,Male,Europe,Simulation,15.611019205576378,0,Easy,19,29,72,1,Medium,0,0.34446253882284134,-0.2130710465862807
27986,31,Male,USA,Sports,0.4909328882394064,0,Easy,2,17,96,37,Low,2,-0.36210093932181264,1.8302239741686508
15814,23,Male,USA,Action,23.157642857635565,0,Easy,9,52,4,7,Medium,0,0.971871537975311,-1.22476835152356
14030,25,Female,Europe,RPG,9.568978008459766,0,Easy,17,133,69,37,High,2,1.4762029241471528,0.16609128845366822
29168,18,Male,Europe,Action,5.429694458107532,0,Easy,8,98,16,22,Medium,1,0.5074405336206026,-0.21682552090612875
42599,17,Female,Europe,Sports,5.792709409308211,0,Medium,6,144,97,9,Medium,1,-0.6879441253625233,1.5772912844580151
14676,42,Male,Asia,Simulation,18.68741056104737,0,Hard,19,149,92,36,High,1,0.1526648367396807,-0.1973047335098613
38513,39,Male,USA,Strategy,11.85638349936666,0,Hard,8,159,28,44,Medium,1,-0.3699052514687544,-0.7987411590643926
41452,23,Male,Asia,Simulation,11.185604074662908,0,Easy,12,101,51,31,Medium,2,1.1771500479000896,0.08717449866417117
32870,49,Female,USA,RPG,11.387026647189224,0,Hard,2,178,18,16,Medium,1,-2.1017915582767235,-1.5891211605033897
35688,29,Male,Europe,Simulation,11.256179789007607,0,Easy,4,85,20,20,Medium,0,0.13957441791923633,-0.6056245893011153
24337,18,Male,Europe,Action,5.212258199890406,0,Medium,7,70,54,26,Medium,2,-0.14712571466435698,1.0013142114395592
19490,35,Male,USA,Action,11.7744206048828,0,Medium,10,119,92,5,Medium,0,-1.0008812794170467,0.3397234825753229
14787,35,Male,Europe,Action,6.950139613843163,0,Easy,14,172,85,28,High,0,0.42836317591658685,0.008241913273054903
14466,26,Male,Europe,Sports,1.6353748617492787,1,Medium,13,22,80,44,Medium,3,0.025373750595995795,2.5313450397316886
47898,22,Male,Other,Action,9.35446243378114,0,Easy,13,141,59,15,High,0,0.6134314830064459,0.0014516704097603777
39304,46,Female,USA,Simulation,17.357005396685018,1,Medium,14,82,14,26,Medium,3,-0.17281538035452187,-0.7895016828177552
37035,20,Male,USA,Sports,12.58036186442434,1,Medium,3,57,69,36,Low,3,0.2783888503798071,2.4703758560591966
17617,24,Male,USA,Sports,5.213005190798245,0,Medium,2,55,80,38,High,2,-0.28191041022789387,1.696413568717125
42851,21,Male,Asia,RPG,0.2768151401550378,0,Easy,1,173,46,25,Low,1,-0.16526163684298056,0.49062066241540486
39509,22,Male,Other,Sports,10.198932976672408,0,Easy,1,38,26,17,Low,2,0.028293939493401542,0.16914718666906264
29279,17,Male,USA,Action,22.57013746177788,0,Medium,6,128,68,32,High,0,1.299226792626006,0.7623828055740565
25825,43,Female,Other,Strategy,15.405250571821448,1,Hard,14,174,32,31,High,3,-0.5454195306362525,-0.33505271065695214
47307,39,Male,Asia,Action,6.995611664399768,0,Hard,9,56,10,22,Medium,0,-1.5527912808994053,-0.9330950019015068
40159,18,Female,USA,Strategy,18.26575416200217,1,Easy,0,166,53,10,Low,3,0.46917592929430246,1.3172948759490426
34272,47,Male,USA,RPG,8.267206253709567,1,Medium,0,174,53,28,Low,3,-1.417756202358001,0.5422392209120606
18606,44,Male,USA,RPG,5.296692731556459,0,Easy,2,17,25,31,Low,0,-0.7024819233253649,-0.5724707892580845
11875,35,Female,USA,RPG,16.260669141666583,0,Easy,3,125,71,42,Medium,0,0.9520101593417652,0.23116087149086798
33194,47,Female,Europe,Sports,0.080513817149467,0,Hard,2,26,36,11,Low,1,-3.193297615888274,-0.2340289642902646
40946,42,Male,Asia,Strategy,22.27382245619601,0,Easy,17,92,53,2,High,0,0.33468694607920707,-1.5414138050747626
38223,27,Male,Europe,Sports,3.2640188455105257,0,Medium,2,139,91,12,Low,1,-1.378957654258733,1.2601379132337533
34166,18,Male,Asia,Strategy,8.17697801335272,0,Medium,12,167,78,42,High,1,0.9858985710021052,1.0307486432478734
45489,24,Female,USA,Simulation,15.842216617835756,0,Easy,16,18,67,34,Medium,2,1.6358153037762613,0.4588961047515228
15985,26,Male,Europe,Sports,3.045745351080521,0,Medium,4,114,34,11,Medium,1,-1.2409349486386823,0.034873255840521325
27400,23,Male,Europe,Strategy,9.89737663587396,0,Easy,16,138,63,6,High,0,0.43088429528539895,-0.17802902945030824
33924,19,Male,USA,Strategy,21.70461522574466,1,Medium,12,146,23,25,High,3,1.1925347530349752,0.3895481759324752
29904,30,Female,Asia,Action,14.72189427850497,0,Easy,12,59,19,18,Medium,0,0.6431042809619526,-1.027674063022052
29697,48,Female,USA,Strategy,0.121963513273136,1,Medium,17,20,93,43,Medium,3,-0.8519835712347192,1.65629334887151
35827,42,Male,Asia,Simulation,2.749510709316511,1,Medium,12,47,46,36,Medium,3,-0.8327193366842843,0.8443344439584138
41858,37,Male,Europe,Simulation,19.756502099289683,0,Hard,4,176,4,15,Medium,1,-0.9431355003145363,-1.6552250385846248
48407,35,Female,USA,Strategy,11.702642151566216,0,Easy,9,109,7,11,High,0,-0.09764620306746581,-1.5910690195430761
9734,40,Female,Other,Action,22.637952114880743,0,Medium,5,157,5,13,Medium,0,-0.276038345131269,-2.0061809821033476
46402,46,Male,USA,Simulation,12.417345355003905,0,Hard,19,152,13,38,High,0,-0.2610038151989358,-1.9811568579578678
24949,28,Male,Europe,Strategy,21.518025024140453,0,Medium,17,119,62,42,High,0,1.6905902883661459,-0.1903598639851318
16980,20,Male,Asia,RPG,1.565102086226597,0,Medium,15,138,74,1,High,0,-0.9004094887015638,0.5954594983944256
33935,23,Female,Europe,RPG,17.337260082966996,0,Medium,2,13,73,16,Low,2,-0.2515799920824615,1.1927525166590318
20626,42,Male,Asia,RPG,18.82855295575711,0,Easy,15,43,73,41,Medium,0,1.3068937794503874,-0.3209921044622325
37736,20,Female,Europe,Simulation,16.19414609222076,0,Hard,0,48,83,27,Medium,2,-0.521996679406579,1.8149095739523202
33857,38,Male,USA,RPG,16.070502396500668,0,Hard,14,85,84,46,Medium,0,0.16889158903862883,0.4485472879150163
27670,47,Male,USA,Sports,12.308988353456666,0,Hard,6,117,46,26,Medium,1,-1.5064045975036275,-0.7182576375462372
37601,31,Male,USA,Action,0.1522957768649515,0,Medium,0,142,90,15,Low,1,-1.749642842374148,1.2381971647110672
12564,21,Female,USA,Simulation,12.899000179583672,0,Medium,3,153,19,44,Medium,1,0.8470558907300407,-0.11047206873160378
28114,34,Male,Europe,Action,8.099260115757378,0,Easy,19,151,80,25,High,0,0.6788070669591628,-0.2486190053497764
41768,44,Male,Asia,Action,5.328921869809606,0,Medium,10,12,36,20,High,1,-1.3462281287489104,-0.5931396178123098
47633,17,Male,USA,Strategy,2.5563845765843096,1,Easy,7,27,67,28,Low,3,0.24820495411489193,2.544181435035346
25852,20,Male,Other,Simulation,2.708399558532106,1,Easy,7,123,29,15,High,3,-0.1568060532664653,1.0343696842486159
10402,47,Male,Europe,Strategy,22.937023718568184,0,Medium,9,81,46,17,Medium,0,-0.35478453089660705,-1.2527223086903603
20905,30,Female,Europe,RPG,14.290614690146136,0,Easy,15,80,77,48,Medium,2,1.7981885643610083,0.38577016092924454
31894,44,Male,Asia,Simulation,1.667965390426822,0,Easy,17,129,82,40,High,0,0.22389185230051525,-0.17384732849307263
24999,22,Male,Europe,Sports,18.429787731023307,0,Hard,4,62,44,34,Low,0,0.07592550714971873,0.6295991106629841
27524,24,Female,Asia,Sports,15.559283996451745,0,Easy,3,50,78,48,Medium,2,1.4738636406291434,1.2821597742553905
37086,26,Male,Europe,Simulation,20.16558026055685,1,Easy,0,49,40,28,High,3,0.7712843646158135,1.2390320066753244
24685,31,Male,Europe,Sports,7.156211706762015,1,Hard,19,82,98,22,High,3,-0.877228008638646,1.9985569360654543
46436,24,Female,Europe,RPG,3.992705389947568,0,Hard,8,22,25,17,Low,1,-1.423025538897243,0.3184670847225529
21515,47,Female,USA,Action,1.3946492738416412,1,Medium,3,159,49,32,Medium,3,-1.601025117728162,0.6139065069267197
32484,27,Female,Europe,Sports,2.8467811443059388,0,Easy,19,57,45,34,Medium,0,0.8612892156545353,-0.10021074170141635
36872,46,Female,USA,Sports,4.698827619427323,0,Easy,5,47,95,45,Medium,0,-0.22231389916221486,0.8220339107907793
36417,37,Male,USA,Action,13.99237229131781,0,Easy,9,60,16,20,Medium,0,0.22066479174853507,-1.2615082283121613
40411,41,Male,Europe,Sports,14.741569619889964,1,Medium,17,149,47,18,High,3,-0.2279503192017285,-0.21179776753511348
13962,23,Male,Europe,Action,8.360294832839966,0,Easy,2,127,78,6,Low,2,-0.4341428797958635,0.8374943408769829
17489,20,Female,USA,Strategy,18.10549856185268,0,Medium,13,77,52,19,Medium,0,0.7180627837432345,0.15460217897140624
27838,31,Male,Europe,Strategy,6.536307319977327,0,Easy,15,109,11,28,High,0,0.6357211505214443,-1.2507278811091058
29974,24,Male,Europe,Action,13.860224529504936,1,Hard,9,100,61,14,Medium,3,-0.858728511442074,1.5833957887379269
28240,24,Male,Asia,Sports,12.695783616405482,0,Medium,19,113,22,48,Low,0,1.6230469763824407,-0.6584891797788744
20348,47,Female,USA,Strategy,11.393709176245943,1,Hard,12,168,21,47,High,3,-0.5085075666566755,-0.3887675553804897
32685,29,Male,Asia,RPG,6.848247238399023,0,Hard,0,159,83,17,Low,1,-1.7493580727208442,1.1094417536751027
37836,16,Male,Asia,RPG,12.758300955931546,0,Easy,6,161,34,38,Medium,2,1.621865893320484,0.0819508880846451
33893,43,Male,USA,Strategy,18.68733067081945,0,Medium,11,96,58,14,Medium,0,-0.4762595308962138,-0.8518267182027458
11149,41,Male,Europe,Sports,8.68319573294876,1,Hard,8,125,31,23,Medium,3,-1.5814257861378118,0.285994374693855
24013,20,Male,Europe,Strategy,21.06835111071566,1,Easy,13,99,68,8,Medium,3,1.0687994828078806,1.1752552952386386
17279,36,Male,Europe,Strategy,0.4997700716707953,0,Hard,14,44,97,15,Medium,1,-1.9938589832138813,1.1066946714401122
22185,17,Male,USA,Strategy,6.783908494574621,0,Hard,10,23,6,14,Low,1,-0.9158702063897813,0.02526239942289701
38104,24,Female,USA,Action,13.14425545324363,0,Hard,3,80,49,10,Low,1,-1.2657771009316745,0.5190917831788823
14001,33,Female,Asia,Action,2.91494155624262,0,Easy,19,124,68,37,High,0,0.7795176278657415,-0.10007497222337633
47622,39,Male,Europe,RPG,22.67633776002301,0,Medium,2,131,61,37,Medium,0,0.3666484464778021,-0.2263149018931868
23335,29,Male,Europe,Strategy,12.989488128226158,1,Easy,9,94,80,33,Medium,3,0.8088384053315021,1.6875786134031163
44524,43,Male,USA,RPG,14.064695893533743,0,Easy,13,153,66,42,High,0,1.0280684166636935,-0.7314303222358395
23632,29,Male,USA,Action,7.883125038607041,0,Hard,1,60,11,35,Low,0,-1.0148731774644295,-0.007467071083289601
46050,33,Male,Asia,RPG,5.728851137908927,0,Easy,2,45,19,2,Low,0,-1.2077956446973739,-0.6073009884599551
28223,30,Female,USA,Strategy,4.57091381702893,0,Easy,7,28,30,1,Low,0,-0.9745130614715733,-0.34196859741744406
25041,47,Female,Europe,Strategy,5.61060178601482,0,Hard,6,30,71,20,Low,1,-2.3272731605464076,0.3079701823480949
14020,20,Male,USA,Sports,9.420729219338371,0,Easy,8,133,42,10,Medium,1,0.27527252065828317,-0.09634389965786135
23856,42,Male,Asia,RPG,14.609732609188264,1,Medium,12,104,56,3,Medium,3,-1.1493048532574464,0.18190416132607826
27134,22,Male,USA,RPG,2.1670235155526623,0,Easy,5,118,14,23,Medium,1,0.026633224307747262,-0.3019428030489715
27618,24,Female,Other,RPG,15.214229721195828,0,Hard,10,63,58,37,Medium,0,0.17425232630243012,0.711139990085408
45023,24,Female,Asia,RPG,17.336274246696195,1,Medium,1,109,1,7,Low,3,-0.5523908357114987,0.2060570287947995
40073,33,Male,Europe,RPG,17.184696903804717,1,Hard,14,17,58,19,Low,3,-0.6781943441909954,1.165489041714961
36824,27,Female,USA,Simulation,7.762770394678976,0,Easy,8,125,72,0,Medium,1,-0.5424937180111312,0.22280916357007757
38724,15,Male,Europe,Sports,22.04615787133573,0,Easy,1,63,24,15,Low,2,1.0935834234816189,0.010065157851307679
38820,31,Female,USA,RPG,14.332662182664585,0,Easy,18,18,70,34,Medium,2,1.338149328835676,0.15312845816991144
10647,29,Female,Europe,Strategy,8.094082801478471,1,Hard,16,139,1,35,High,3,-0.21177767442892165,-0.0775518843032663
26977,45,Female,Asia,Strategy,12.62349445105904,0,Hard,15,145,95,41,High,1,-0.4233982371123324,0.13158618474377368
12000,39,Male,USA,RPG,6.533978796406122,0,Easy,1,135,14,21,Low,0,-0.6478931222015378,-1.141181466375826
38394,16,Male,USA,RPG,7.858806156019106,0,Easy,7,164,49,14,Medium,1,0.46097094904539854,0.2541452457432879
11772,18,Male,Europe,Sports,8.700353867204548,0,Medium,17,16,29,15,Low,0,0.17501009947690405,0.01928317133641785
43478,20,Male,Europe,Sports,7.772579469525437,1,Easy,13,59,45,6,Low,3,0.06909463753240577,1.1599838336922201
43899,22,Female,Asia,Simulation,18.25226882604808,1,Hard,2,149,37,23,Medium,3,-0.4175269662223836,1.2135785296941448
35517,46,Male,USA,RPG,23.717865360312373,0,Hard,6,68,5,6,Medium,1,-1.4166649347832563,-1.9187872880066108
33726,49,Female,Asia,Simulation,19.121715192834813,0,Easy,0,22,5,2,Low,0,-1.0843400503774998,-1.869422321917744
23290,18,Male,Europe,Simulation,8.998493670975016,1,Hard,8,128,82,5,Low,3,-1.3037693161428368,2.3123775611422888
28237,47,Female,USA,RPG,16.755704632823093,1,Easy,14,53,21,43,Medium,3,0.9512866929349014,-0.5395581861800127
33082,49,Female,Other,Strategy,6.086682348547599,1,Easy,5,89,81,17,Medium,3,-1.293347261737086,0.982154217781724
47274,31,Female,USA,Simulation,22.023189219474027,0,Easy,10,120,85,27,Medium,0,1.310851654685589,0.14588817715293712
28025,49,Male,Asia,RPG,10.494538443892308,0,Easy,9,129,3,36,Medium,0,0.16187824622807032,-2.130511789967798
22849,33,Female,Europe,RPG,2.9089990755048643,0,Easy,8,68,42,15,Medium,0,-0.6216463122030654,-0.22401061875971048
47056,34,Male,USA,Simulation,21.781889798367374,0,Easy,10,42,92,2,Medium,0,0.1563651374036383,0.21880531148945895
23131,24,Female,Europe,Strategy,18.068594082544145,1,Easy,8,33,67,30,Medium,3,1.1418258339931524,1.7425037758472486
17435,24,Male,Europe,Action,15.743024127071452,1,Easy,13,149,16,48,High,3,2.1120855171930253,0.1768789909370328
32581,37,Male,Europe,RPG,11.501892438207571,0,Medium,7,175,6,36,Medium,0,0.045018756656940724,-1.456268664554622
34924,42,Male,USA,Simulation,21.7248840235956,1,Easy,2,133,79,49,Medium,3,1.122373842162268,1.1192708800502313
31026,15,Male,Other,Strategy,11.59428038292504,0,Medium,8,178,85,16,High,1,0.2078647565193621,1.0958431898092078
29351,46,Female,Asia,RPG,6.244278613653111,0,Medium,15,142,25,40,High,0,-0.2024385808976056,-1.4772188675899598
15600,46,Male,USA,Simulation,6.158463857868285,0,Easy,17,161,21,41,High,0,0.6056397826553608,-1.878423707004873
21528,36,Female,Asia,Simulation,19.549285216247377,0,Easy,6,16,58,20,Low,0,0.3710555538709595,-0.12298643833395123
39467,30,Male,USA,Strategy,5.461605164884316,0,Medium,13,12,43,47,Low,1,0.3688025123548841,0.3698495181786624
28948,22,Female,USA,Sports,3.693708237597267,1,Medium,11,49,38,44,Medium,3,0.3222332606116861,1.697746966451005
21110,39,Male,USA,Strategy,12.774827499895927,0,Easy,18,44,64,35,Medium,0,0.9739716420173946,-0.4079343872017861
18284,47,Female,Europe,Action,5.269335204292219,0,Medium,18,172,8,32,High,0,-0.3804857890802054,-2.2064479070243435
30541,20,Male,USA,Strategy,16.49087852668383,0,Hard,4,152,47,49,Medium,1,0.6828368132029533,0.6448668973602607
10392,34,Male,Other,Action,11.936888398418214,0,Medium,16,139,5,25,High,0,0.2253887334404858,-1.7016547677548108
41572,40,Male,Europe,RPG,1.429725900321837,0,Medium,15,102,3,48,High,0,-0.013879737996679782,-1.317865143547131
9816,41,Female,USA,Action,8.034741991375771,0,Easy,17,55,25,15,Medium,0,-0.13715811791861948,-1.4543326446316922
32062,39,Male,Europe,Strategy,18.674984947246305,1,Easy,4,76,20,47,Medium,3,1.0759434329120234,0.13649389880579535
41686,29,Female,USA,Strategy,20.187172204906943,0,Easy,16,52,2,20,Medium,0,1.35008637224725,-1.6343834577298495
33529,47,Female,USA,Simulation,0.1848672293270157,0,Medium,8,122,81,8,Medium,1,-2.2721309430761605,-0.051258220896423484
14525,38,Male,USA,Action,13.632375635163427,0,Medium,1,144,77,48,Medium,0,0.13233889638862203,0.532963336455516
24211,28,Female,USA,Action,21.3756816643795,0,Easy,10,49,36,44,Medium,2,1.9755760103550384,-0.3440045640189087
43928,17,Male,Asia,RPG,7.328501183659006,0,Easy,19,46,10,9,Medium,0,0.7205593229095968,-0.7515030724442083
42486,28,Male,USA,Sports,9.747448446669363,0,Medium,2,175,20,13,Low,1,-0.8007184620873642,-0.6925975244165021
29831,18,Male,USA,Sports,2.507227557004072,0,Medium,19,133,42,32,High,0,0.6060893857392458,0.11180339559348274
17305,47,Male,Europe,Simulation,10.774017219621992,0,Easy,6,60,2,42,Medium,0,0.23504297830930176,-1.607141991644396
17639,45,Male,USA,RPG,8.740474612311775,0,Easy,4,142,99,21,Medium,0,-0.6990388206839726,0.271972802330516
46187,33,Male,Other,Simulation,16.170595314723528,0,Easy,7,88,28,23,Medium,0,0.562611949399493,-0.8574799795332052
13859,32,Female,Europe,Simulation,11.149473863558304,0,Easy,10,58,54,22,Medium,2,0.3076545367857587,-0.1073044014158047
20237,19,Female,Europe,Simulation,17.06387526790639,0,Medium,6,52,91,6,Medium,2,-0.22646103883032634,1.3687787461741192
9740,34,Male,Asia,Action,18.84412131863381,0,Medium,8,81,94,49,Medium,0,0.9479741332164202,0.9216336886614702
13741,42,Male,USA,Sports,17.069977469437077,0,Easy,15,115,54,36,High,0,1.128352663502143,-1.0336193559501978
26470,26,Female,Asia,Simulation,7.853079907193353,0,Easy,4,129,86,26,Low,2,0.21984736783080316,1.001977269122637
30581,42,Male,USA,Sports,3.7594911398665847,0,Easy,8,168,98,7,Medium,1,-1.1722472921743445,0.1131024535454648
12095,48,Male,USA,Simulation,18.93262982069789,0,Hard,1,53,39,6,Low,1,-2.1512847494201166,-0.846518590634953
45243,46,Female,USA,Sports,11.021363964967303,0,Easy,0,21,52,15,Low,0,-1.106569055125608,-0.3117080737767836
33779,33,Female,USA,Strategy,8.594652005075648,0,Medium,10,62,95,21,Low,0,-0.6376548327621321,0.976268067314124
44390,20,Male,Other,Sports,6.729120262418518,0,Easy,17,159,9,48,High,0,2.003513607924823,-0.8587009385477725
40542,37,Female,Asia,Action,4.563093846292742,1,Easy,12,98,92,24,Medium,3,-0.28047049122252243,1.5769478845729896
48908,45,Male,USA,Simulation,19.102827092480425,0,Medium,15,168,47,26,High,0,0.2170069300087835,-1.5340432596832116
38421,41,Male,Asia,Simulation,20.35421347475273,0,Hard,7,107,45,35,Medium,1,-0.3425543061680368,-0.5899514202997811
19545,17,Female,USA,Simulation,20.20455999190895,0,Easy,6,105,75,17,Medium,2,1.202593756700292,0.7569659376739108
18535,17,Male,Other,RPG,5.638654734977317,1,Easy,2,21,80,41,Low,3,0.6410234979486419,3.1200840722961334
40589,32,Male,USA,Simulation,23.088399854434428,0,Easy,13,139,66,14,High,0,1.0800345291876845,-0.6923566146893478
18920,40,Male,Asia,RPG,2.685084032229973,0,Medium,6,15,34,20,Low,1,-1.5586620381080398,-0.21927466430645384
28415,22,Female,USA,Strategy,18.01042434643754,0,Easy,2,48,6,48,Low,2,1.7668180004221372,-0.2595730183190663
31053,34,Female,USA,Simulation,17.856487771627044,0,Easy,10,130,60,18,Medium,0,0.6239916303648336,-0.5744963216827625
46305,18,Male,USA,Strategy,21.089559067684988,0,Hard,6,174,8,27,Medium,1,0.47418336774725606,-0.6602415824723664
40150,38,Female,USA,Action,15.681671964060996,0,Easy,15,64,84,13,Medium,0,0.2672363735923011,-0.16754685379443038
35713,21,Male,Asia,RPG,18.54500347912597,0,Easy,12,151,40,8,High,0,1.016577440696823,-0.6996679797180948
36739,42,Male,Asia,Sports,11.244832870233491,0,Easy,16,136,66,43,High,0,1.0469924462227915,-0.6568884378754651
38655,44,Male,USA,Action,7.427332812339425,0,Easy,17,125,64,33,High,0,0.3832033451151742,-0.7927446915131694
34889,18,Male,Other,Action,9.017174853990038,1,Easy,13,121,54,21,Medium,3,0.847611549559298,1.3325764696994336
22252,16,Male,Other,Sports,8.320933327762889,1,Easy,9,90,73,21,Medium,3,0.6104268354860967,2.1642510830417026
39617,47,Female,Other,RPG,10.786882187083066,0,Medium,13,100,82,11,Medium,0,-1.213610147234302,-0.41478304045703157
12049,26,Male,Asia,Simulation,8.523839952469613,0,Easy,11,118,45,20,Medium,0,0.45289479502968316,-0.25295366632702676
33186,31,Female,Europe,Simulation,15.871858898690244,0,Easy,2,80,17,28,Low,0,0.5511338800907039,-0.7080177103379975
34469,46,Male,USA,Sports,5.27770501510539,0,Medium,4,175,35,32,Medium,0,-1.0956671802324482,-0.9713829591671389
23786,23,Female,Asia,Action,18.5434244886818,0,Medium,13,91,34,49,Medium,0,1.7430504047294526,-0.15155706439666802
44765,37,Male,Asia,RPG,2.966824945463536,0,Easy,6,35,28,15,Low,0,-0.9147364880035386,-0.5147417992072827
37957,48,Female,USA,Strategy,20.04571665391783,0,Easy,10,103,7,38,Medium,0,0.938291475337827,-2.175712444767742
42554,43,Male,Asia,Action,0.9380351482172068,0,Easy,16,94,13,15,High,0,-0.68861053340347,-1.7341509967044817
40657,23,Male,USA,Strategy,17.79284167048344,0,Medium,9,80,81,19,Medium,0,0.3283838305457517,0.8314163293205237
36054,32,Female,USA,Action,15.223854145978269,1,Easy,3,59,47,49,Low,3,1.0968014410555644,1.2979369148439632
33245,23,Female,Europe,Strategy,21.568408326474525,1,Medium,12,163,3,11,Medium,3,0.5609040635860294,-0.4549430286461343
34771,36,Female,Asia,Strategy,17.097806880781803,0,Medium,18,95,27,0,High,0,-0.3903952803813372,-1.610908003991507
18975,42,Male,USA,Sports,5.889588048087198,0,Medium,14,170,61,13,High,1,-1.0919857693464392,-0.813285793749884
46604,34,Female,Europe,RPG,21.44281656127773,1,Easy,8,109,49,19,Medium,3,0.6803384859011581,0.36279226613825005
37434,44,Male,USA,RPG,3.7378737270049065,1,Medium,7,165,37,38,Medium,3,-0.8681239720189514,0.28959932117774306
41227,16,Female,USA,Action,23.563782943787025,0,Medium,5,99,15,15,Medium,0,0.7783095510335682,-0.42722363399646907
12619,43,Male,Asia,Sports,23.320922401944934,1,Medium,0,62,71,48,Low,3,0.32210582439314633,1.3661142555852581
15186,49,Male,USA,Strategy,15.729256091387896,0,Medium,12,167,34,16,High,0,-0.6800328524401767,-1.8935738837671314
40276,19,Female,Europe,Simulation,20.373270290896965,0,Easy,0,54,74,40,Low,2,1.5795828336879847,1.3251461920635041
37860,41,Male,Asia,Action,11.855675060558568,1,Easy,2,134,98,2,Low,3,-1.2217495251999937,1.3799557312796535
25174,31,Female,USA,Sports,12.887629796694483,1,Easy,17,179,84,31,High,3,1.167989389160907,0.9931803605525105
19592,16,Male,Other,Simulation,4.718545717947556,1,Easy,15,93,10,27,Medium,3,0.9801411204840463,0.6422700868832979
21790,30,Female,Asia,Action,10.75841036806871,1,Easy,17,163,68,30,High,3,1.0292760082002923,0.7916473639580659
16679,32,Female,USA,Action,7.058932477552774,0,Easy,1,166,65,20,High,1,-0.38069510712605975,0.18919456344255822
10451,42,Female,Asia,RPG,4.27754927113061,0,Medium,4,26,64,32,Low,1,-1.2320926396166856,0.48151502786814676
35161,36,Female,Europe,Simulation,3.5093393152107355,0,Easy,14,179,57,6,High,0,-0.5923214510031419,-0.8264992707186489
14815,18,Male,USA,Simulation,16.36224096092642,0,Medium,3,169,82,41,Medium,0,1.038178838609918,1.2588098688735925
48235,21,Female,Asia,Simulation,23.02030958871504,1,Hard,11,125,29,25,Medium,3,0.46652645424498623,0.6833750354816992
40052,49,Female,Europe,Sports,10.453751014892209,0,Easy,8,10,69,13,Low,0,-0.9660458676002728,-0.3713745111244193
30622,21,Male,USA,Sports,11.57772986557816,1,Easy,10,99,44,19,Medium,3,0.6525379864137059,1.0888655771030438
11743,26,Male,USA,Simulation,7.307187086686754,1,Medium,7,123,14,19,Medium,3,-0.5758755210550006,0.49340205451038643
38634,42,Male,USA,Simulation,23.644417807017746,0,Medium,3,125,76,29,Medium,0,0.04249428507230828,-0.157739386446647
10503,45,Female,Other,Action,22.29016477157761,0,Easy,9,43,60,33,Medium,0,0.8351617823522183,-0.6776149441494231
19026,48,Male,USA,Sports,3.685060735935732,1,Hard,11,27,6,16,Low,3,-2.4091526451814103,-0.28281376740244024
20257,37,Male,USA,Sports,10.756073600747085,0,Medium,6,167,46,6,Medium,1,-1.2004713987246416,-0.7696298327261508
39789,27,Male,USA,Action,1.3655192510023584,0,Medium,10,129,83,34,Low,1,-0.30509715488924033,1.0580170902904047
17087,21,Male,Asia,Simulation,12.362438358400684,0,Easy,9,161,49,49,High,2,1.9154902606061035,0.17988860956976863
32832,31,Male,USA,Simulation,16.76712984544958,0,Easy,12,85,39,46,Medium,2,1.7548556969749305,-0.4968725900232148
44037,17,Female,Europe,Strategy,21.133130603889647,0,Medium,12,75,23,49,Medium,0,2.1135059143651547,-0.0820365829948909
32149,29,Female,Other,Action,8.784888161432317,0,Easy,13,46,1,18,Medium,0,0.33952037194315254,-1.2134348556643788
11531,25,Male,Asia,Simulation,8.207349787537556,1,Easy,18,46,65,37,Medium,3,1.2181435559054188,1.5184943810657354
39582,16,Female,Asia,Sports,16.2577948022261,1,Medium,12,164,14,19,High,3,0.7680105967171532,0.34624715642377046
43682,34,Female,USA,Simulation,9.106622250137043,0,Medium,13,56,76,20,Medium,0,-0.5078524792599749,0.37413314176496154
35474,27,Male,USA,Sports,14.336647863171232,1,Easy,5,168,17,48,Medium,3,1.4993027128570802,0.3607765520231315
39969,22,Male,Europe,Sports,9.040610587515056,0,Easy,12,107,79,46,High,2,1.5829860656766968,0.9527518991452756
35929,44,Male,USA,RPG,11.144484312193184,0,Hard,17,100,21,25,High,0,-0.9143844874554057,-1.5162563166205008
9857,26,Female,USA,RPG,3.442169847230637,0,Easy,0,119,74,29,Low,2,-0.17722384562543353,1.0926994900084999
19742,28,Male,USA,Action,1.7497671594917623,0,Easy,1,177,1,15,Low,1,-0.6534927756927258,-1.0096718691147322
11907,36,Male,Asia,Sports,19.94694736249634,1,Medium,18,106,77,31,High,3,0.7589558660414306,0.8148566912838302
43726,35,Female,Europe,RPG,13.344059402933752,0,Easy,2,121,27,45,Low,0,0.8629998536579019,-0.5892608200957005
21066,15,Female,Europe,RPG,12.33777967840664,0,Easy,8,115,33,23,Medium,2,1.1398893848066292,0.06052958385123497
41422,30,Male,Asia,Strategy,17.4043725787826,0,Easy,4,178,66,46,Medium,0,1.5129743897870125,0.11359943538444997
9109,46,Male,Other,Strategy,18.55396821448505,0,Easy,12,96,2,21,Medium,0,0.4106455864603886,-2.384024570759648
31342,36,Female,Other,RPG,12.760482719942017,0,Easy,2,141,78,43,Medium,0,0.6675586839759178,0.4273656244650333
13569,40,Female,USA,RPG,22.182556289694777,0,Medium,6,144,15,46,Medium,0,0.9007185093548404,-1.4224834336664711
30501,28,Female,Europe,Sports,19.513904703359803,0,Medium,15,80,45,4,Medium,0,0.05505718426907778,-0.668589449337275
37200,48,Male,Asia,RPG,4.148314663252845,0,Hard,14,32,73,23,Medium,1,-1.9464150138758538,0.030050268868579925
35874,28,Male,Asia,Action,8.877932527178414,0,Easy,10,147,19,49,High,0,1.457075305768334,-0.7162975105400604
49008,29,Male,USA,Sports,20.91192343521137,0,Hard,3,11,7,37,Low,0,-0.011688746693872296,-0.32731815758995453
33867,30,Male,Europe,Strategy,17.646973588993188,0,Medium,17,17,28,49,Medium,0,1.5046195930728885,-0.47078589009160154
15432,48,Male,Europe,Sports,9.764312699161913,1,Easy,13,159,65,6,High,3,-0.8673387552524556,-0.15756753195930454
12028,24,Male,USA,Strategy,16.49690682970427,0,Hard,12,61,29,20,Low,0,-0.2098348995232749,-0.22694029050846304
46263,34,Male,Asia,Strategy,21.143749917558207,0,Easy,9,26,55,17,Low,0,0.6287090630936897,-0.3369485276987591
48983,22,Male,USA,Action,2.875217911779532,0,Medium,12,65,5,21,Medium,0,-0.3362485029266506,-0.46804171572185754
20658,24,Male,Other,Sports,22.41898344445284,0,Medium,9,30,48,19,Low,0,0.5791583226248375,0.1114179751733667
27923,32,Male,Asia,RPG,17.022810768836823,0,Medium,2,143,97,15,Medium,0,-0.5471645923955814,0.7962616054324243
9729,44,Male,USA,Sports,2.505890057492927,0,Medium,8,157,39,47,Medium,0,-0.48284848306655653,-0.656250148545951
26125,24,Male,Europe,RPG,14.274980222092276,0,Easy,2,176,40,18,Medium,1,0.47397807679791204,-0.29610100230748415
31098,41,Male,Europe,Sports,23.46889133075185,0,Hard,1,56,85,0,Medium,1,-1.8211673905036443,0.3199480832793934
44173,34,Male,Other,Action,1.7882006774590398,0,Easy,0,176,47,49,Medium,0,0.20449107220535798,0.13485358509385983
41800,27,Female,USA,Action,22.714727967114698,0,Medium,6,167,36,43,Medium,1,1.378467418278367,-0.47303609019012394
37034,47,Male,Europe,Action,18.356693326374547,0,Easy,18,83,66,38,High,0,1.174489479107202,-1.0158642321773788
35620,35,Male,Asia,Action,15.848623574406329,0,Hard,4,103,16,21,Medium,1,-1.0223495826339986,-0.8358414212871238
24538,21,Female,USA,Action,6.879022405434631,0,Medium,1,19,76,43,Low,2,0.04328599328165761,1.936931113155295
43759,23,Male,USA,Simulation,18.207732156311685,1,Easy,9,61,93,33,Medium,3,1.3554486012660663,2.248869811101406
28511,46,Female,Europe,Sports,16.90570911943194,1,Medium,16,60,72,42,Medium,3,0.3685947624695126,0.6923541472796726
30925,25,Male,USA,Action,11.20900991222796,0,Easy,18,124,93,35,High,2,1.5237435885687773,0.6331607565554901
33048,23,Female,USA,RPG,18.03165200091861,1,Easy,16,144,18,33,High,3,1.916853053318535,-0.054795030672928347
36779,44,Male,USA,Simulation,10.38812427954121,0,Easy,4,55,16,22,High,0,-0.5131981262120389,-1.240656769691744
16729,33,Male,Europe,Sports,23.72721721342603,0,Easy,13,140,42,41,High,2,2.085752913031743,-1.024327980849549
18473,35,Male,Asia,Sports,4.851056728442506,0,Easy,4,157,76,12,Medium,1,-0.8161017229385966,0.18218263163106033
43112,30,Male,Europe,Sports,0.2289122870676854,0,Easy,11,128,37,7,Medium,1,-0.7237625222607238,-0.5657448801736821
41075,18,Male,USA,Action,20.05357312615622,0,Hard,9,152,95,13,High,1,-0.08991386745128958,1.140407453262718
21880,23,Female,Europe,Sports,10.23845446259907,0,Hard,5,61,52,24,Medium,1,-0.8437695031801049,0.8466637886611205
38067,36,Male,Europe,Strategy,9.058046065413713,0,Medium,18,35,65,10,Medium,0,-0.7088625889709628,-0.19778059497339698
13291,49,Female,USA,Sports,14.996819770157591,0,Medium,5,138,16,2,Medium,0,-1.6105496300709072,-2.011171109026853
34458,28,Female,Other,Strategy,1.9961281075507475,0,Easy,3,74,27,3,Low,0,-1.1360580853623115,-0.23507547364403203
47889,42,Male,Europe,Strategy,19.73420498185844,0,Easy,6,92,2,13,Medium,0,0.055349692629073584,-2.039959662079279
39410,28,Male,Asia,Action,9.853450577221448,0,Medium,16,128,9,8,High,0,-0.2952822948077167,-1.4023830880286772
30155,45,Female,Asia,Simulation,13.152641787957249,0,Medium,16,13,60,2,High,0,-1.2225039417258383,-0.7578252607951715
15604,20,Male,USA,Strategy,5.64381537697082,0,Medium,1,76,77,35,Low,2,-0.21209029490663062,1.7349267030443811
30848,47,Female,USA,Simulation,1.813693541119832,0,Easy,18,26,62,22,Medium,0,-0.5977538596398733,-0.5912390496808384
27036,38,Female,USA,Action,3.9298514025443865,1,Medium,9,148,83,35,High,3,-0.6909482921505808,1.5527935392765404
45502,49,Male,Asia,Strategy,19.237902264661933,0,Hard,12,98,18,23,Medium,1,-0.9032892314250425,-1.8426990215589727
19708,34,Female,Asia,Action,10.45418601149032,0,Easy,4,169,70,3,Medium,1,-0.692092876328187,-0.19872881000897458
16264,34,Male,USA,Strategy,22.100168456063457,0,Easy,0,143,82,5,Low,0,-0.08496642145122656,0.042972764387660484
45476,42,Male,Asia,Simulation,10.520409156690404,0,Medium,19,139,17,7,High,0,-0.7154487319436942,-2.0812934917715924
47385,17,Female,Europe,Action,18.296937366254856,0,Medium,19,35,72,36,Medium,2,1.69706712346653,0.8251702003881806
22205,16,Female,USA,RPG,18.825540038479268,0,Easy,15,82,65,49,Medium,2,2.750728104633747,0.6537454179611717
13520,45,Female,Other,Strategy,23.48869291523133,0,Easy,1,57,42,10,Low,0,-0.2822164465114774,-1.0667821072764827
17725,18,Female,Other,RPG,8.194195774057683,0,Easy,18,42,72,49,Medium,2,2.0355925433473843,1.0389259665549349
23111,47,Female,Other,Simulation,9.181437394980046,0,Easy,11,26,5,38,Low,0,0.19277531889439076,-1.6151467554533965
28742,44,Male,Europe,RPG,2.1752433457476954,0,Hard,5,16,31,20,Low,1,-2.4518907247397546,-0.25827791165300984
13168,27,Female,Other,RPG,5.45274241617537,0,Easy,9,175,42,10,High,1,-0.18188419420145727,-0.5245079921935892
38874,46,Male,Asia,Simulation,21.52249360074796,1,Medium,16,88,61,49,High,3,0.9865997588635771,0.2798999496026703
43345,24,Female,Asia,Strategy,16.424537875957235,0,Easy,7,57,48,21,Medium,2,0.8187322380155421,0.1107256956390044
15549,22,Male,Europe,Simulation,13.807782587805178,0,Medium,10,73,3,47,Medium,0,1.2527969307238251,-0.49407804445910497
19012,47,Male,Asia,Simulation,11.144131626887445,0,Easy,2,98,79,43,Medium,0,0.03625556134066399,0.14444923569803525
25337,44,Female,USA,Simulation,16.940283338727113,0,Easy,7,174,29,21,Medium,0,0.19313229034706156,-1.7327256553591934
47794,35,Male,USA,Sports,19.45248239208416,0,Hard,19,159,52,44,High,0,0.8537485472819492,-0.7450798434474515
44775,47,Female,Asia,Action,0.0362940934938604,1,Medium,0,85,36,31,High,3,-1.965822261278331,0.766179943101313
17718,45,Male,USA,Action,4.1019940171790426,0,Medium,5,22,99,36,Low,1,-1.226762095921836,1.1461376383185697
34577,41,Male,Other,RPG,9.29870714747046,0,Easy,12,170,70,14,Medium,0,-0.25377538575160935,-0.7271270320712625
48283,18,Female,Europe,RPG,22.672992974748045,1,Medium,12,135,5,13,Medium,3,0.8785638893919515,-0.07424762091486438
11814,24,Female,Asia,Simulation,17.109897415488874,0,Easy,1,107,44,31,Low,2,0.9857015229949205,0.16211778595821277
17194,17,Male,Asia,RPG,14.7301546704607,0,Medium,9,58,33,29,Medium,0,0.7668565790913534,0.3078605551020199
31896,26,Male,Europe,Action,13.871312421850895,0,Easy,8,132,36,30,Medium,2,1.0517704648559112,-0.4278331058875788
30082,39,Female,Europe,Sports,14.36037580453966,0,Hard,2,41,52,13,Low,1,-1.8138045757456311,0.07208299676550418
46865,35,Female,Asia,Simulation,16.713273042795137,0,Hard,5,17,8,5,Low,1,-1.5903955689357632,-0.9080026949186113
15648,45,Male,Europe,Simulation,1.1114822889555978,0,Medium,18,15,9,10,Low,0,-1.5803009579003877,-1.5843416172660896
32359,43,Male,Asia,Action,9.551136827589694,1,Medium,11,56,29,21,Medium,3,-0.9680709744622534,0.08160411012183164
11825,18,Male,USA,Simulation,4.506710722568949,0,Medium,9,55,70,18,Medium,2,-0.4204903656804328,1.2727696330563005
38646,25,Male,Asia,Action,3.952760869002224,0,Medium,4,58,22,9,Low,1,-1.2672816917404455,-0.013391181972157322
16324,23,Male,USA,Strategy,11.534824951196544,0,Medium,5,95,5,13,Medium,1,-0.3992463309787681,-0.6563091856519071
29770,37,Male,Europe,RPG,10.629886932665157,0,Medium,10,168,82,1,High,0,-1.2283716193144967,-0.18120255728053408
46589,34,Male,Europe,Strategy,18.411323403285543,0,Hard,2,145,52,30,Medium,1,-0.5782349710310958,-0.037741162475520715
47410,45,Male,USA,RPG,18.846899631902943,0,Hard,8,123,80,36,Medium,1,-0.5513149311861285,-0.04507216516548327
30459,27,Male,Europe,RPG,6.184735927560199,0,Easy,18,179,17,1,High,0,0.04962661932458318,-1.5956360080004632
37005,20,Female,USA,Simulation,1.1021945334034775,0,Easy,9,152,37,0,Medium,1,-0.5670631926394857,-0.19943165214137826
29077,40,Male,USA,Action,3.490314995255905,0,Easy,3,117,19,46,Medium,0,0.07475571181710798,-0.7505099271634967
45977,45,Male,Europe,Simulation,18.47531258741566,0,Easy,12,59,4,24,Medium,0,0.5034402537136227,-2.1138358281472933
21649,22,Male,Asia,Sports,6.0989342538658375,0,Easy,1,10,75,47,Medium,2,0.7250288512912733,1.800397150658191
32208,42,Male,USA,Simulation,11.816032437114828,0,Easy,12,30,80,0,Medium,0,-0.8270372423672001,-0.21237630457994802
47039,30,Female,Europe,Action,12.49504790559794,0,Easy,2,107,85,16,Low,2,-0.12341753842547354,0.7320832644916131
26931,47,Female,Asia,Strategy,17.40103356399446,0,Easy,7,29,51,0,Low,0,-0.8787311827239137,-1.0379436584067012
40540,41,Male,USA,RPG,11.966034467905718,0,Hard,6,38,1,21,Low,0,-1.5017449497611983,-1.1788625752767674
10398,47,Male,Other,Simulation,7.945109612870445,0,Hard,15,60,97,34,Medium,1,-1.193364082648256,0.4728021007017078
9465,43,Female,Europe,Strategy,16.015709473348025,0,Easy,17,158,36,27,High,0,0.875708159050708,-1.8020613975232436
33825,24,Female,Asia,Sports,6.13611781035904,1,Easy,5,156,53,33,Medium,3,0.4635783693989612,1.430585592643004
12018,41,Male,Europe,RPG,0.1148734178343913,0,Medium,7,122,25,28,Medium,0,-1.2822008644008995,-0.7785968078423935
14288,21,Male,Europe,Sports,8.758663714347847,0,Medium,18,71,4,20,Medium,0,0.390850227172117,-0.8929063005514349
43444,31,Male,USA,Sports,20.91377363900169,0,Easy,14,79,19,16,Medium,0,1.08101645097311,-1.4286106988737608
35112,18,Female,Asia,Simulation,21.864639687000363,0,Hard,16,44,5,43,Medium,0,1.452060346460107,-0.49851365003363235
18062,34,Male,Europe,Action,8.041657591997778,0,Hard,11,46,25,4,Medium,0,-1.848094770348921,-0.6184818354737526
44158,18,Female,Other,Action,17.309717251517505,0,Medium,2,115,25,7,Low,1,-0.16705618640632805,-0.14243723215805268
34313,23,Male,USA,Action,21.339568207690743,0,Easy,5,95,49,21,Medium,2,1.140969762771722,-0.019150296327967994
31969,49,Male,Asia,Action,5.615327287372501,0,Medium,15,119,67,46,High,1,-0.2424958777450555,-0.5053656386915045
18317,36,Male,Asia,Strategy,5.778674388252442,0,Easy,17,170,25,46,High,0,1.1868861379090823,-1.2907751497885176
31617,43,Female,Asia,Simulation,6.816509863437015,0,Easy,11,60,75,8,Medium,0,-0.9272534376902699,-0.22810536384526545
14373,30,Female,Asia,Sports,19.13719919445427,0,Hard,0,100,34,15,Low,1,-1.0391722369144816,-0.16600220410406652
17760,26,Female,Europe,Sports,19.18692899410386,1,Medium,12,86,49,30,Medium,3,0.7918985966719557,0.9999627722919654
28640,37,Female,Asia,Strategy,9.28255520105419,0,Medium,15,34,40,0,Medium,0,-1.218582623356899,-0.7845577712057941
29148,42,Female,Asia,RPG,12.302481683042403,0,Medium,16,111,16,16,High,0,-0.4618036195334618,-1.8237198299387445
33883,25,Male,USA,Sports,20.030236442273125,0,Easy,2,81,91,40,Medium,2,1.420536512909357,1.2432780979759264
39882,17,Male,Europe,Strategy,20.99652840465564,0,Easy,12,145,54,47,High,2,2.7274428303564155,0.1589325805295941
17925,36,Male,Europe,Simulation,0.5278339448262663,1,Easy,9,18,42,32,Low,3,-0.42032901411727525,1.1336433854404744
34994,33,Male,Asia,Strategy,6.579517686870005,1,Medium,0,159,34,29,Low,3,-0.9021906215041376,0.8905301230237903
28411,19,Male,Europe,Action,8.726069615886868,0,Easy,1,59,6,37,Low,2,0.8279915587516307,0.02358957349887315
43439,19,Male,USA,Action,20.248305938573687,1,Easy,18,155,93,14,High,3,1.570811426306608,1.4369091273024366
11265,34,Female,Asia,RPG,9.645030869579609,1,Easy,2,109,34,37,Low,3,0.23317831296741598,0.7879657302254068
25809,42,Female,USA,Strategy,4.312429859588649,0,Hard,1,99,35,49,Low,0,-1.2819545845948201,0.0075842433293628764
42573,42,Male,Other,Simulation,3.944145756942675,0,Easy,9,36,14,48,Medium,0,0.3035993955186333,-0.8853930372759012
24189,43,Female,Europe,Strategy,16.88138998053817,0,Easy,3,41,69,21,Low,0,-0.20622823828427067,-0.09320721632795233
28306,39,Male,USA,Strategy,8.391582782080278,0,Medium,3,48,61,15,Low,1,-1.4555780804614766,0.22450075393714425
37924,48,Female,Europe,Simulation,20.5278306834822,1,Easy,16,102,83,26,High,3,0.6405670222954515,0.25271267121475255
40112,37,Female,Europe,Sports,6.37295194889482,1,Medium,10,55,14,10,Medium,3,-1.3606843902756294,0.04824866464165848
11158,24,Male,USA,Simulation,8.005718327324358,0,Hard,17,147,23,12,High,0,-0.69440286764724,-0.7596525596487069
38517,19,Male,USA,Sports,6.082524690145536,0,Hard,4,37,82,22,Low,2,-1.1542652118534311,1.9400389972963354
35395,39,Male,Europe,Simulation,2.846410698324997,0,Easy,0,29,49,30,Low,2,-0.8148028727249833,0.29756077928217917
22529,37,Female,USA,Simulation,2.6586572712958647,0,Easy,1,71,50,28,Medium,2,-0.7091083484721826,0.19183805396563852
31729,37,Male,USA,Action,10.891476515920765,0,Hard,19,67,17,34,Low,0,-0.24827485434915028,-1.1323180468143443
44103,30,Female,USA,Strategy,15.233978285408492,0,Medium,6,121,14,18,Medium,1,-0.1877514132249939,-0.9788322256277725
35078,25,Female,USA,Simulation,10.463578743609204,0,Medium,18,163,82,41,High,1,1.1114896042864455,0.4792363654366302
12719,29,Male,Asia,Action,7.6235469115126655,1,Easy,3,110,24,12,Medium,3,-0.5265010743456955,0.5523092822255149
43229,40,Male,Europe,Action,20.54721442216272,0,Easy,1,110,11,30,Low,0,0.5588126085452035,-1.4506187361613778
30495,43,Male,USA,Strategy,4.944599418178671,0,Hard,6,76,88,38,Medium,1,-1.5188023335646659,0.9007171373013274
20034,29,Male,Asia,Strategy,12.722527750597276,0,Hard,7,160,25,47,Medium,1,0.17119446024177204,-0.3494371792109192
42346,23,Male,Europe,Action,19.93819530821959,0,Easy,1,167,61,7,Low,0,0.4143173135362132,0.03271394653097629
15526,40,Female,USA,Action,11.659844500291632,0,Easy,18,68,41,7,Medium,0,-0.08818566801061341,-1.3222783266203464
23803,32,Female,Asia,Action,0.8051091718906003,0,Easy,11,70,70,2,Medium,0,-1.069613914265754,0.2425926971792776
11300,34,Male,Asia,Action,21.833460544724737,0,Medium,5,63,87,25,Medium,0,0.11856418926503602,0.6342149570046405
14053,37,Female,Asia,Simulation,18.76756642644301,0,Hard,7,178,48,2,Medium,1,-1.378660036519837,-0.9066541991623388
44306,32,Male,Asia,Sports,8.528200706395165,0,Medium,10,70,44,20,Low,0,-0.5571842467297133,-0.16308892716240345
22022,47,Male,Europe,RPG,17.875749594839693,0,Easy,14,141,49,40,High,0,1.1060614685930348,-1.4226697831546509
42220,25,Female,USA,RPG,6.600880828264359,1,Easy,5,67,76,2,Medium,3,-0.8104352718194237,1.9199162242892518
25696,49,Female,Asia,Strategy,20.37285504068307,0,Medium,1,107,83,44,Medium,0,-0.0723973641242328,0.06836322311801576
13289,30,Male,Other,Action,21.83900422550287,0,Easy,6,94,52,38,Medium,2,1.5382278616298195,-0.1599000325222429
44553,37,Male,Europe,Simulation,12.059120770361073,0,Medium,16,90,12,12,High,0,-0.43436111074134354,-1.6297588533184535
17101,19,Female,USA,Strategy,8.43569073277716,0,Medium,12,64,51,44,Low,0,0.9327678290345828,0.7941427812393869
18826,15,Female,Europe,RPG,10.370175649000458,0,Easy,8,134,27,32,Medium,2,1.3627549172589697,-0.002791395687116664
40280,48,Female,Europe,Sports,8.03941256123154,0,Hard,2,173,67,2,Medium,1,-2.863316794041221,-0.47189323052346455
41110,44,Female,USA,Strategy,21.915816407288016,0,Easy,18,147,74,3,Medium,0,0.3588526244680822,-1.401674592722021
22831,22,Male,Asia,Sports,16.643804245166216,1,Easy,15,34,45,19,Medium,3,1.127022134864687,0.9683824411487267
41166,15,Male,USA,RPG,18.386141435355807,1,Medium,17,48,90,31,Medium,3,1.389974739632757,2.410044482079288
47670,33,Male,USA,Strategy,6.386047067551563,0,Medium,11,154,8,41,High,0,0.22147482005567817,-1.1179566455128882
35216,29,Female,Europe,Strategy,18.082368379602865,0,Hard,18,48,93,2,Medium,0,-0.7513672810253508,0.5455289397024689
11868,40,Female,USA,Strategy,17.935469156688264,0,Easy,2,172,10,24,Medium,0,0.30067867462819153,-1.7484172598323242
27106,18,Male,Other,Simulation,2.0533186762301288,0,Medium,9,48,48,22,Medium,2,-0.4235917764202102,0.9139331113057133
40695,17,Male,USA,Strategy,5.430876263467809,1,Easy,2,117,75,11,Low,3,-0.3177063047446973,2.3296205495955
38942,17,Female,Europe,Simulation,8.21226474279803,0,Medium,6,69,81,12,Medium,2,-0.4934396207454544,1.4761180397051512
26925,21,Female,USA,RPG,16.73417125633233,1,Hard,16,23,85,2,Medium,3,-0.7397701011843847,2.068477007070065
46427,19,Female,Europe,Action,20.10540756726224,0,Medium,11,83,17,15,Medium,0,0.703650260891612,-0.6199402070338871
26697,29,Male,Europe,Sports,17.508183722711358,0,Easy,17,85,92,36,High,2,1.7181315720795256,0.4546611827557804
27965,38,Male,USA,Sports,15.25097411325748,0,Hard,12,37,36,3,Medium,0,-1.5362079830892466,-0.7750815188336025
10557,36,Female,Asia,Action,2.5555841973637694,0,Hard,1,30,99,21,Low,1,-2.333208297668877,1.7620201052164364
37318,17,Female,USA,Action,8.886244593851242,0,Medium,18,115,9,28,High,0,0.9072032630581652,-0.6862493480171136
16201,48,Male,Asia,Simulation,2.388344121899955,0,Medium,16,176,20,21,High,0,-1.1287065973282004,-1.9481792987070525
26339,36,Male,Europe,Action,2.672420203049496,0,Medium,4,152,52,5,Medium,1,-1.8764823773579336,-0.23212713132640955
30483,42,Male,Europe,Action,15.175182284277096,1,Easy,3,148,5,5,Medium,3,-0.7349928540568736,-0.9160312900651011
26874,37,Male,USA,Strategy,10.610093287287144,0,Hard,7,177,63,49,Medium,1,-0.2656341337922963,0.1396010165735519
23765,38,Male,Europe,RPG,20.858556095853096,1,Easy,5,62,68,33,Medium,3,0.7323311951487494,1.0722300069748534
25095,24,Male,USA,Sports,19.602233516872403,0,Easy,19,77,15,32,High,0,2.123387399024463,-1.192669253073345
17901,31,Male,USA,Action,10.176171217711833,0,Hard,0,76,32,0,Medium,1,-2.260050731874655,-0.07117449642290037
27267,21,Female,USA,Simulation,3.18235326347497,1,Medium,8,123,95,7,Medium,3,-1.1344834251964906,2.4985507324222445
26967,20,Female,Europe,Sports,19.13960820268142,0,Easy,16,44,96,19,Medium,2,1.4850150677857847,0.9533793032830229
37752,19,Male,USA,RPG,12.029707065803006,0,Hard,17,114,1,45,High,0,0.962225479914487,-0.6619719882045719
28967,37,Male,USA,RPG,12.236101349700824,0,Easy,0,34,18,18,Low,0,-0.4745481423587323,-0.7055819805678682
11608,25,Male,Asia,Strategy,11.75912761582391,0,Easy,7,108,77,19,Medium,2,0.41590420245351745,0.6231891614654218
36662,22,Female,Asia,Strategy,0.6330353474096482,0,Easy,12,22,95,46,Medium,2,0.8761595949769652,1.8771304133550921
25655,17,Female,Europe,Simulation,6.018614867094331,0,Hard,4,40,34,1,Low,1,-1.761339131501306,0.7301867711095285
17021,45,Male,Other,Sports,19.563197092259543,0,Hard,0,107,23,22,Low,1,-1.3655468953172014,-1.0880385031836444
34992,16,Male,USA,Strategy,16.637544064041364,0,Medium,16,104,95,20,High,2,0.9561306893101155,1.1275579279624421
33121,39,Female,USA,Strategy,6.999604179227622,0,Easy,10,83,31,25,Medium,0,-0.09763446058489421,-0.9078427519504783
45532,43,Female,Asia,RPG,23.754268033271813,0,Easy,18,163,17,0,High,0,0.5157884780962401,-2.78014255296914
16755,38,Male,USA,Simulation,17.890099130758248,1,Easy,2,37,63,7,High,3,-0.5867030955487336,1.0004956258000637
10536,19,Female,USA,Action,20.920238518943684,0,Easy,11,19,19,19,Low,0,1.4590592045001913,-0.4698373785856766
28000,17,Female,USA,Action,6.494046822697055,0,Hard,7,105,96,20,Medium,2,-0.886977172030821,1.923406195520787
46633,45,Female,Europe,Simulation,3.1960234103378173,0,Hard,15,51,66,1,Medium,1,-2.5896765450057937,-0.30176988694588763
24988,27,Male,Europe,Sports,1.9184202301622169,0,Easy,16,106,87,21,High,0,0.18395610095031265,0.6713397978726477
36681,32,Female,Asia,RPG,20.31274276403543,1,Easy,9,134,89,0,Medium,3,0.03582535077864406,1.0526202898234984
33721,19,Male,USA,Strategy,16.996429310811823,0,Medium,16,25,31,39,Medium,0,1.518323857088382,0.04174880720626413
23061,20,Female,Europe,Sports,12.792557664886209,1,Easy,9,43,46,0,Medium,3,-0.03468508852647541,1.2153198577416173
16028,21,Male,USA,RPG,13.123219504258923,0,Easy,13,175,49,45,High,2,2.049392272487897,-0.1062787006232164
25801,39,Male,USA,Sports,11.927337321974882,0,Easy,6,136,41,38,Medium,0,0.5550336479556564,-0.7240128403901466
35893,33,Male,Europe,Sports,22.70125988288829,0,Hard,14,30,37,23,Medium,0,-0.006282814483563436,-0.574168727799385
45633,38,Male,Europe,Simulation,2.860857950528133,0,Easy,3,126,69,9,High,1,-1.2693457477689363,0.07136687228490171
40511,27,Female,Europe,Sports,17.35737025819528,0,Easy,16,57,90,29,Medium,2,1.4539835548905564,0.5887396690413029
21800,34,Female,Europe,Strategy,22.19678030599304,0,Medium,6,147,17,36,Medium,0,0.7958633808491179,-1.2091406011244472
37507,43,Male,USA,Action,9.977344992662626,1,Medium,1,125,10,33,Low,3,-0.9088727062063043,-0.08186726984001094
32263,21,Male,Asia,RPG,7.345326606314252,0,Easy,10,167,63,26,High,2,0.787863011018285,0.33128842178829476
15354,23,Male,Europe,Sports,9.175530486372658,0,Medium,7,23,59,31,Low,2,0.02311892657468122,1.0047427652049397
18936,30,Male,USA,Simulation,5.965783905901655,0,Hard,12,23,87,34,Medium,1,-0.8041472563324069,1.3760492571128318
13308,31,Male,USA,Sports,14.453995458647093,0,Hard,19,177,66,18,High,1,-0.248091885836835,-0.4410649026157524
29410,37,Male,USA,Strategy,6.056900211907238,1,Medium,14,124,45,43,High,3,0.06180704458929376,0.6514114428739037
13750,17,Female,USA,RPG,5.155360320433185,0,Easy,3,33,63,26,Low,2,0.26630003345834125,1.402390348233305
19533,36,Male,Asia,Strategy,17.17089351539209,1,Medium,14,131,2,17,High,3,-0.007262742568135072,-0.8671676289566509
35578,42,Female,USA,Action,11.976766592859462,0,Easy,16,61,39,3,Medium,0,-0.4048591038848131,-1.3990050510927239
33211,37,Female,USA,Action,13.792497284974736,0,Easy,0,137,96,3,Low,0,-0.8755770337691959,0.4476809967857399
20988,19,Male,Asia,Strategy,2.877169026835775,0,Medium,17,50,98,46,Medium,2,0.8038087676336669,1.8673167341743733
49017,33,Male,Europe,RPG,20.144261406444407,0,Hard,6,171,18,3,Low,1,-1.1016261245978194,-1.350381962760557
23854,46,Male,Asia,RPG,21.06826890535493,0,Easy,10,114,81,26,Medium,0,0.5761515845284584,-0.6116497229561192
47295,16,Female,USA,Simulation,15.714960935180926,1,Easy,16,81,5,0,High,3,0.8007851701996178,-0.043828404110395035
38568,43,Female,Asia,Strategy,23.68588717146233,0,Medium,11,45,74,7,Medium,0,-0.4766583762680929,-0.5008882979970678
15404,32,Female,USA,Action,18.62482022050496,0,Medium,16,58,63,24,Medium,0,0.5438910195476337,-0.17937286679377706
26121,41,Male,Asia,Simulation,2.95830328935786,1,Medium,14,14,14,24,Low,3,-1.1052188499133944,0.08828405944012323
40108,18,Male,USA,Simulation,21.129003181261005,0,Medium,16,113,7,40,High,0,2.026731633754496,-0.8994345950514647
29083,20,Female,Asia,RPG,13.54067438721741,0,Medium,17,90,61,37,High,2,1.2669559827871468,0.4461639163660428
48452,41,Male,Other,Strategy,3.8166683662659215,1,Medium,17,47,49,19,Medium,3,-1.0740850364284207,0.5439261452081672
40176,44,Female,Asia,Sports,23.83993004286943,0,Easy,16,131,1,20,High,0,1.0739565695074407,-2.7744545952693143
48980,19,Male,Europe,Sports,9.993379799562272,0,Easy,1,87,93,2,Low,2,-0.4234682250481553,1.4768695706089496
28111,46,Female,USA,Simulation,9.16093619670398,0,Medium,19,12,49,11,Low,0,-1.0439146811907356,-0.9736366310042723
47732,25,Male,USA,RPG,5.662935066969979,0,Hard,4,163,50,48,Medium,1,-0.2903111035529287,0.720722760968107
30079,17,Male,Europe,Sports,13.627488076032732,0,Easy,19,85,71,40,High,2,2.2343275466022625,0.6110864870018022
27069,37,Female,USA,Strategy,10.703946639315284,0,Easy,11,176,14,4,High,0,-0.3182674211631181,-1.919807111908638
39493,26,Male,Asia,Simulation,9.278820708584917,1,Easy,2,161,7,40,Low,3,0.7578610209118307,0.3947105633850122
41949,23,Male,USA,Action,19.862965814899653,0,Medium,16,12,37,7,Low,0,0.3693404202169241,-0.367097727343217
10673,25,Male,Europe,Action,11.71910881362395,0,Easy,4,132,44,38,Medium,2,1.0168868456846436,0.10956669417705413
30186,35,Female,Other,Simulation,14.846901321121909,0,Medium,8,81,95,40,Medium,0,0.30872904607815727,0.9147180109817299
33546,20,Female,Europe,RPG,18.439754933326924,0,Easy,16,175,18,42,High,2,2.5426567504252797,-1.0599689456251098
44955,42,Male,USA,RPG,2.2927889446063547,0,Easy,9,88,10,39,Medium,0,-0.05809311681283797,-1.2261357311101813
12933,34,Male,Asia,RPG,3.087814969237652,0,Medium,12,84,12,23,Medium,0,-0.7388832909199791,-0.9363260630914141
38319,33,Male,Europe,Action,17.47953836474487,0,Hard,15,87,97,28,High,0,-0.1349185245848337,0.7034665339403513
10829,17,Male,USA,RPG,11.714414262656945,0,Easy,6,111,75,36,Medium,2,1.3155388246235953,1.1611206645347725
38105,22,Female,Europe,Sports,17.523626310931128,0,Easy,2,92,12,48,Low,2,1.7840432484170663,-0.2839835835069201
27989,46,Male,Other,Simulation,22.197524157535177,0,Easy,3,139,15,35,Medium,0,0.735357297418683,-1.8362425636794966
45759,38,Female,USA,Strategy,8.627444102686464,1,Hard,1,83,97,10,Low,3,-2.433366992394201,2.2411651791730454
19476,16,Female,Other,Strategy,13.629245375344748,0,Easy,9,144,16,38,Medium,2,1.838205098661439,-0.40701451157270374
36229,24,Male,Asia,Strategy,7.446239855956859,0,Medium,18,131,10,3,High,0,-0.3643999879672899,-1.2728080542545022
43350,49,Female,Europe,Simulation,3.607734605075152,1,Hard,0,30,72,49,Low,3,-1.9244368258185702,1.947829692472795
48255,47,Female,USA,Action,10.861480937785707,0,Hard,16,10,7,32,Low,0,-0.9607457644773169,-1.4974842188279076
47326,30,Male,USA,Sports,19.93562088084885,0,Easy,19,141,4,41,High,2,2.3169442893886294,-1.8911169668568735
20635,36,Female,USA,Strategy,19.63991536763354,0,Hard,9,174,76,21,High,1,-0.5331149692623914,-0.12850219279284242
22902,21,Male,Europe,Action,5.469632422578656,0,Easy,7,109,81,48,Medium,2,1.1945906826358215,1.3673341114300763
20056,48,Male,Other,Sports,0.1817435674036653,0,Medium,14,20,15,30,Low,0,-1.2594276189416382,-1.2109124685852017
23983,21,Male,Europe,Action,4.966767479188734,0,Hard,15,104,67,20,High,0,-0.7071267905872859,0.7899071569219259
36568,23,Male,USA,Sports,2.6904477720691933,1,Easy,0,124,70,19,Low,3,-0.5568038428181751,2.1487151997153604
37494,23,Male,USA,Strategy,11.9921706074332,0,Easy,16,166,25,18,High,0,1.093057415940502,-1.0770974191755323
23019,18,Male,USA,Sports,12.793776632388177,1,Medium,2,106,92,2,Low,3,-0.8630377094893222,2.578068808368221
31349,42,Male,Other,Strategy,19.49629540953512,1,Medium,9,99,62,2,Medium,3,-1.022642556312926,0.3189692507101586
21053,35,Male,USA,Sports,4.508799470508436,1,Easy,14,65,74,43,Medium,3,0.5671127281170566,1.5072508129879216
21423,26,Male,Other,Strategy,0.1411352685770719,1,Medium,11,62,50,35,Medium,3,-0.41041595195344754,1.7334859669360774
38427,39,Male,Europe,Sports,20.241753561287936,0,Hard,15,59,41,28,Medium,0,-0.16146084599134206,-0.8045175942158662
34961,18,Male,Europe,Simulation,11.965363174935304,0,Easy,7,85,51,37,Medium,2,1.3759547646901396,0.6373908923263939
39814,15,Male,USA,Sports,6.665133613211817,1,Easy,10,106,89,21,Medium,3,0.5913937648055242,2.5114965614666036
35007,24,Male,USA,RPG,9.625686826701042,0,Easy,11,60,66,4,Medium,2,-0.06833012307379871,0.3471492733430127
28293,31,Female,Europe,Action,11.180140743778493,1,Hard,15,124,34,29,High,3,-0.41741082362595633,0.5251673755373761
33311,36,Female,USA,RPG,11.114793629265632,1,Easy,8,177,32,22,High,3,0.1137176754799425,-0.06612740013343434
20900,28,Female,Other,Simulation,0.2107275367645247,0,Medium,14,95,54,4,Medium,0,-1.3035071073913633,0.047650457445121884
15803,45,Female,USA,RPG,2.8597037861696,0,Hard,7,158,80,39,Medium,1,-1.5375864893885953,0.32989449675374816
11269,29,Female,Europe,Simulation,15.837642724126512,0,Easy,18,85,7,8,High,0,0.7631700191190398,-1.7394467578717692
24476,39,Male,USA,Simulation,4.851934209073553,0,Medium,0,132,7,24,High,0,-1.3447440753001787,-1.0029408570587357
31254,34,Male,USA,Action,2.94490195307987,0,Medium,1,121,4,23,Low,0,-1.2589615222042758,-0.7916795539101307
32573,38,Male,Europe,Action,1.774450382479169,0,Hard,6,126,39,3,Medium,1,-2.650867290171508,-0.4325542790009971
25349,44,Female,Asia,Simulation,20.75900606920537,0,Easy,3,139,24,49,Medium,0,1.2128880039194017,-1.3568175245154297
38034,18,Male,Europe,Strategy,9.479247259209636,0,Medium,5,91,61,43,Medium,0,0.6695754272071573,1.2176775517339342
29485,15,Male,Europe,Strategy,0.3466726793681589,0,Easy,8,15,8,36,Low,2,0.691418853354794,0.3534140862644041
9625,37,Male,Europe,Action,8.865600767186226,0,Medium,19,119,40,44,Medium,0,0.6552938488679794,-0.8258754478022307
40679,43,Male,Asia,Strategy,1.6501425922693649,0,Medium,16,139,84,36,High,1,-0.5640353271261176,0.04551735674831691
16070,21,Male,Other,Action,19.82572540452976,0,Easy,7,27,33,45,Low,2,2.0198006858217723,0.18475636278961635
48461,38,Male,USA,Sports,14.471871843038992,0,Easy,11,87,47,37,Medium,0,0.9205311829022493,-0.6415304726298421
27856,46,Male,USA,RPG,21.48302758232922,0,Easy,14,85,62,5,Medium,0,0.04357060963324866,-1.3206913594738068
41815,22,Female,Other,Simulation,18.510568017510057,0,Medium,12,102,50,41,Medium,0,1.4365843397943519,0.17355236958659986
44104,21,Male,Other,Sports,4.204003239531652,0,Easy,18,29,26,16,Medium,0,0.4953628541983939,-0.31378178481700914
19497,38,Male,USA,Sports,23.87799482970305,0,Hard,11,96,87,43,Medium,0,0.447817571917422,0.35463743817716825
16563,41,Female,USA,Action,3.180411401934121,0,Easy,18,115,32,49,High,0,0.8768962985854479,-1.0934945678716486
38751,33,Female,USA,Strategy,4.5189981481437576,0,Medium,11,177,77,1,High,0,-1.405773067242568,-0.014805134089878758
11325,44,Male,USA,Simulation,16.976690824843935,0,Easy,13,127,59,44,High,0,1.2310785665776105,-0.8934688403300183
36031,45,Male,Other,Simulation,3.854601176756224,0,Easy,10,117,75,9,Medium,1,-1.1533253828159136,-0.41214227273008586
34486,49,Male,Europe,Simulation,21.407774084658755,0,Medium,6,127,21,24,Medium,0,-0.35235542252939717,-1.8489713938169403
36896,19,Male,Europe,Action,21.87797284417749,1,Easy,5,126,46,32,Medium,3,1.6795947169025973,1.183876617005234
46318,22,Female,USA,Strategy,7.118931944707335,0,Hard,7,116,50,40,Medium,1,-0.2594791699542512,0.7977151563732946
40733,39,Male,USA,Sports,6.306167880436809,0,Easy,14,133,57,14,High,0,-0.30147769246136225,-0.7823810194213243
15146,22,Female,Europe,Action,0.605401705678096,0,Medium,7,31,46,11,Low,2,-1.2095749359635344,0.759034722992673
46359,27,Male,USA,Strategy,21.94069739409108,0,Medium,8,59,27,2,Medium,0,-0.176131915988511,-0.7344623325736418
15282,29,Female,Europe,Sports,14.805051394983376,0,Easy,13,170,83,13,High,0,0.6245776768627785,-0.07298739325227646
45945,42,Female,Asia,Sports,5.641379447508649,1,Medium,2,33,81,0,Low,3,-2.5139893015082366,1.6618705473401798
27372,32,Female,USA,Action,10.830765615624165,0,Hard,19,124,53,2,High,0,-1.1651827855250516,-0.63664688008446
31036,16,Female,USA,Simulation,8.045258563783555,0,Easy,15,35,64,30,Medium,2,1.2723294265561211,0.9175317583543665
13146,29,Female,Europe,Strategy,17.562566876819343,0,Easy,5,90,9,6,Medium,0,0.13885256992457876,-1.23145917867254
28245,24,Male,Other,RPG,8.88417054866769,0,Easy,14,57,97,13,Medium,2,0.31480973673778534,1.0413612328685824
43937,22,Female,Asia,Simulation,19.25089952659816,0,Medium,13,129,87,9,High,0,0.37453437684971463,0.5093761242410991
38822,41,Male,USA,Sports,11.31826868677556,0,Easy,0,109,69,4,Medium,0,-1.1774458491690922,-0.15985493043663146
19803,33,Male,Europe,Simulation,20.83136878544316,0,Hard,8,74,47,48,Medium,0,0.4993181847260879,0.039248508890083564
31895,21,Female,Asia,RPG,10.342240932572672,0,Easy,5,167,34,5,Medium,1,0.01651236234689202,-0.40624837632097893
9198,16,Female,Asia,Strategy,13.774599336278328,1,Easy,14,102,54,44,High,3,2.109372105412189,1.5637086858262952
25437,36,Male,USA,RPG,4.507461611255357,0,Hard,11,147,25,11,High,1,-1.7871578913138388,-0.940438385826731
16499,37,Male,USA,Simulation,7.228505037118262,0,Easy,15,137,9,23,High,0,0.2904828369501956,-1.7586354697546216
36456,16,Male,USA,Strategy,9.263693451249289,0,Easy,8,144,16,35,Medium,2,1.3811953513953135,-0.2754094034031429
30334,22,Female,Europe,Action,13.807948181819658,0,Hard,12,74,85,34,Medium,0,0.13688814402412608,1.2925802836031717
16321,36,Female,Europe,RPG,22.638981486305664,0,Easy,9,173,58,2,High,0,0.298158601198896,-1.1353019300317917
20256,20,Male,Asia,Strategy,5.013410776813141,0,Hard,7,178,44,27,Medium,1,-0.6958310874773859,0.4385935669347042
16487,25,Male,Other,RPG,18.497926810825664,0,Easy,4,35,26,38,Low,2,1.3738705953226154,-0.10070854166679499
26048,47,Female,Europe,Simulation,11.324480669763352,0,Medium,8,173,14,12,Medium,0,-1.212291326376454,-2.023029739310248
31681,16,Male,USA,Strategy,6.164742773031972,0,Easy,17,149,46,16,High,0,0.919953386453649,-0.1108867793451806
35979,18,Female,Europe,RPG,3.693271942868818,1,Medium,7,57,32,40,Medium,3,0.15798523668070072,1.848487011556434
22360,35,Female,Europe,RPG,1.673769403524032,0,Medium,1,78,9,20,Low,0,-1.5592457821784997,-0.553403973878471
13548,43,Female,Europe,Strategy,6.34988116822674,0,Hard,15,80,25,0,Low,0,-2.2333289589312852,-1.340048795233847
31984,32,Female,Other,Action,2.503594060259404,0,Easy,7,74,51,4,Medium,0,-1.0586229040953568,-0.057126817356748134
19709,42,Male,USA,Simulation,21.77125379757437,0,Medium,8,122,91,41,Medium,0,0.5815187060269925,0.1538238195921845
37892,36,Male,Other,RPG,3.1162941658937697,0,Easy,1,140,74,10,Low,1,-1.2236211844751732,0.31103464859106056
37566,29,Male,USA,RPG,2.924635151529236,0,Easy,12,93,26,46,Medium,0,0.9243115862812635,-0.34591821406858625
41297,23,Male,Europe,Action,19.893448480859742,1,Medium,5,44,74,43,Medium,3,0.9816255831263936,2.278374329548217
13500,41,Male,Europe,RPG,9.29943309767694,0,Medium,14,106,4,19,High,0,-0.610618153424815,-1.8288558251956226
25647,32,Male,USA,Simulation,21.81987222841021,0,Easy,10,10,16,33,Low,0,1.4170051200658769,-0.9539569785223847
17961,33,Male,USA,Strategy,20.200663488501213,1,Hard,11,75,79,12,Medium,3,-0.8311127896232972,1.382559931327251
36275,48,Female,USA,Sports,9.420714556239956,0,Medium,19,39,9,25,Medium,0,-0.5175942803191428,-1.9371495476985356
11182,38,Female,Asia,RPG,16.888555226194867,0,Easy,10,22,46,25,Low,0,0.5168509070880982,-0.5557474676564244
47664,32,Male,USA,Strategy,11.1985085248445,0,Easy,9,98,90,33,Low,2,0.6596011368738395,0.6986896186541703
19229,16,Male,USA,RPG,11.462318479290918,0,Easy,5,42,23,25,Low,2,0.871088180964026,0.24661518373261837
36709,38,Female,Asia,RPG,5.128100297323897,1,Hard,5,110,35,4,Medium,3,-2.5612646926172906,0.6065468001969674
33465,25,Female,Other,Strategy,15.978267598051154,0,Hard,10,63,52,9,Medium,0,-0.8145510544116719,0.22159243394276673
39161,16,Male,Europe,RPG,9.517497386907102,0,Medium,17,108,58,15,High,0,0.3981177149039661,0.3820767945301667
33012,25,Male,Other,Simulation,19.41119873914004,1,Hard,1,41,97,16,Low,3,-0.9920238550875626,2.783957330606085
37218,24,Female,Europe,Strategy,1.228609033764445,1,Easy,14,72,22,45,Medium,3,0.9573340777746727,0.939775332419949
23597,40,Female,Asia,Sports,5.48237704775791,0,Easy,7,136,66,21,Low,1,-0.5188531133341434,-0.24825349701081234
31138,42,Female,USA,RPG,22.689719073388844,1,Easy,12,108,77,14,Medium,3,0.4174153222440388,0.36431573520421967
40960,40,Male,USA,Strategy,19.816454151234453,0,Easy,0,82,57,30,Low,0,0.35847574196211257,-0.24402293907050057
10453,49,Female,USA,Action,7.155087633523022,0,Hard,7,102,49,5,Medium,1,-2.668734128625233,-0.8018274706887644
41085,39,Female,Europe,Sports,4.935941126752611,0,Easy,3,62,77,21,Low,2,-0.8342821236685402,0.5210544101299661
40244,47,Male,Europe,RPG,1.01036125930813,0,Medium,0,72,21,27,Low,0,-1.9334663176066298,-0.6935680122181248
39577,49,Male,Europe,Sports,22.96339365973389,0,Hard,13,37,53,42,Medium,0,-0.04237856792603158,-0.7666378108476867
44532,47,Male,Asia,Strategy,10.388813926888668,0,Hard,18,173,44,23,High,0,-1.0460274996733383,-1.46910915002841
36061,19,Female,USA,Sports,6.318332556104078,0,Hard,11,144,87,37,High,1,-0.1006720309208902,1.4830837910690933
15149,19,Male,Asia,Sports,8.20021532055662,0,Medium,5,46,77,9,Low,2,-0.7632888599689971,1.3941451317183406
43571,33,Female,Europe,Action,15.44504989681726,0,Easy,3,135,13,3,Medium,0,-0.330805100738129,-1.39453351480443
31769,16,Male,Other,Sports,23.95664393203218,1,Easy,9,58,45,31,Medium,3,2.0298261858425777,1.3329758811827634
9657,40,Female,Europe,Sports,6.9432322759819565,0,Easy,2,170,89,33,Medium,0,-0.2327001603847371,0.4298191868105827
48219,43,Male,USA,Strategy,22.66101667398071,0,Easy,0,145,30,32,Low,0,0.6176591801504123,-1.297489716496323
20715,32,Male,USA,RPG,16.856884361770447,1,Medium,4,173,43,1,Medium,3,-0.9531228803233112,0.34679530108564416
16258,15,Male,USA,Action,2.7476478738986145,0,Hard,10,176,85,30,High,1,-0.43392823334437663,1.5699309630091465
21858,41,Male,USA,Sports,6.718317157123101,0,Easy,9,50,7,21,Medium,0,-0.4082823077583511,-1.4030863674158138
17296,34,Female,Europe,Simulation,16.9351399978317,0,Easy,11,45,85,2,Medium,0,-0.10852624174181494,0.14047240875416647
17829,39,Male,USA,Simulation,4.2749801667262695,0,Medium,1,13,39,26,Low,1,-1.461085879107793,0.17757958083459913
33053,49,Male,Europe,Action,14.473140627303277,1,Medium,13,153,35,4,High,3,-1.2721773994010135,-0.8409482998145367
34804,22,Male,USA,RPG,11.215719703291992,1,Hard,4,101,80,6,Medium,3,-1.5256053037908779,2.303498171799433
48723,18,Male,Other,Strategy,13.469457725688684,0,Easy,8,122,80,42,Low,2,1.7203069593717117,1.1117011558265886
44273,42,Male,Asia,RPG,21.527560200068667,0,Medium,12,80,99,45,Medium,0,0.8496237054776588,0.37677934834136234
30463,29,Female,USA,Action,12.532820112066258,0,Easy,7,178,68,32,Medium,2,0.8727091654905288,0.06927915185158537
28006,40,Male,USA,Strategy,11.256192044343386,1,Medium,17,72,97,37,High,3,0.09080535726864034,1.551952689367011
41932,44,Female,USA,Strategy,20.451995569114924,0,Easy,6,148,87,27,Medium,0,0.48405408270096517,-0.31934845500415043
15319,27,Female,Asia,Strategy,13.346366828385031,1,Medium,13,158,33,26,High,3,0.37706538249743293,0.3876939639697508
15885,43,Female,USA,Strategy,16.150029828730123,0,Easy,0,119,11,24,Low,0,-0.12249496746565987,-1.5255960340040422
30197,23,Female,USA,Simulation,1.9587041401519008,0,Hard,14,71,71,49,Medium,1,-0.054373104866662164,1.336813530558744
32758,30,Male,Europe,RPG,13.241958878200926,0,Medium,4,31,54,0,Low,1,-1.247312998333597,0.22901869535335956
28398,22,Female,Asia,Sports,13.680474703321597,0,Easy,19,159,71,9,High,0,1.0111368914391288,-0.23372625334580058
31624,29,Female,USA,Strategy,14.496671290406576,0,Medium,9,176,94,34,High,1,0.500856075889203,0.7081217765243893
22013,48,Female,Other,RPG,13.433188062613048,0,Medium,12,87,71,7,Medium,0,-1.2736584815018803,-0.7295278761973939
23917,16,Female,Asia,Sports,22.038337965597105,0,Easy,18,70,20,29,Medium,0,2.450190281969801,-0.730913150277793
21051,29,Male,Europe,Simulation,17.791270416679332,0,Easy,18,118,44,45,High,0,2.2209070868785803,-0.7121354354103205
34873,44,Female,Europe,Strategy,3.442333341008867,0,Medium,13,41,55,34,Medium,1,-0.802746319033515,-0.21170719137091842
22353,39,Female,USA,RPG,18.311502626884383,1,Easy,11,105,67,26,Medium,3,0.6345186987881143,0.5781167763905093
25293,47,Female,Europe,Action,21.448803303708367,0,Hard,17,42,4,23,Medium,0,-0.46500632708056805,-2.115883994597389
39399,45,Male,USA,Simulation,10.247409492551531,1,Easy,14,135,52,22,High,3,-0.09553382497099067,-0.10613970646915956
42322,28,Male,USA,Simulation,4.734855425861704,1,Easy,12,100,98,31,Medium,3,0.35620939878998503,2.1952040915616613
31532,27,Female,USA,RPG,8.87157076288922,1,Easy,6,39,92,48,Medium,3,0.9073259936576944,2.6612171274743384
9262,49,Female,Europe,RPG,14.95271715871735,0,Medium,17,65,5,47,Medium,0,0.5443288928991589,-2.018478851366603
10487,16,Male,Europe,Action,5.205216378507782,0,Medium,6,35,62,17,Low,2,-0.49607285538114976,1.3632936422015027
45654,37,Female,USA,RPG,5.060397000277015,0,Easy,18,19,11,12,Medium,0,-0.2565131227739649,-1.4305584404865774
37788,27,Female,USA,Action,11.35859734132245,0,Medium,17,133,35,17,High,0,0.19657923645930273,-0.7818872341585181
18633,22,Male,USA,RPG,11.02380767970421,0,Easy,17,145,72,22,High,0,1.1740609724766577,0.13441757581186864
42041,32,Female,USA,Strategy,0.681722254203792,0,Easy,10,54,27,4,Medium,0,-1.0216232796450504,-0.5952306608610703
30994,42,Female,Other,RPG,7.840407027679172,0,Easy,8,25,38,5,Low,0,-1.0757603508603475,-0.8073011895237393
36096,19,Male,USA,Sports,0.3821360240947484,0,Medium,3,37,49,20,Low,2,-0.9783324267494833,1.2119814485775144
42639,46,Male,USA,Strategy,11.475149989775058,0,Medium,12,138,71,17,High,1,-0.8955899620426111,-0.6792806927452851
34048,26,Male,Asia,Strategy,20.43925083536944,0,Easy,19,149,46,26,High,2,1.9345877720975297,-0.95692575272352
18928,46,Male,USA,RPG,3.631541070024732,0,Medium,14,25,60,15,Medium,0,-1.5332867187138863,-0.37273566153714033
25815,47,Female,USA,Simulation,12.83359991816327,0,Easy,17,177,63,18,High,0,0.15617671941747502,-1.4627873266796332
22391,44,Male,Asia,Sports,4.014666906735463,0,Easy,5,129,46,16,Medium,1,-1.0530764015002108,-0.7851786008475417
20436,39,Male,USA,Simulation,9.830047187108736,1,Easy,13,105,8,46,Medium,3,0.9586823504736822,-0.39544882242351576
34629,21,Male,USA,Action,8.672928398079563,0,Medium,7,122,4,13,Medium,1,-0.3691555415631113,-0.6965306116252413
39370,24,Female,USA,Sports,7.846473826162545,0,Medium,10,92,40,41,Medium,0,0.5226278107384474,0.2713888954693359
24124,26,Male,USA,Strategy,15.950068014676274,0,Easy,6,54,27,49,Medium,2,1.6813578196744776,-0.10206803664869761
24236,15,Female,USA,Action,17.872973958881264,0,Medium,15,87,87,16,Medium,2,0.874819511489921,1.0290202958502932
11915,32,Female,Other,Action,2.9206800824473422,1,Easy,7,44,94,10,Medium,3,-1.0188805677051238,2.1831857461651283
10786,19,Female,USA,Strategy,21.77413374137808,0,Easy,10,39,68,42,Medium,2,2.2533531577112584,0.8076198907496647
34554,20,Male,Other,Sports,16.764529681210867,0,Hard,8,65,37,9,Medium,0,-0.6315736850246934,0.1752865377980244
15401,16,Female,Europe,Sports,8.81970386457298,0,Easy,3,133,70,44,Medium,2,1.3285257360661626,1.2979352923273764
12168,37,Female,USA,RPG,5.047025103814286,1,Hard,19,70,39,37,Medium,3,-0.670917169440909,0.6476625605448465
10930,35,Female,USA,Action,7.546056470328134,0,Hard,15,51,60,13,Medium,1,-1.4331813074125466,0.038021003728626455
27650,41,Male,USA,RPG,6.403856163655345,0,Medium,7,170,19,7,Medium,0,-1.5372514916731566,-1.4895788150766751
11982,29,Male,Europe,RPG,16.215105588040178,1,Easy,12,150,77,22,High,3,0.8668387043823269,1.072108495910453
12104,44,Male,Asia,Sports,20.59268821100661,0,Hard,14,55,6,38,Medium,0,0.0013431331506188302,-1.6764587045362604
48316,21,Male,Europe,Simulation,20.80365511595503,1,Medium,19,20,55,31,High,3,1.41551732040009,1.299007799392101
15551,34,Female,Other,Sports,10.106725466504868,0,Medium,15,18,13,19,Low,0,-0.33815477927450077,-1.01563626158203
36799,19,Female,USA,Simulation,12.439414119112453,0,Easy,2,168,90,27,Medium,2,0.8054087378423316,1.237755932820915
11744,16,Female,Europe,RPG,5.538976153490802,0,Easy,9,115,83,44,Medium,2,1.3748069633705047,1.4969448857323007
11116,31,Female,Asia,Simulation,21.208002253971017,0,Hard,7,131,91,34,Medium,1,0.07065812492522343,0.7878728699189105
42754,22,Male,Europe,Sports,8.359365154915569,1,Medium,19,128,90,32,Low,3,0.6584324267710742,1.9671048271487623
12836,43,Male,Europe,Sports,19.22002071606065,0,Hard,7,99,5,12,Medium,1,-1.2880338137839031,-1.7563875212719722
13347,23,Female,Europe,RPG,15.716798284732004,0,Easy,11,57,96,45,Medium,2,1.8186619645222593,1.3327487657512298
43519,41,Male,Europe,Strategy,6.8680673933629945,0,Medium,2,68,90,27,Low,1,-1.2760960259759524,0.9107564021469848
22455,36,Female,USA,Strategy,5.324181603827864,1,Easy,8,162,41,3,Medium,3,-0.9957772361724628,0.15980221800415004
18267,43,Male,Asia,Action,20.01342597332526,0,Easy,12,149,17,9,High,0,0.25505406836094296,-2.2762353773981663
17223,35,Male,Asia,RPG,18.29372617508925,0,Hard,8,103,42,7,Medium,0,-1.1866936711152503,-0.6310755399672816
26244,48,Male,USA,RPG,11.549008137730349,0,Easy,7,24,69,18,Low,0,-0.7028472622475941,-0.31576537913617164
26287,19,Male,Europe,Sports,21.44565395637585,0,Medium,4,154,27,27,Medium,1,0.944437870660095,-0.2913737643193839
21558,23,Male,Asia,RPG,17.094348289800447,0,Hard,0,157,80,10,Low,1,-1.049470059165648,0.9795356127477398
31970,18,Female,USA,Action,17.443704797205545,0,Medium,10,124,31,23,Low,0,0.8359641005500873,-0.2215923111264703
41998,18,Male,USA,Action,17.415557049044754,0,Easy,5,69,59,30,Medium,2,1.3598149615876691,0.7433698423374401
44069,22,Male,Asia,Action,9.995760638527148,0,Medium,5,42,11,47,Low,0,0.6821620612817155,0.1239435755641125
19153,31,Female,Asia,Action,12.59081449694989,0,Easy,16,81,78,24,Medium,0,0.8292110050246194,0.11597076982125308
14987,22,Female,Asia,RPG,3.8501077871476816,0,Easy,1,63,84,16,Low,2,-0.48447721620899814,1.5393312037421938
22642,34,Male,Other,Action,7.494512794607713,1,Medium,5,41,6,17,Low,3,-1.1734294072286195,0.3172943697069237
39626,17,Female,USA,Sports,9.19874930964858,0,Hard,4,172,80,39,Medium,1,-0.0647445997251424,1.5478297059584243
10464,18,Male,Europe,Sports,4.5400719957264055,0,Hard,6,14,49,0,High,1,-1.890985262269808,1.0680534528353252
41357,34,Male,USA,Strategy,1.5702554591485898,0,Hard,19,153,59,26,High,0,-0.9865626863125366,-0.20981580235856187
20335,28,Female,Other,Sports,4.929396179338378,0,Medium,18,88,12,36,High,0,0.4227239239841947,-0.840824434503184
13559,33,Male,Europe,Action,21.68712741734727,0,Easy,1,162,20,47,Low,0,1.5992061779832283,-0.979717992093472
40786,40,Male,USA,Action,12.444495364164492,0,Easy,17,162,66,3,High,0,-0.1390900481643176,-1.1492486682655096
47105,26,Male,Other,Simulation,10.073155199420237,1,Easy,0,113,7,21,Low,3,-0.038609066856739344,0.4515547743531483
28246,32,Male,Europe,Sports,14.526721474942931,0,Easy,17,22,20,31,Low,0,1.2218191385316073,-1.027608890385352
45986,30,Male,USA,Simulation,1.439291145958065,0,Medium,16,17,36,17,Low,0,-0.8123281453642683,-0.13064865414850296
25948,47,Male,USA,Simulation,1.7164936751086035,0,Easy,11,13,33,22,Low,0,-0.9456505057447201,-0.8931626256732488
24268,27,Female,Europe,RPG,17.758065709313456,0,Medium,7,61,50,38,Medium,0,0.7535063626734054,0.3004638836871247
36392,33,Male,USA,Strategy,10.274357862348518,0,Easy,5,10,91,25,Low,0,-0.05855322769524221,1.1323354850502052
41105,43,Female,Asia,Strategy,14.356942480476675,0,Hard,3,91,74,11,Low,1,-1.96548464058873,0.11920323737409284
10640,29,Male,Other,Strategy,19.59988057891601,0,Medium,11,158,69,16,High,0,0.31440711611295813,-0.19243632932265725
18162,35,Female,Europe,Simulation,23.56222961109376,0,Easy,9,125,66,14,Medium,0,0.7601651595968443,-0.6224741371036415
18929,37,Female,Asia,Strategy,7.6474467617604756,0,Medium,15,25,80,35,Medium,1,-0.13693012177813074,0.5531944184882245
9624,25,Male,Asia,Strategy,13.230643833696764,1,Medium,3,135,78,42,High,3,0.4195453811059416,2.174404646548115
23890,48,Male,USA,Action,22.52552202099788,0,Easy,2,146,55,37,Medium,0,0.6493833918916929,-1.0048360795453968
30681,35,Female,Europe,RPG,22.67661199410384,1,Easy,19,85,42,42,High,3,2.096977825673281,-0.011916272674099285
25068,33,Male,USA,RPG,4.219301859082109,0,Medium,11,99,23,10,Medium,0,-1.1338371293223855,-0.8224920797347828
32909,16,Male,USA,Sports,8.689126651516354,0,Easy,6,64,48,16,Medium,2,0.4061910884429879,0.6641387769916706
10808,23,Male,USA,Strategy,10.192341767859194,0,Medium,19,119,41,7,High,0,0.0029303342028305433,-0.5584292333027522
44199,19,Male,Europe,Action,17.064173966358336,0,Easy,14,26,99,18,Medium,2,1.2182124137959736,1.2701115129051557
10682,21,Male,Europe,Strategy,18.446457397169542,0,Easy,19,96,58,31,High,2,2.102608097688771,-0.13746170053136783
17602,27,Male,Europe,Strategy,0.8479326478438995,0,Easy,8,126,82,13,High,0,-0.5580291667120122,0.7667506255723558
48625,47,Male,USA,RPG,16.10223935712472,0,Medium,17,16,42,33,Medium,0,0.08879680369466378,-1.0747969856552482
21972,49,Male,Europe,Simulation,0.6115432814125699,1,Easy,9,28,69,30,Medium,3,-1.0563581131232123,1.065835633585638
42437,47,Male,Other,Action,8.099423237956572,0,Easy,8,31,12,10,Low,0,-1.0459386414007912,-1.6071147125164984
43749,19,Male,Europe,Strategy,6.97486534198693,0,Hard,7,49,84,43,Medium,2,-0.16964606471888954,2.0012288193123458
24241,31,Male,Asia,Strategy,23.881369145414126,0,Easy,5,120,32,11,Medium,0,0.6738571815819387,-1.0488188610404103
46075,40,Male,Asia,Action,12.816171116447943,0,Medium,18,12,58,8,Low,0,-0.7142939836334568,-0.5772038327261751
29327,36,Male,Europe,Sports,16.865553475747625,1,Easy,16,31,60,48,Medium,3,1.6236227876145648,0.9057044856733302
15062,16,Female,Asia,Simulation,1.7217643689967463,0,Easy,17,113,43,46,High,0,1.6523093287528,0.39200596907707236
43013,32,Male,Other,RPG,22.837155718902284,0,Easy,9,66,74,25,Medium,0,1.1435043705638865,0.06287408128476493
48223,29,Female,Asia,Action,14.064648962789036,0,Easy,18,32,22,13,High,0,0.7317774502025424,-1.0942884855162123
43544,18,Female,Asia,Sports,17.459537659554893,0,Easy,18,90,89,27,High,2,1.9164988735538648,0.7530653952543122
10962,37,Female,USA,Simulation,9.548864934655688,1,Easy,11,96,65,9,Low,3,-0.4986309767599432,0.7295876038370426
16524,28,Female,Europe,Strategy,20.996474689234947,0,Medium,13,143,29,19,High,0,0.6967553872970551,-1.0781609454183767
17090,42,Male,USA,Sports,10.99766585374094,1,Medium,1,16,29,48,Low,3,-0.42808205965214424,0.945730635303654
33103,45,Male,Europe,Strategy,14.030449699616948,0,Medium,15,71,33,19,Medium,0,-0.49015877577451056,-1.4003636489897973
40939,26,Male,USA,Strategy,4.914743369558996,0,Easy,5,101,55,45,Medium,2,0.7590765561102775,0.6476669987177643
40931,38,Female,USA,Simulation,22.01697413166454,1,Easy,17,169,10,3,High,3,0.5741842107487889,-1.498769122263506
43245,20,Male,Other,RPG,23.808529458112176,0,Easy,7,132,32,22,High,2,1.6468255716967146,-0.5474714592558756
14936,24,Female,USA,Action,1.018647166338087,0,Easy,16,133,19,20,High,0,0.33979692637999176,-0.8076353727909891
31866,46,Male,Asia,Simulation,1.3372064271536752,0,Easy,16,131,23,19,High,0,-0.608086639303102,-1.7659974589258474
39289,40,Male,USA,Strategy,8.164564387818544,0,Hard,19,13,86,34,Medium,1,-0.7242390570346818,0.5645322839070548
11741,35,Male,Asia,Action,17.382311422241976,1,Easy,16,61,35,49,Medium,3,1.8101300610215014,0.26903082480273327
23926,35,Male,Asia,Strategy,9.029619835731893,0,Medium,14,126,95,8,Low,0,-0.8673276168891754,0.31643414701542866
26028,21,Female,Europe,Action,12.027510667131224,1,Medium,11,136,28,0,High,3,-0.5213710613621909,0.49937396067295936
13650,23,Female,Europe,Action,5.445801367895315,0,Hard,18,69,83,13,Medium,0,-0.9227236460742609,0.9809075815671282
34071,31,Female,Other,Sports,12.22688643665962,0,Easy,18,119,84,3,High,0,0.1954111083122739,-0.1878383821710201
40927,47,Male,Asia,Strategy,17.815404584184833,0,Easy,16,148,3,16,High,0,0.41351297810148313,-2.813028272634076
18444,32,Male,Europe,Strategy,4.910975915791092,0,Easy,0,59,43,49,Low,2,0.35134821389892135,0.5126013205950495
21522,39,Male,USA,Action,10.077584465866073,1,Hard,9,97,96,42,Medium,3,-0.7914696123837272,2.065404476730488
20181,17,Male,Asia,RPG,1.493403030538321,0,Easy,8,142,12,14,Low,1,0.05754858910409474,-0.4060087550466842
20149,45,Male,Europe,Strategy,15.47520158928054,0,Easy,13,133,58,43,High,0,1.060096179896414,-0.9556205416840442
34334,21,Female,Other,Simulation,8.723163437981302,0,Medium,16,92,64,5,High,0,-0.30701760189019545,0.3059104616310361
32578,40,Male,Europe,Sports,5.476786113107909,0,Hard,14,62,96,49,Medium,1,-0.5754366580425639,1.0361296003622136
41941,33,Male,Europe,Sports,12.896928624039298,1,Easy,3,126,83,22,High,3,-0.03382231267569423,1.584929166546616
24022,20,Male,USA,Sports,14.983348546354057,0,Hard,8,129,50,38,Medium,1,0.3574313460496862,0.5620725753465144
19405,45,Female,Asia,Sports,15.880583553943683,1,Hard,14,118,33,26,Low,3,-0.8526552667429753,-0.2512886936135681
33512,32,Male,USA,Sports,1.6176372948103364,1,Easy,4,98,5,26,Medium,3,-0.4970080047612195,0.29670982442238897
40096,35,Male,USA,Strategy,9.23104734679426,0,Easy,12,32,59,32,Medium,2,0.47281496946920437,0.03607469499958774
43138,16,Female,Asia,Action,1.1430725263375523,0,Easy,0,86,36,34,Low,2,0.2737736560064451,0.9535909514250707
33280,44,Male,USA,Strategy,1.6623420932241384,1,Medium,0,151,41,9,Low,3,-2.438996456232763,0.4912036509654615
33137,27,Female,Asia,Simulation,0.6932154451108392,0,Medium,0,152,87,6,Low,1,-1.8508339653834667,1.2131174412530878
30464,17,Male,USA,RPG,12.415833468528245,0,Easy,12,23,46,30,Medium,2,1.3805654002665746,0.5197157123860008
32176,23,Male,Asia,Simulation,0.8853969354824054,0,Hard,2,44,97,46,Medium,2,-0.9279817625299139,2.5343271509174286
30127,21,Male,Europe,Sports,15.33677896816826,0,Medium,3,155,25,10,Medium,1,-0.21483583551858046,-0.39829910108334154
23828,39,Male,Europe,Action,23.700001475324783,0,Easy,19,122,3,30,High,0,1.7752393718439081,-2.4793155432503173
12438,32,Female,USA,Strategy,14.500423735054929,0,Hard,9,58,16,38,Medium,0,-0.17724589646723254,-0.518531278944554
22174,23,Male,USA,Simulation,17.061613606395913,0,Medium,8,131,36,0,Medium,1,-0.3284999249011658,-0.5125145815678144
36910,43,Female,USA,Action,15.489465545702265,0,Easy,10,34,86,21,Medium,0,0.02976723121630782,0.058319729145380764
19351,41,Male,Asia,Sports,2.939193645205924,0,Easy,5,105,53,37,Medium,0,-0.2862317554203315,-0.14773213832761203
31842,45,Female,Europe,Strategy,21.88250039315397,0,Easy,5,120,11,7,Medium,0,-0.16701785437997177,-2.167005408696764
30368,29,Male,USA,Strategy,19.454982061651044,0,Medium,10,48,10,9,Medium,0,-0.06604542040518845,-1.1125739490171143
34621,47,Female,USA,Action,2.430715801964836,0,Medium,19,31,54,9,Medium,0,-1.597717880997138,-0.8184642038619458
40767,42,Male,Europe,RPG,6.790113723157631,0,Medium,9,92,89,28,Medium,1,-0.891489193690212,0.4628813386164296
16948,20,Male,USA,Strategy,23.452326267307534,0,Hard,7,155,79,23,Medium,1,0.3387028630862825,0.7682237214485534
37280,22,Male,USA,Action,10.803456950401392,0,Medium,14,157,38,45,High,0,1.248275957573243,-0.14411340000947917
14853,35,Male,USA,Sports,11.239322767791595,0,Hard,9,131,59,1,Medium,1,-1.8166094956279615,-0.2686398303046122
14881,39,Male,USA,Simulation,5.822233414435858,1,Easy,16,163,85,11,High,3,-0.44331854735702403,0.7331531461113967
47062,33,Female,USA,Simulation,0.7076673319564017,0,Easy,16,156,31,20,High,0,-0.04557106686630871,-1.0438443997469644
45307,16,Male,USA,Action,9.384528007215224,1,Easy,13,18,18,1,Low,3,0.14909316646057996,0.8069480861527216
17492,33,Female,Asia,RPG,7.526203162056207,0,Medium,19,166,40,17,High,0,-0.17607569852094676,-1.0612353150208667
25570,19,Male,Asia,Simulation,22.800809916170227,0,Medium,4,22,66,4,Low,2,-0.017704579294435373,0.831008012199029
27859,29,Female,USA,Simulation,1.2778159421795383,0,Medium,4,179,49,24,Medium,1,-0.9539074190768158,0.15719070814924685
31364,30,Male,Asia,Action,0.4649056224740144,1,Easy,10,19,57,11,Low,3,-0.8941854974420124,1.4943490409649671
45885,15,Male,Europe,Action,18.997898070471315,0,Easy,9,141,43,30,Medium,2,1.9181222842643895,0.029601190872589302
39537,22,Male,Europe,Simulation,8.422803422782085,1,Easy,4,151,5,2,Medium,3,-0.4054362035141395,0.12756642555278783
25966,30,Male,Other,Strategy,12.50156360366459,1,Easy,1,30,69,10,Low,3,-0.5783755400971377,1.7611331353644812
38660,39,Female,USA,Strategy,16.660410970441937,1,Hard,4,145,83,16,High,3,-1.456091905586235,1.349529813091322
33932,25,Male,Other,RPG,1.4963933915688807,0,Hard,4,36,30,47,Low,0,-0.7518386213057912,0.8737450454956188
42842,40,Female,Asia,Strategy,16.571327349256606,1,Medium,0,84,12,46,Low,3,0.02491842812480331,0.2596288338167293
44308,49,Male,USA,Strategy,2.611861209044024,0,Medium,17,161,57,26,High,1,-0.9933735388566004,-1.1018609610270804
44218,35,Female,Asia,Sports,2.8269143412092133,0,Hard,16,41,84,33,Medium,1,-1.02899228857167,0.908861556220376
40212,43,Male,Asia,Simulation,6.9950764785808905,0,Medium,12,161,70,28,High,1,-0.647078744296974,-0.4149468945427382
16301,44,Male,Europe,RPG,6.915796628622848,0,Easy,13,120,33,6,High,0,-0.7949503146754058,-1.5629618974572823
13032,22,Male,Europe,Simulation,2.906113686819774,0,Medium,12,119,88,2,High,0,-1.056733097393542,0.9909466830170403
35283,16,Male,USA,Strategy,4.642193691746152,0,Easy,17,158,71,5,High,0,0.399224040650363,0.34517656749087167
13325,29,Male,Asia,Action,19.61459916786264,0,Easy,6,22,99,31,Low,0,1.0186318217173316,1.2160852009697765
33997,19,Male,Europe,Action,5.2725584624505855,0,Easy,12,99,23,43,Medium,0,1.4090536293854983,-0.06069458017105325
9040,49,Female,Europe,Strategy,13.714087008439236,1,Medium,15,43,93,29,Medium,3,-0.544930209416021,1.0868388233604904
47676,36,Male,USA,RPG,7.216054281067826,1,Medium,12,176,33,13,High,3,-0.9144638689392203,-0.029473024703529797
21292,40,Female,USA,Action,20.12450132863396,1,Hard,8,36,1,14,Low,3,-1.1617725705914526,-0.3985517146882177
13815,26,Female,Europe,Sports,13.209899796789143,0,Easy,7,99,88,32,Medium,2,0.9134023111900887,0.9518512638804189
41139,29,Female,USA,Strategy,19.175801173963283,0,Medium,12,43,80,16,Medium,0,0.1699795475971792,0.47555070656875287
42063,20,Female,USA,Sports,20.640080264363363,0,Easy,12,122,3,42,High,2,2.4348918570972047,-1.0802908445419657
9655,41,Female,USA,Sports,22.209379179039303,0,Easy,15,114,9,8,High,0,0.5725409928652405,-2.4220646870531772
15002,20,Female,Europe,Action,17.408639168866333,0,Hard,15,59,75,39,Medium,0,0.7950088523217096,1.0460808938049388
9323,33,Female,Europe,Action,2.05998476913324,0,Medium,9,56,38,7,Medium,1,-1.5695871482255168,-0.20313205267779655
41425,29,Male,Europe,Sports,13.98732957789302,1,Medium,9,74,68,33,Medium,3,0.22258287392779902,1.6334393778174114
15793,42,Male,USA,RPG,6.918436631673497,1,Easy,11,23,1,30,Low,3,-0.14428590262857807,-0.3714538242986457
33597,20,Female,USA,Sports,4.305801233435619,1,Hard,0,118,1,10,Low,3,-1.847245696408103,0.9549936403670701
30268,27,Male,USA,RPG,20.70132439436886,0,Easy,5,80,43,21,Medium,2,0.9173292284394184,-0.26622100373527746
15379,26,Male,USA,Strategy,19.95087425888197,0,Medium,11,94,84,45,Medium,0,1.4022475126675042,0.8245390856954168
44194,23,Female,USA,Simulation,19.97470353763768,1,Medium,12,18,94,35,Medium,3,1.0010561328346577,2.4495875226366803
22413,25,Female,Asia,Strategy,10.229601881698551,0,Medium,18,40,5,48,Medium,0,1.2870358072828785,-0.6912414543244644
29959,25,Female,Europe,Sports,0.0602126831764318,0,Hard,14,63,53,29,Medium,1,-0.9734781141426575,0.7167286318772638
24885,17,Male,Asia,Action,20.257174286462565,0,Easy,13,106,76,39,High,2,2.360052794917988,0.7027645226657314
43110,17,Male,Europe,Simulation,16.63138374815379,0,Easy,2,59,26,13,Low,2,0.6126095802357944,0.06241995651617343
11830,26,Male,USA,RPG,12.060253033371836,0,Hard,9,51,41,48,Medium,0,0.22582810357630143,0.5232842691008915
24484,28,Male,Europe,Sports,0.9134971292171404,0,Hard,1,114,22,12,Low,1,-2.2174989126083706,0.031229721354941915
27112,28,Female,USA,Strategy,10.180003103292368,0,Easy,3,74,89,47,Medium,2,0.9204066276062324,1.384293709741349
41931,25,Female,USA,Strategy,5.334063610572531,0,Medium,15,65,3,17,Medium,0,-0.28066482877887433,-0.8899737857553367
11296,22,Male,Asia,Strategy,23.31637557671853,0,Easy,17,72,1,12,Medium,0,1.649772174698543,-1.6155459857408085
38180,21,Female,USA,Sports,1.7119189086385616,1,Easy,18,122,6,31,High,3,0.9081936627072175,0.19929942250702795
33332,49,Male,Other,Simulation,1.619115717952976,0,Medium,7,114,89,15,Medium,1,-2.0800637161007502,0.14028935667513404
41627,21,Male,Europe,Action,12.398225907158878,0,Medium,19,47,27,49,Medium,0,1.6706551028291943,-0.12719008118399297
45925,39,Female,USA,Simulation,4.603956106264071,0,Easy,10,97,74,10,Medium,1,-0.8391062930133681,-0.08362573377860331
31575,20,Female,Europe,RPG,4.991380259511964,0,Hard,16,169,96,23,High,1,-0.4562029244059967,1.2216544562351004
17141,41,Female,Asia,Strategy,2.06263415792215,0,Medium,13,162,89,25,High,1,-0.9789842994919166,0.1651051738049237
42145,48,Male,USA,Sports,22.460112191604043,0,Hard,8,144,14,13,Medium,1,-1.1422615959902862,-2.0875097972064
20259,28,Male,Asia,RPG,1.343886925870784,0,Easy,19,71,33,26,Medium,0,0.46385513966235975,-0.5126750388202486
21107,36,Male,Europe,Action,20.95877170963078,0,Easy,4,79,71,45,Medium,2,1.3285311967154914,0.22381595456410242
25711,28,Male,USA,Strategy,7.383737816764858,0,Hard,6,15,61,0,Low,1,-2.132790993766865,0.7843641657231336
14343,18,Female,Asia,Action,5.974598300907724,0,Easy,19,107,34,32,High,0,1.462143192176256,-0.22589422601211243
47909,22,Male,Other,Sports,11.51569424864988,0,Hard,5,159,87,44,Medium,1,0.08767101842278004,1.4656736769940688
41453,41,Male,Europe,RPG,19.59380241411251,1,Medium,11,41,12,24,Medium,3,-0.08928038335200869,-0.392720799889147
24177,35,Male,USA,RPG,22.73385167762172,0,Easy,1,40,36,10,Low,0,0.07257379810466555,-0.6427864799785522
31206,39,Male,Europe,Simulation,10.396626422941402,0,Easy,13,81,99,24,Medium,0,0.15958696296537359,0.3983203324811181
37792,44,Male,Europe,Sports,6.768012139028908,0,Easy,10,18,55,21,Low,0,-0.5860076853344566,-0.3833923463321596
35678,37,Male,Other,Action,0.4400604549797924,0,Easy,12,76,34,17,Medium,0,-0.6575056433213909,-0.7049387978864411
38955,33,Female,Europe,Sports,0.304489858122877,0,Easy,8,80,77,30,Medium,2,-0.2905821117935509,0.7408901650664659
30084,46,Female,Europe,Simulation,8.773508231751478,0,Medium,13,172,49,30,High,1,-0.48572636442508393,-1.142469320404913
27750,35,Male,Asia,Sports,17.89476676834573,0,Easy,15,144,55,32,High,0,1.372366230442059,-0.8585409990591114
18556,22,Female,Asia,Strategy,15.76889516573235,0,Medium,18,116,74,11,High,0,0.46862496635764894,0.17251332813509046
20204,39,Male,USA,RPG,12.337442848484493,0,Easy,5,100,5,25,Medium,0,0.06408462782853279,-1.4940938194625626
30783,27,Female,USA,RPG,1.0717596199429105,0,Easy,8,159,31,24,Medium,1,-0.035193792681302294,-0.40305924505542173
19491,27,Male,USA,Sports,7.370091072390734,1,Easy,4,160,10,45,Medium,3,0.8639071307636089,0.43786031432435546
44577,40,Male,Europe,Action,5.384825477437444,0,Easy,5,28,6,30,Low,0,-0.3686107306416235,-0.993962675629389
18419,45,Female,USA,Strategy,12.574412270854932,0,Easy,12,127,28,17,High,0,-0.0919802379421757,-1.750584706273798
10784,37,Female,Europe,Sports,21.79741614410041,0,Easy,10,31,96,30,Medium,0,1.0180405024436519,0.4965616570288766
14923,43,Male,USA,Strategy,5.317713283387218,0,Hard,16,47,23,27,Medium,0,-1.3220812086289295,-0.9932110410876489
12016,25,Female,Other,Simulation,8.847465932465463,0,Easy,8,51,12,35,Medium,2,0.8560897539787791,-0.41319509498722895
43934,29,Male,USA,RPG,14.324228972699425,0,Easy,2,51,9,8,Low,0,-0.21704421928216483,-0.841904849623968
30696,43,Male,USA,Sports,12.54138968144149,0,Medium,2,147,10,3,Low,0,-1.624896959955069,-1.6937956952418132
10993,46,Male,Europe,Sports,0.966682958010793,0,Easy,14,140,22,27,High,0,-0.4360464485219921,-1.6470724860993582
16592,34,Male,Asia,Action,5.014852405462406,1,Hard,13,28,62,8,Medium,3,-1.987177117225414,1.4293001823446512
42363,38,Female,Asia,Sports,16.845582757609215,1,Medium,18,84,12,24,High,3,0.2696939070853097,-0.6409675389585723
25366,18,Male,USA,Action,17.984436813649715,0,Easy,4,42,64,47,Medium,2,1.9154577263975192,1.1624252058002156
32556,48,Male,Europe,Strategy,22.26163363568421,0,Easy,13,157,59,42,Medium,0,1.3906135776991257,-1.3654713894330168
28263,27,Male,Europe,Strategy,3.5579816899338432,0,Medium,2,162,38,18,Medium,1,-1.0417281171654236,0.03151910781951159
43561,46,Male,Europe,Simulation,3.873990385479809,1,Easy,16,97,77,39,High,3,0.05937689521561378,0.822348618244017
15424,35,Male,USA,Sports,9.465856896798524,0,Easy,10,161,83,10,High,0,-0.2667936622288707,-0.07747502143917988
38920,48,Female,Europe,Simulation,9.975660760253216,0,Medium,1,46,32,26,Medium,0,-1.3983393425804251,-0.6902648682992072
22208,46,Female,Asia,Sports,7.019956154338032,0,Easy,17,65,94,32,Medium,0,0.11555607837744698,0.023945395356931472
27149,16,Male,USA,RPG,5.436551997095175,0,Hard,10,162,99,22,High,1,-0.6178579184346781,1.736770531970752
40676,26,Male,Other,Action,12.28925612883756,0,Easy,6,29,76,7,Low,2,-0.17691306828864725,0.7686141209964933
32995,43,Male,Asia,RPG,9.487901272256844,1,Easy,5,112,83,28,Medium,3,-0.385894854435574,1.238811975283881
47776,40,Male,Europe,Action,21.328159427776843,0,Easy,11,42,18,17,Medium,0,0.5632563492898442,-1.604285096473649
16154,35,Female,Asia,RPG,19.08311632754398,0,Hard,7,82,19,49,Medium,0,0.3283301651873217,-0.6153792630656701
23565,22,Male,USA,Strategy,9.592538008927686,1,Hard,12,175,28,15,High,3,-0.7300375202034417,0.6418012834124895
31454,31,Male,Europe,Strategy,2.6506687523518035,0,Easy,14,102,66,40,High,0,0.66784251435491,0.28528128409914644
16525,26,Female,USA,Action,14.258320753657763,1,Hard,4,99,10,26,Medium,3,-0.6765157828795738,0.6699186324297888
46266,18,Female,Other,Sports,21.88516692380417,1,Medium,14,44,31,38,Medium,3,1.6719031023728457,1.0602630969506999
39298,46,Male,Other,Action,22.90722339969173,0,Medium,16,82,65,15,Medium,0,-0.047922600363247546,-1.0983743627058338
36036,46,Female,Europe,Sports,4.564247576742601,0,Medium,9,168,94,9,High,1,-1.800356621706367,-0.0448108099501276
34516,25,Female,USA,RPG,12.491383345226346,0,Easy,14,12,28,1,Low,0,0.11953036683108514,-0.602483302155634
48213,49,Male,Europe,Sports,5.852282518162587,0,Easy,16,40,82,29,Medium,0,-0.26701494147105725,-0.24544157133081637
45640,48,Female,USA,Action,19.78464816972572,0,Easy,14,24,43,34,Medium,0,0.830965896825006,-1.2593610491467022
13448,38,Male,Asia,RPG,6.759390719119408,0,Medium,8,139,21,26,Medium,0,-0.6956318133046301,-1.0392117510877206
48055,20,Male,USA,Strategy,16.927681000211656,0,Easy,9,109,32,40,Medium,2,1.8985819009975715,-0.16864215295015347
10736,18,Female,Europe,Action,9.744617851721593,1,Easy,19,138,49,13,High,3,0.9497570696963592,0.7975073531080473
33701,37,Male,USA,RPG,2.6847583077409363,0,Easy,18,38,11,7,Medium,0,-0.5728632308537496,-1.4910143362495285
26280,34,Male,Europe,Action,13.957330746411998,0,Medium,14,97,31,25,Medium,0,0.16876667953589428,-0.9230464323991477
14233,46,Female,USA,Sports,4.584895018696206,0,Easy,5,26,78,10,Low,0,-1.4936882803330895,0.16722334005664463
14882,42,Male,USA,Simulation,20.918797361701778,0,Medium,6,29,14,21,Low,0,-0.3197352690866605,-1.3089831817882474
24435,42,Male,USA,Sports,1.6096251219734734,0,Hard,7,51,80,6,Medium,1,-2.825116189544435,0.5879650125717535
48173,37,Male,Other,Strategy,6.896101595473469,1,Easy,14,74,8,41,Medium,3,0.6739174320146979,-0.1923816975997152
16122,44,Male,Asia,Action,9.405247491583598,0,Hard,0,95,76,17,Low,1,-2.2819074205752976,0.42582337428602646
27918,44,Male,Europe,Simulation,17.20980813452456,1,Easy,12,61,66,16,Medium,3,-0.015681353695513937,0.37820829137749695
28545,25,Male,USA,Simulation,11.178809429487432,0,Medium,17,175,14,28,High,0,0.7478681244322658,-1.2071155393988828
12108,40,Female,Europe,Sports,4.755602969743058,0,Medium,6,21,86,6,Low,1,-1.9826848724053594,0.7262111465441389
12388,31,Male,Europe,Simulation,23.59366363455005,0,Medium,2,169,97,49,Medium,0,1.199449920292774,0.9087060625689841
20028,21,Female,USA,Strategy,21.866082396920884,0,Easy,9,64,54,33,Medium,2,1.8519471709466935,0.24816189286855084
21141,21,Male,USA,Sports,22.64729185589656,0,Easy,4,151,33,3,Medium,0,0.7108702016463,-0.6821684945993263
44582,16,Female,USA,Strategy,22.66407646680609,0,Easy,10,149,87,0,High,0,1.0505799621535676,0.49031132098235186
9967,24,Female,Europe,Sports,1.1719749413313574,0,Hard,11,121,4,7,High,1,-1.6596679988715484,-0.6941142160058318
35803,27,Male,Europe,Simulation,7.026288155666292,1,Medium,11,17,86,5,Low,3,-1.170218945783843,2.1762340787456695
33987,18,Female,USA,Sports,6.101631972604161,0,Easy,8,23,62,14,Low,2,0.1044188201753675,1.011488931352064
32743,22,Female,Other,RPG,12.162290154691512,0,Easy,13,80,89,18,Medium,2,0.7913948386182715,0.8689367885259991
43237,29,Female,Europe,Strategy,10.303167858579542,0,Medium,13,91,6,21,Medium,0,-0.03988992998809153,-1.1240589912864167
27769,22,Female,USA,Action,8.709187531195912,0,Easy,17,95,91,44,High,2,1.715678440068935,1.0465700580157724
39008,20,Male,Europe,RPG,12.89943754078226,0,Easy,1,179,33,5,Low,1,0.04267121693974674,-0.329566541657466
23049,31,Female,USA,Sports,2.711181747562297,0,Hard,16,115,32,44,High,0,-0.30522446041729934,-0.24644472257020514
39822,28,Male,Europe,Sports,9.176517684574671,0,Medium,0,162,60,44,Low,0,0.10060277188159363,0.6753766070773134
33731,34,Male,Other,Sports,15.321848845949525,1,Easy,13,178,52,16,Low,3,0.5023606719065788,0.08519321555721755
25768,18,Male,Europe,Strategy,3.10521012185012,1,Medium,9,33,92,26,Medium,3,-0.39395796092836866,3.0799499996999082
40036,34,Male,USA,RPG,5.507553111742775,0,Hard,14,149,71,40,High,1,-0.49556428012596326,0.32249104278586554
37359,27,Male,USA,Action,17.982123629868813,0,Easy,17,100,87,4,High,0,0.7105374226081531,0.03719893257087297
48926,37,Male,Europe,RPG,6.898365746317112,0,Hard,8,19,11,34,Low,0,-1.1460722088822595,-0.5032986861032136
33870,47,Female,Europe,Action,15.988441163290442,0,Easy,10,88,50,31,Medium,0,0.374890893567814,-1.0630157344037752
12715,28,Male,Asia,RPG,4.3944298605217655,0,Hard,0,105,20,21,Low,1,-1.7179298390548565,0.060373697290759185
25872,25,Male,Other,Action,19.61805181421988,1,Medium,4,71,88,4,Low,3,-0.5583262490122103,2.0437500599465728
21144,29,Male,USA,Simulation,12.014308375225529,0,Easy,18,110,67,5,High,0,0.3478006798699941,-0.4141536412533655
9550,39,Male,Europe,Simulation,12.11606921354355,0,Hard,3,179,53,13,Medium,1,-1.7329637011172698,-0.4277359504445197
24503,25,Male,Europe,Action,0.5050882233079035,0,Medium,9,151,26,45,Medium,0,0.16963908487750382,-0.037098127110614935
33517,33,Female,Asia,Strategy,19.527308761876604,0,Medium,18,41,11,6,Medium,0,0.0667538478732084,-1.6226475478254299
40137,44,Female,USA,RPG,2.583939919831052,0,Easy,8,16,53,30,Low,0,-0.6509867769221555,-0.12875860875081338
31961,15,Male,Europe,Action,9.779060610903196,0,Easy,4,137,15,4,High,1,0.12841424428353387,-0.385252397828795
15670,49,Male,USA,Simulation,5.167839642844852,0,Medium,15,175,19,5,High,0,-1.6086222129215177,-2.2116269790986753
18103,33,Male,Europe,Sports,23.753269271513048,0,Easy,5,154,56,9,Medium,0,0.5220839237839716,-0.753873410226021
39312,29,Male,USA,Action,5.866272053484038,0,Easy,5,130,79,36,Medium,2,0.3804198233221805,0.8138009355781258
36679,49,Female,Europe,Strategy,1.8724414239492693,0,Easy,12,65,15,40,Medium,0,-0.22699916634586473,-1.4587072254209446
20146,21,Male,Asia,Action,8.285538519544408,0,Medium,3,55,64,19,Low,2,-0.5563759123562273,1.156910728530632
18641,31,Male,USA,Sports,15.834237739416317,0,Easy,18,154,35,25,High,2,1.3441774342425548,-1.3009457297678633
22968,19,Male,Other,RPG,18.697284765116045,1,Hard,7,139,89,47,Medium,3,0.778260269204202,2.5850526419609055
16212,36,Male,Europe,Sports,12.445133144298817,0,Medium,1,103,16,17,Low,1,-0.9518145020793447,-0.8679481900112428
9070,38,Female,Europe,Action,20.16071100731581,0,Easy,13,79,29,32,Medium,0,1.2453105817352264,-1.3070190522887395
18880,44,Female,Europe,Strategy,1.0382062729366703,0,Easy,15,142,15,37,High,0,0.07639771210250138,-1.6600130384003036
43135,27,Male,USA,Action,20.72548171107957,1,Hard,6,170,56,49,Medium,3,0.6851990326863432,1.3513342230673717
36707,41,Male,Asia,Simulation,4.665423188211164,1,Easy,6,18,54,45,Low,3,-0.05303679259390634,1.3141031657389222
46815,37,Female,USA,Sports,6.934700981520265,1,Easy,1,119,22,8,Low,3,-1.1428704756684802,0.15755901474854167
9953,22,Female,USA,RPG,22.27951641945532,1,Hard,4,58,83,24,Medium,3,-0.18600330808186036,2.4198914126192714
45417,16,Female,Other,Sports,8.78461508181883,0,Medium,9,151,52,29,High,1,0.5020463120331811,0.5805664745251882
29391,38,Female,Europe,RPG,13.759801685405582,0,Easy,18,76,45,18,Medium,0,0.5397654952916351,-1.1145991875317018
9853,27,Female,USA,Action,19.33089412262859,0,Easy,16,176,29,0,High,0,0.7852467495019577,-1.6008166625126328
35851,21,Female,Other,Strategy,17.813670190879908,1,Easy,3,70,23,35,Low,3,1.2793086034915961,1.019309401285568
43404,28,Female,Europe,Sports,15.610974751169495,0,Hard,10,92,98,1,Medium,0,-1.276511571568444,0.9288500076645088
18986,19,Female,Europe,Strategy,8.332967609121415,0,Easy,12,40,9,32,Medium,2,1.1623675582254838,-0.34055786481506867
17501,39,Male,USA,RPG,11.79978612766132,0,Medium,19,51,78,6,Medium,0,-0.7365173200817677,-0.26832654331088646
33438,38,Female,Europe,RPG,18.522859864543328,1,Easy,6,168,69,18,Medium,3,0.22511587206432604,0.5470319934421146
14595,40,Male,Europe,Sports,4.163497409266734,0,Easy,3,151,61,1,Medium,1,-1.5085406841423465,-0.41856699915458806
33999,47,Female,Europe,RPG,23.61982002006274,0,Easy,6,73,69,22,Medium,0,0.3183192874237045,-0.7093406199640343
9962,35,Male,Asia,Sports,14.26706496378324,0,Hard,15,159,74,23,High,1,-0.49126676188850316,-0.1534353767171633
46229,26,Male,Asia,Action,19.798169579490583,0,Easy,14,174,26,18,High,0,1.4040605459863167,-1.3572411942697358
45757,24,Female,USA,Action,13.594878178244327,0,Medium,9,82,52,23,Medium,0,0.18571537884667458,0.28065990056098056
10033,42,Male,Europe,Strategy,2.28585707577695,0,Easy,2,66,4,14,Low,0,-1.3414962211452075,-1.2338864089266552
36437,27,Female,Other,Action,9.416008264866049,0,Medium,13,95,67,25,Medium,0,0.051331905323943966,0.39137377996340333
43638,27,Female,Asia,RPG,19.22328189827897,1,Hard,3,112,5,29,Medium,3,-0.3004759775496879,0.39594857244343945
31039,44,Female,USA,Strategy,11.472997411794754,0,Easy,16,118,32,48,High,0,1.1797815122630106,-1.4001010849273676
33651,19,Male,USA,Sports,1.81024124419646,0,Easy,19,44,27,26,Medium,0,0.846464122175361,-0.1301306784169063
37762,19,Male,USA,RPG,15.036662475751932,1,Medium,6,76,94,35,Medium,3,0.5990471525144162,2.8002884152230623
18506,45,Male,Asia,Action,9.439560534766034,1,Hard,0,46,78,7,Low,3,-2.8559628110660635,1.6185111724889756
39840,29,Female,Europe,Action,19.03180721141836,0,Medium,9,147,38,22,Medium,0,0.41468366850119975,-0.6845783038799554
29745,20,Female,Europe,Action,9.993127412258678,0,Medium,7,81,23,7,Medium,1,-0.5327706424238273,-0.15893868486445462
11767,16,Male,USA,RPG,16.04341901490432,0,Easy,11,68,18,17,Medium,0,1.2476249330239981,-0.4296670907094922
29162,34,Male,USA,Simulation,22.60766204434352,0,Easy,17,41,57,18,Medium,2,1.1962654109715316,-0.719617245700181
32942,44,Male,USA,Action,17.84778320257412,0,Hard,4,15,67,35,Low,0,-0.9465407011738128,0.3202643735400237
13689,45,Male,Europe,Action,7.046737854319989,0,Easy,12,17,84,42,Medium,0,0.20952124740719735,0.34795790008352157
40612,39,Female,USA,Sports,7.507211615431906,0,Easy,4,89,2,39,Medium,0,0.17610985876607732,-1.2000509831222563
21146,29,Male,USA,Sports,23.34694698054336,0,Medium,18,122,35,48,High,0,2.0807664050223997,-0.8875597368707225
25842,37,Male,Asia,Strategy,8.359645975189371,1,Hard,8,161,46,13,Medium,3,-1.7670243790525353,0.5771068835561204
26237,39,Male,Europe,Action,8.952073016131681,1,Easy,9,44,29,3,Medium,3,-0.9636733620052096,0.06965606279964949
9128,39,Female,Europe,RPG,14.173755660725837,0,Easy,15,108,49,32,High,0,0.9109046297901747,-0.9384830302158939
33115,39,Male,Europe,RPG,11.986642506554515,0,Hard,0,144,36,29,Low,1,-1.3456755330328618,-0.37828650856322027
41730,24,Male,USA,Strategy,10.620335737248126,0,Easy,13,153,73,20,High,0,0.7924701400461568,0.19122369516510465
47347,31,Male,USA,Sports,5.506950882620572,0,Easy,14,149,99,17,High,0,0.05357586866659859,0.5289673959678193
