Age,PlayTimeHours,InGamePurchases,GameDifficulty,SessionsPerWeek,AvgSessionDurationMinutes,PlayerLevel,AchievementsUnlocked
1.6885567518554006,-1.2568714729112203,1.9753381442967495,0.3909254917484843,1.1281175308920752,-0.6752429803829385,-0.22020786327305308,-1.2750954144438607
-0.2938990765630327,1.1453883686701332,-0.5062424389906242,1.6853807624388295,0.07707635304231562,0.05681590336655809,-0.04404157265461062,-0.925121375237663
0.0034692976997322722,1.690056587159692,-0.5062424389906242,0.3909254917484843,0.2522498826839422,-1.6106515540628508,-1.3124388651073964,0.6847592051108465
1.6885567518554006,-0.22197300438423356,-0.5062424389906242,0.3909254917484843,-0.4484442358825642,1.0735643530186367,-0.1849746051493646,0.9647384364758048
1.589433960434479,-0.8277201821766312,-0.5062424389906242,-0.9035297789418608,0.07707635304231562,0.626195035171722,-1.2419723488600194,-1.4150850301263398
1.0938200033298706,-1.1803866764806066,-0.5062424389906242,-0.9035297789418608,0.2522498826839422,1.5005987018725098,0.3787575248296513,0.6847592051108465
-1.681618156455936,0.09455722449992038,-0.5062424389906242,0.3909254917484843,-0.7987912951658175,-1.7326613680211003,0.6253903316954708,1.1047280521582838
-1.384249782193171,-0.14804187390614415,-0.5062424389906242,1.6853807624388295,1.1281175308920752,-0.22787366253602392,1.2243557197981751,0.054805934539690654
1.2920655861717139,0.593704976882105,-0.5062424389906242,-0.9035297789418608,0.6025969419671955,1.6022735468377176,-0.854406509499446,-0.4351577203489862
1.1929427947507922,0.7165185613442281,-0.5062424389906242,-0.9035297789418608,-0.9739648248074441,-0.8785926703133542,-1.4533718976021504,0.40477997374588837
1.589433960434479,0.8822620568028027,-0.5062424389906242,1.6853807624388295,1.6536381198169552,-0.24820863152906547,0.7663233641902247,1.1047280521582838
-1.384249782193171,1.7338016938047978,1.9753381442967495,-0.9035297789418608,-1.6746589433739505,-1.7529963370141417,-0.572540444509938,0.7547540129520861
1.589433960434479,1.1015334993845682,-0.5062424389906242,-0.9035297789418608,1.4784645901753286,-0.8379227323272711,0.3787575248296513,1.244717667840763
1.6885567518554006,-1.0573173565863765,-0.5062424389906242,0.3909254917484843,-1.6746589433739505,-0.4312233524664396,-1.4886051557258388,0.8247488207933257
0.3999604633834189,1.4362328157525663,-0.5062424389906242,1.6853807624388295,-0.9739648248074441,0.72786988013693,0.4139907829533398,-0.5751473360314653
-0.8886358250885626,-1.7278874235047212,-0.5062424389906242,-0.9035297789418608,-1.6746589433739505,1.0735643530186367,-0.8896397676231345,-1.555074645808819
0.8955744204880272,-0.21090827521893765,-0.5062424389906242,-0.9035297789418608,-0.4484442358825642,0.23983062430393223,1.0129561710560442,-1.1351057987613817
-0.3930218679839544,0.5749244234605925,-0.5062424389906242,0.3909254917484843,1.4784645901753286,1.154904228990803,1.1186559454271097,-1.205100606602621
-0.09565349372118939,-0.7263088079677301,-0.5062424389906242,-0.9035297789418608,1.6536381198169552,-1.5699816160767677,0.4492240410770283,-1.205100606602621
0.5982060462252622,0.6499289115699015,-0.5062424389906242,0.3909254917484843,1.3032910605337018,-0.69557794937598,-1.1715058326126424,1.524696899205721
-0.2938990765630327,-1.1646902518195208,-0.5062424389906242,-0.9035297789418608,1.3032910605337018,0.5041852212134726,-0.1849746051493646,-0.08518368114278844
-0.3930218679839544,1.5915259863891713,-0.5062424389906242,-0.9035297789418608,-0.09809717659931098,1.480263732879468,-0.2554411213967416,0.5447695894283675
-0.8886358250885626,0.9872205683874932,-0.5062424389906242,-0.9035297789418608,1.6536381198169552,-1.122612298229853,0.13212471796383185,-0.29516810466650706
-1.1860041993513277,0.6490014012699703,-0.5062424389906242,-0.9035297789418608,1.1281175308920752,0.13815577933872436,1.3300554941692406,-0.5751473360314653
0.6973288376461839,0.4165255089857059,-0.5062424389906242,0.3909254917484843,-0.4484442358825642,1.2769140429490524,0.09689145984014336,0.1248007423809302
0.8955744204880272,1.324102475782541,-0.5062424389906242,-0.9035297789418608,1.6536381198169552,-0.3498834764942733,-0.8191732513757575,-0.4351577203489862
0.7964516290671055,-0.3347431662011897,-0.5062424389906242,1.6853807624388295,-1.1491383544490708,-0.2685436005221071,0.6253903316954708,-1.6250694536500585
0.3008376719624973,1.7673427913761917,-0.5062424389906242,-0.9035297789418608,-0.6236177655241908,1.2159091359699277,-1.5943049300969043,-0.22517329682526754
-1.1860041993513277,1.0414341684539732,-0.5062424389906242,-0.9035297789418608,-1.3243118840906973,-0.654908011389897,0.16735797608752034,0.054805934539690654
-0.09565349372118939,-1.348969886141853,-0.5062424389906242,1.6853807624388295,-1.6746589433739505,1.3785888879142603,0.2730577504585858,-1.0651109909201422
-0.09565349372118939,-0.45787949426619823,1.9753381442967495,1.6853807624388295,-0.6236177655241908,-1.2242871431950608,-0.8896397676231345,-0.9951161830789026
0.8955744204880272,0.782996764601973,-0.5062424389906242,-0.9035297789418608,1.3032910605337018,0.2601655932969738,-0.1849746051493646,-0.4351577203489862
0.8955744204880272,-0.18922788425494247,-0.5062424389906242,0.3909254917484843,-0.4484442358825642,-1.3869668951393934,-0.1849746051493646,-1.3450902222851002
0.8955744204880272,0.3940870053292174,-0.5062424389906242,0.3909254917484843,-0.7987912951658175,-0.654908011389897,0.02642494359276637,1.4547020913644817
0.9946972119089489,-1.1769764786801409,-0.5062424389906242,-0.9035297789418608,-0.4484442358825642,1.4192588259003434,1.0481894291797327,-1.1351057987613817
-1.0868814079304059,1.0867232251138286,-0.5062424389906242,-0.9035297789418608,-1.499485413732324,-0.5125632284386059,-0.29067437952043007,1.3147124756820026
-0.5912674508257977,-0.14333399464986876,-0.5062424389906242,-0.9035297789418608,0.7777704716088221,0.19916068631784908,-0.04404157265461062,-0.7151369517139443
1.0938200033298706,-0.6293301730284685,-0.5062424389906242,1.6853807624388295,-0.9739648248074441,-0.7972527943411879,0.8015566223139132,0.6847592051108465
0.7964516290671055,1.0695107170311517,-0.5062424389906242,0.3909254917484843,1.3032910605337018,0.28050056229001535,0.7663233641902247,-1.3450902222851002
-0.8886358250885626,0.02987291817195455,-0.5062424389906242,0.3909254917484843,-0.09809717659931098,-0.04485894159864977,-0.572540444509938,1.0347332443170443
1.2920655861717139,-0.47398788013178406,-0.5062424389906242,-0.9035297789418608,-1.6746589433739505,0.07715087235959966,0.9777229129323557,1.0347332443170443
1.0938200033298706,0.09543655305945133,1.9753381442967495,0.3909254917484843,-0.7987912951658175,-0.9599325462855205,0.9777229129323557,-0.5051525281902257
-1.1860041993513277,-1.1281634656498671,-0.5062424389906242,0.3909254917484843,1.6536381198169552,0.7685398181230131,0.13212471796383185,-0.29516810466650706
-0.2938990765630327,0.6221888574413521,-0.5062424389906242,-0.9035297789418608,1.1281175308920752,1.0328944150325534,-0.1145080889019876,-0.08518368114278844
-0.6903902422467193,-0.7870985732006767,-0.5062424389906242,-0.9035297789418608,-1.3243118840906973,1.622608515830759,0.9424896548086672,0.6847592051108465
-1.4833725736140926,-1.361188365477099,-0.5062424389906242,1.6853807624388295,1.6536381198169552,0.9312195700673457,0.4844572992007168,1.0347332443170443
-0.789513033667641,1.1240501454132656,-0.5062424389906242,-0.9035297789418608,0.07707635304231562,-0.8175877633342294,0.4844572992007168,0.47477478158712794
-1.4833725736140926,-0.024306139916665165,1.9753381442967495,-0.9035297789418608,-0.2732707062409376,-1.5699816160767677,0.6253903316954708,0.2647903580634093
-1.0868814079304059,-0.3268730070104913,-0.5062424389906242,-0.9035297789418608,-0.6236177655241908,-0.7972527943411879,-0.2554411213967416,1.524696899205721
-0.789513033667641,1.4778035827595513,-0.5062424389906242,1.6853807624388295,0.6025969419671955,0.36184043826218165,0.02642494359276637,-0.08518368114278844
0.2017148805415756,1.6240825362593128,-0.5062424389906242,1.6853807624388295,1.3032910605337018,0.5448551591995558,-1.7000047044679698,0.8247488207933257
0.49908325480434057,-0.8348664811667879,-0.5062424389906242,-0.9035297789418608,-1.3243118840906973,-0.7972527943411879,0.9777229129323557,1.524696899205721
0.10259208912065393,-0.9847849480062413,-0.5062424389906242,-0.9035297789418608,-1.1491383544490708,0.5651901281925974,-0.46684067013887254,0.6147643972696071
-0.19477628514211104,0.7728581800577666,-0.5062424389906242,0.3909254917484843,-1.6746589433739505,1.6836134228098838,-1.1010393163652654,-0.925121375237663
1.2920655861717139,1.7696736817624041,-0.5062424389906242,1.6853807624388295,-1.1491383544490708,-0.7972527943411879,-0.783939993252069,-0.4351577203489862
-1.681618156455936,-1.7035649109079427,-0.5062424389906242,0.3909254917484843,1.1281175308920752,-0.6752429803829385,-0.32590763764411856,-0.7151369517139443
-1.4833725736140926,0.08089884527118628,-0.5062424389906242,-0.9035297789418608,-1.6746589433739505,0.07715087235959966,-0.008808314530922123,-0.7151369517139443
1.0938200033298706,-0.22738902314667606,-0.5062424389906242,1.6853807624388295,0.6025969419671955,-0.8989276393063957,-0.854406509499446,0.47477478158712794
0.7964516290671055,1.563443242693221,1.9753381442967495,-0.9035297789418608,-0.4484442358825642,0.15849074833176593,-0.854406509499446,-0.22517329682526754
-0.2938990765630327,-0.28880360388420145,-0.5062424389906242,0.3909254917484843,-0.09809717659931098,1.154904228990803,0.9777229129323557,0.40477997374588837
0.0034692976997322722,-0.7910304205616978,-0.5062424389906242,1.6853807624388295,0.42742341232556885,-1.2039521742020194,0.6253903316954708,0.054805934539690654
1.1929427947507922,-1.4147481046993682,-0.5062424389906242,1.6853807624388295,-0.09809717659931098,1.3582539189212186,0.4492240410770283,-0.155178488984028
0.8955744204880272,1.5492719999088147,-0.5062424389906242,0.3909254917484843,0.7777704716088221,0.4838502522204311,0.9424896548086672,0.33478516590464885
-0.9877586165094843,-0.8122912000487504,1.9753381442967495,0.3909254917484843,-0.2732707062409376,0.13815577933872436,-0.22020786327305308,-0.9951161830789026
-0.492144659404876,-0.8781397492698022,1.9753381442967495,-0.9035297789418608,0.2522498826839422,1.3785888879142603,1.6119215591587486,-0.5051525281902257
-1.384249782193171,0.80859921688833,1.9753381442967495,0.3909254917484843,0.2522498826839422,-1.7529963370141417,1.647154817282437,0.7547540129520861
-1.2851269907722493,-1.027012195694178,-0.5062424389906242,-0.9035297789418608,1.3032910605337018,1.581938577844676,-1.1715058326126424,1.3147124756820026
-0.09565349372118939,-0.8538964923358687,-0.5062424389906242,1.6853807624388295,-0.4484442358825642,1.154904228990803,-0.9953395419941999,-1.6250694536500585
-1.384249782193171,-0.24904046842674682,-0.5062424389906242,-0.9035297789418608,-0.9739648248074441,-1.2242871431950608,-0.32590763764411856,1.244717667840763
-0.09565349372118939,1.1613784594037995,-0.5062424389906242,1.6853807624388295,1.1281175308920752,-0.10586384857777448,0.9777229129323557,0.5447695894283675
-0.5912674508257977,1.2161598438517214,-0.5062424389906242,-0.9035297789418608,-1.1491383544490708,-0.69557794937598,1.0481894291797327,-0.015188873301548894
1.6885567518554006,1.5810265910660481,1.9753381442967495,-0.9035297789418608,-0.2732707062409376,0.9108846010743041,0.6253903316954708,-1.6250694536500585
0.9946972119089489,-0.49703758100375206,1.9753381442967495,-0.9035297789418608,0.9529440012504486,-1.0209374532646451,-0.22020786327305308,0.9647384364758048
0.7964516290671055,-1.0943866091762995,-0.5062424389906242,-0.9035297789418608,-0.9739648248074441,-0.04485894159864977,-1.2772056069837079,1.7346813227294398
-1.5824953650350142,0.2920189203468499,-0.5062424389906242,1.6853807624388295,1.1281175308920752,-0.8785926703133542,-0.7487067351283805,1.4547020913644817
1.2920655861717139,0.8045534412499261,-0.5062424389906242,0.3909254917484843,-1.6746589433739505,-0.1668687555568992,0.7310901060665362,0.8247488207933257
1.0938200033298706,0.40792754891540056,-0.5062424389906242,1.6853807624388295,-1.499485413732324,0.36184043826218165,0.2730577504585858,-0.155178488984028
0.9946972119089489,1.5495167687258682,-0.5062424389906242,-0.9035297789418608,-0.4484442358825642,1.3989238569073017,0.7310901060665362,1.6646865148882002
-0.3930218679839544,0.42988620174122766,1.9753381442967495,-0.9035297789418608,0.6025969419671955,0.1788257173248075,-1.1010393163652654,-0.4351577203489862
1.589433960434479,1.3121220542541119,-0.5062424389906242,-0.9035297789418608,-0.7987912951658175,0.6058600661786805,-0.9601062838705114,-1.1351057987613817
-0.19477628514211104,-1.2277733822721881,-0.5062424389906242,0.3909254917484843,1.4784645901753286,-1.2852920501741856,-1.4533718976021504,1.0347332443170443
-0.5912674508257977,0.6117437483133596,1.9753381442967495,0.3909254917484843,1.1281175308920752,0.4838502522204311,0.5901570735717823,-0.36516291250774663
1.490311169013557,0.297409488925679,-0.5062424389906242,0.3909254917484843,0.07707635304231562,0.4635152832273895,0.8015566223139132,1.7346813227294398
0.3008376719624973,-0.24397050702639342,1.9753381442967495,0.3909254917484843,-0.9739648248074441,-1.2039521742020194,1.647154817282437,-1.695064261491298
-1.681618156455936,0.9174719237904091,-0.5062424389906242,0.3909254917484843,1.1281175308920752,-0.7972527943411879,1.5414550429113716,0.8247488207933257
-1.681618156455936,1.4439832382412023,-0.5062424389906242,-0.9035297789418608,-1.1491383544490708,0.09748584135264123,1.3300554941692406,0.6847592051108465
0.2017148805415756,-0.5866556734872213,-0.5062424389906242,-0.9035297789418608,-0.6236177655241908,-1.2242871431950608,0.02642494359276637,0.47477478158712794
-0.2938990765630327,-0.4827720251136557,-0.5062424389906242,-0.9035297789418608,1.4784645901753286,0.09748584135264123,-0.43160741201518404,0.19479555022216974
0.5982060462252622,0.7447632143903878,-0.5062424389906242,0.3909254917484843,-0.6236177655241908,0.016145965380474945,1.0129561710560442,-1.2750954144438607
-0.492144659404876,1.1577212701773594,-0.5062424389906242,-0.9035297789418608,0.07707635304231562,0.4635152832273895,0.2730577504585858,-0.4351577203489862
1.3911883775926355,1.3735549768438307,-0.5062424389906242,-0.9035297789418608,-0.6236177655241908,1.2769140429490524,0.9424896548086672,0.9647384364758048
-1.4833725736140926,0.7991744981581027,-0.5062424389906242,0.3909254917484843,0.42742341232556885,0.5041852212134726,0.3787575248296513,0.5447695894283675
-0.492144659404876,-1.6627690229628886,-0.5062424389906242,1.6853807624388295,-0.9739648248074441,0.036480934373516516,-0.1145080889019876,-0.925121375237663
1.1929427947507922,1.4201495964092252,-0.5062424389906242,0.3909254917484843,-0.6236177655241908,-0.3092135385081902,-0.783939993252069,-1.2750954144438607
-1.2851269907722493,-0.3189416139128974,-0.5062424389906242,0.3909254917484843,0.9529440012504486,1.2972490119420939,0.9072563966849787,-0.6451421438727049
-0.09565349372118939,-1.4149765965066,1.9753381442967495,1.6853807624388295,-1.3243118840906973,1.439593794893385,1.717621333529814,1.0347332443170443
0.9946972119089489,-0.47970005435018936,-0.5062424389906242,0.3909254917484843,-1.3243118840906973,-1.2242871431950608,-0.502073928262561,-1.4150850301263398
0.3008376719624973,1.4322578407415976,-0.5062424389906242,-0.9035297789418608,-1.499485413732324,0.9108846010743041,-1.3829053813547734,1.1747228599995234
0.7964516290671055,0.06516626880774337,-0.5062424389906242,-0.9035297789418608,-0.4484442358825642,-1.6106515540628508,-0.07927483077829911,0.33478516590464885
0.0034692976997322722,0.5794703094198461,-0.5062424389906242,0.3909254917484843,-0.2732707062409376,-0.939597577292479,0.09689145984014336,1.4547020913644817
-1.1860041993513277,-0.920152460514234,1.9753381442967495,1.6853807624388295,-1.499485413732324,-0.8785926703133542,0.7663233641902247,-0.08518368114278844
-0.19477628514211104,-1.2070336946596631,-0.5062424389906242,1.6853807624388295,-0.09809717659931098,0.9515545390603872,1.7528545916535025,1.1747228599995234
-0.789513033667641,1.4622330499352425,1.9753381442967495,0.3909254917484843,0.9529440012504486,1.2362441049629693,-0.783939993252069,-1.205100606602621
1.2920655861717139,-0.6172373055709972,-0.5062424389906242,-0.9035297789418608,0.7777704716088221,0.15849074833176593,-0.22020786327305308,1.6646865148882002
-0.2938990765630327,-0.5236015692258552,-0.5062424389906242,0.3909254917484843,-0.9739648248074441,0.2601655932969738,-0.1145080889019876,-0.925121375237663
0.10259208912065393,0.45451850158452917,-0.5062424389906242,0.3909254917484843,0.9529440012504486,-1.1836172052089777,1.0481894291797327,-1.205100606602621
1.490311169013557,1.0783882804273461,-0.5062424389906242,-0.9035297789418608,-1.3243118840906973,-0.004189003612566626,-0.36114089576780706,-0.36516291250774663
1.589433960434479,0.6328477651278598,-0.5062424389906242,-0.9035297789418608,1.3032910605337018,-1.3869668951393934,0.5901570735717823,-0.7151369517139443
0.9946972119089489,-1.1753923893247264,-0.5062424389906242,-0.9035297789418608,-0.9739648248074441,-0.3498834764942733,1.0129561710560442,0.19479555022216974
-0.19477628514211104,0.5535844578026247,-0.5062424389906242,-0.9035297789418608,1.6536381198169552,-1.366631926146352,0.8015566223139132,-1.6250694536500585
-0.09565349372118939,-1.6748435405660715,-0.5062424389906242,-0.9035297789418608,-1.3243118840906973,-1.6106515540628508,1.647154817282437,0.8947436286345652
-0.8886358250885626,1.6658206637637842,-0.5062424389906242,-0.9035297789418608,-0.09809717659931098,-0.8989276393063957,-1.5943049300969043,-1.205100606602621
-0.6903902422467193,-0.33690343283285473,-0.5062424389906242,-0.9035297789418608,1.3032910605337018,0.7482048491299715,0.6958568479428477,0.8947436286345652
-1.384249782193171,-0.9469591668543847,-0.5062424389906242,-0.9035297789418608,-0.2732707062409376,0.036480934373516516,-1.1715058326126424,-0.155178488984028
-1.4833725736140926,-0.8934573108395497,-0.5062424389906242,0.3909254917484843,-0.6236177655241908,0.9718895080534288,1.6823880754061256,-1.0651109909201422
0.9946972119089489,1.0069890539529995,-0.5062424389906242,1.6853807624388295,1.6536381198169552,1.0735643530186367,1.506221784787683,0.8247488207933257
0.6973288376461839,0.00021887801761532512,-0.5062424389906242,1.6853807624388295,-0.2732707062409376,1.2769140429490524,-0.7487067351283805,1.3847072835232421
-0.8886358250885626,-0.09864191016621524,-0.5062424389906242,-0.9035297789418608,0.42742341232556885,0.09748584135264123,0.061658201716454863,0.47477478158712794
1.6885567518554006,-0.06895585608553026,-0.5062424389906242,1.6853807624388295,-1.3243118840906973,1.6632784538168421,-1.1010393163652654,-0.5751473360314653
-0.2938990765630327,-0.08824032286374951,-0.5062424389906242,-0.9035297789418608,-0.9739648248074441,-0.22787366253602392,-1.0305728001178884,-0.29516810466650706
-1.384249782193171,-0.9790053493630113,-0.5062424389906242,0.3909254917484843,-0.4484442358825642,-0.5328981974316475,0.16735797608752034,0.1248007423809302
0.3008376719624973,-0.011860974243925085,-0.5062424389906242,0.3909254917484843,0.07707635304231562,0.4635152832273895,1.506221784787683,-1.3450902222851002
0.3008376719624973,-0.7228729755513392,-0.5062424389906242,-0.9035297789418608,0.7777704716088221,1.5412686398585929,1.2595889779218636,0.2647903580634093
-0.5912674508257977,-1.506173436258962,1.9753381442967495,0.3909254917484843,0.6025969419671955,-1.508976709097643,1.0834226873034212,1.3847072835232421
-0.9877586165094843,-0.36851915926901124,-0.5062424389906242,-0.9035297789418608,0.6025969419671955,0.9108846010743041,0.3435242667059628,-0.6451421438727049
1.3911883775926355,0.8109113295791661,1.9753381442967495,0.3909254917484843,0.7777704716088221,-0.2888785695151486,-1.2419723488600194,0.1248007423809302
-1.1860041993513277,0.10692023044692324,1.9753381442967495,0.3909254917484843,-1.1491383544490708,-0.7972527943411879,0.6958568479428477,0.8247488207933257
-0.789513033667641,-0.9788952563768591,-0.5062424389906242,0.3909254917484843,-1.3243118840906973,-0.8379227323272711,1.0834226873034212,0.9647384364758048
-1.0868814079304059,-1.7064006345379332,-0.5062424389906242,-0.9035297789418608,-1.499485413732324,1.5616036088516343,-0.1145080889019876,0.054805934539690654
-0.9877586165094843,-0.24405943317480513,-0.5062424389906242,-0.9035297789418608,-1.499485413732324,-1.1836172052089777,-0.8191732513757575,-0.5051525281902257
-1.4833725736140926,1.5792329653972224,-0.5062424389906242,0.3909254917484843,-0.6236177655241908,0.6465300041647637,0.6606235898191593,0.5447695894283675
1.0938200033298706,0.5232578726878433,1.9753381442967495,1.6853807624388295,0.7777704716088221,1.581938577844676,-0.6077737026336265,0.47477478158712794
0.6973288376461839,-0.7161712154901293,-0.5062424389906242,1.6853807624388295,-0.09809717659931098,-0.8175877633342294,-1.3829053813547734,-0.155178488984028
-1.384249782193171,0.9448445062564534,1.9753381442967495,-0.9035297789418608,-1.6746589433739505,1.4192588259003434,0.13212471796383185,-0.9951161830789026
1.490311169013557,-0.528761109097881,1.9753381442967495,0.3909254917484843,-1.6746589433739505,1.581938577844676,0.13212471796383185,0.2647903580634093
1.1929427947507922,-0.9665612223623581,-0.5062424389906242,-0.9035297789418608,-1.3243118840906973,-1.6106515540628508,-0.854406509499446,0.47477478158712794
0.3008376719624973,0.6493311404827287,-0.5062424389906242,-0.9035297789418608,-1.1491383544490708,0.5855250971856389,0.7663233641902247,1.244717667840763
1.490311169013557,-1.7353319088125285,-0.5062424389906242,1.6853807624388295,-1.3243118840906973,-1.4276368331254767,-0.46684067013887254,-0.925121375237663
0.9946972119089489,1.5355614782828744,-0.5062424389906242,-0.9035297789418608,1.3032910605337018,-0.08552887958473292,0.13212471796383185,-1.555074645808819
-0.492144659404876,-1.266140689314465,-0.5062424389906242,0.3909254917484843,-1.3243118840906973,0.8702146630882209,1.4709885266639946,-0.8551265673964235
-1.384249782193171,-0.5420591242569738,-0.5062424389906242,0.3909254917484843,0.42742341232556885,1.439593794893385,1.0129561710560442,1.244717667840763
-0.789513033667641,0.5876587862036764,-0.5062424389906242,-0.9035297789418608,1.1281175308920752,-1.590316585069809,0.6253903316954708,0.6847592051108465
-0.5912674508257977,-1.2983102653394296,-0.5062424389906242,0.3909254917484843,-0.9739648248074441,0.36184043826218165,-0.5373071863862495,-0.925121375237663
-0.8886358250885626,-0.28850339856079316,-0.5062424389906242,-0.9035297789418608,1.1281175308920752,0.8498796940951794,0.4844572992007168,-1.2750954144438607
-1.2851269907722493,1.4516705994485863,1.9753381442967495,0.3909254917484843,0.42742341232556885,1.012559446039512,-0.924873025746823,0.054805934539690654
-0.19477628514211104,0.4225434809226449,-0.5062424389906242,-0.9035297789418608,0.42742341232556885,-0.7565828563551048,-1.065806058241577,-0.4351577203489862
1.589433960434479,-1.729222971242513,1.9753381442967495,0.3909254917484843,1.3032910605337018,-1.549646647083726,1.5414550429113716,1.3147124756820026
0.9946972119089489,-1.341969908276568,1.9753381442967495,0.3909254917484843,0.42742341232556885,-1.0006024842716037,-0.1145080889019876,0.8247488207933257
0.49908325480434057,1.1645538632164583,-0.5062424389906242,1.6853807624388295,-0.9739648248074441,1.622608515830759,-1.5943049300969043,-0.6451421438727049
0.3008376719624973,-0.022439823576740854,-0.5062424389906242,-0.9035297789418608,-0.09809717659931098,0.2601655932969738,-1.4886051557258388,-0.925121375237663
0.7964516290671055,1.5892276220745991,-0.5062424389906242,0.3909254917484843,-0.7987912951658175,1.2362441049629693,-1.5590716719732158,-0.7851317595551839
1.3911883775926355,0.0828945373282074,-0.5062424389906242,1.6853807624388295,1.6536381198169552,1.1345692599977615,-1.2772056069837079,0.9647384364758048
-0.3930218679839544,1.4241705693066082,-0.5062424389906242,0.3909254917484843,1.3032910605337018,0.4635152832273895,0.4492240410770283,1.244717667840763
-1.1860041993513277,-1.5165303758432465,-0.5062424389906242,0.3909254917484843,0.9529440012504486,0.8498796940951794,0.8720231385612902,-1.6250694536500585
-0.8886358250885626,0.8080012264883285,-0.5062424389906242,0.3909254917484843,-1.3243118840906973,-1.691991430035017,0.8367898804376017,-0.5751473360314653
0.9946972119089489,1.027790897112278,-0.5062424389906242,-0.9035297789418608,0.9529440012504486,-1.0819423602437699,0.8367898804376017,1.1747228599995234
-1.1860041993513277,0.6395268428874192,-0.5062424389906242,1.6853807624388295,-1.6746589433739505,-0.980267515278562,1.1891224616744867,0.19479555022216974
0.5982060462252622,0.6213039923307725,-0.5062424389906242,1.6853807624388295,0.7777704716088221,-0.22787366253602392,1.2243557197981751,1.524696899205721
1.490311169013557,0.06692466976268446,-0.5062424389906242,1.6853807624388295,-0.6236177655241908,0.42284534524130635,-0.1145080889019876,0.1248007423809302
-0.09565349372118939,-1.7247525426997605,-0.5062424389906242,0.3909254917484843,-1.6746589433739505,0.9312195700673457,1.435755268540306,-0.6451421438727049
-1.0868814079304059,0.15388177074182963,-0.5062424389906242,0.3909254917484843,-1.1491383544490708,1.154904228990803,-1.065806058241577,1.3847072835232421
0.2017148805415756,-0.5535133405452254,-0.5062424389906242,-0.9035297789418608,1.6536381198169552,1.1142342910047198,1.0834226873034212,0.054805934539690654
1.1929427947507922,-0.9618112287089318,-0.5062424389906242,0.3909254917484843,0.07707635304231562,-1.7123263990280586,-0.46684067013887254,-0.29516810466650706
-1.4833725736140926,-1.3704332167765754,1.9753381442967495,-0.9035297789418608,-0.4484442358825642,-1.407301864132435,0.6253903316954708,0.2647903580634093
-1.1860041993513277,-1.3480289503700034,1.9753381442967495,-0.9035297789418608,-0.4484442358825642,0.5448551591995558,-0.713473477004692,-0.6451421438727049
1.490311169013557,1.633305382028254,-0.5062424389906242,0.3909254917484843,-0.09809717659931098,-0.3092135385081902,-0.1145080889019876,-0.5051525281902257
-0.19477628514211104,0.35898064869715923,-0.5062424389906242,-0.9035297789418608,0.9529440012504486,-0.32954850750123177,0.9777229129323557,1.6646865148882002
1.1929427947507922,-1.50137018017547,-0.5062424389906242,-0.9035297789418608,1.3032910605337018,0.6668649731578052,1.1538892035507982,1.1047280521582838
-0.9877586165094843,0.9690200956153523,-0.5062424389906242,1.6853807624388295,-0.9739648248074441,-0.69557794937598,-0.1849746051493646,0.6847592051108465
-0.789513033667641,0.5459596211386566,-0.5062424389906242,-0.9035297789418608,-1.1491383544490708,-0.939597577292479,1.0129561710560442,1.6646865148882002
-0.5912674508257977,1.224844605541367,1.9753381442967495,-0.9035297789418608,-1.6746589433739505,-0.9599325462855205,-0.32590763764411856,0.2647903580634093
-0.09565349372118939,-0.6925016660293652,1.9753381442967495,1.6853807624388295,1.6536381198169552,-0.2888785695151486,1.717621333529814,-0.155178488984028
-0.789513033667641,-1.1587454361672571,-0.5062424389906242,1.6853807624388295,-0.2732707062409376,-1.508976709097643,-0.854406509499446,-0.5051525281902257
1.490311169013557,-1.5416520458884624,1.9753381442967495,0.3909254917484843,-1.1491383544490708,1.2769140429490524,-0.008808314530922123,0.5447695894283675
-0.492144659404876,-1.3276340006504714,-0.5062424389906242,-0.9035297789418608,1.6536381198169552,-0.7972527943411879,-0.1497413470256761,0.6847592051108465
1.3911883775926355,-1.0546757560465188,-0.5062424389906242,-0.9035297789418608,-0.7987912951658175,-1.0006024842716037,1.6119215591587486,1.4547020913644817
0.49908325480434057,0.3150250985831611,-0.5062424389906242,-0.9035297789418608,-0.09809717659931098,-0.7362478873620631,-1.1715058326126424,-0.29516810466650706
0.8955744204880272,0.4254432713537028,1.9753381442967495,0.3909254917484843,1.3032910605337018,1.0735643530186367,-0.07927483077829911,-0.4351577203489862
-0.8886358250885626,-0.5150415315962179,-0.5062424389906242,-0.9035297789418608,-1.3243118840906973,0.626195035171722,1.0129561710560442,-1.2750954144438607
-1.1860041993513277,0.9212257213650586,-0.5062424389906242,0.3909254917484843,0.6025969419671955,-0.39055341448035646,0.09689145984014336,-0.36516291250774663
-0.09565349372118939,-0.783864391269804,-0.5062424389906242,-0.9035297789418608,0.9529440012504486,0.2601655932969738,-1.3476721232310849,0.2647903580634093
-0.789513033667641,0.2955489020744211,1.9753381442967495,1.6853807624388295,-0.09809717659931098,0.07715087235959966,0.4139907829533398,-0.7151369517139443
-0.789513033667641,0.1239313147977198,-0.5062424389906242,0.3909254917484843,1.6536381198169552,0.3415054692691401,-0.9601062838705114,1.6646865148882002
1.490311169013557,-0.06797097183703019,1.9753381442967495,1.6853807624388295,0.42742341232556885,1.4599287638864265,-0.9953395419941999,1.5946917070469606
-0.2938990765630327,-0.7378900738333554,-0.5062424389906242,1.6853807624388295,-1.6746589433739505,1.2769140429490524,1.1891224616744867,-0.5051525281902257
-1.5824953650350142,0.13314524300285582,-0.5062424389906242,-0.9035297789418608,-0.6236177655241908,1.3175839809351355,-0.5373071863862495,0.9647384364758048
1.0938200033298706,1.0069772795744043,-0.5062424389906242,0.3909254917484843,0.2522498826839422,-0.004189003612566626,0.3082910085822743,-0.7151369517139443
0.8955744204880272,-0.4674517631650794,1.9753381442967495,1.6853807624388295,-0.2732707062409376,0.5855250971856389,-0.643006960757315,-0.08518368114278844
-1.1860041993513277,1.3578967453494764,1.9753381442967495,-0.9035297789418608,0.6025969419671955,0.05681590336655809,0.6606235898191593,-1.1351057987613817
0.3999604633834189,-1.6735410991267892,-0.5062424389906242,1.6853807624388295,0.7777704716088221,-1.0616073912507284,1.6823880754061256,-0.6451421438727049
-1.4833725736140926,-0.7473724441789382,-0.5062424389906242,1.6853807624388295,0.07707635304231562,-1.4886417401046013,-1.5238384138495273,-0.7151369517139443
-0.789513033667641,0.19002797434813862,-0.5062424389906242,1.6853807624388295,-1.1491383544490708,-0.32954850750123177,-0.008808314530922123,-0.9951161830789026
0.10259208912065393,-1.3175883853575294,-0.5062424389906242,-0.9035297789418608,1.6536381198169552,0.5651901281925974,0.6606235898191593,0.8947436286345652
0.6973288376461839,1.5948849737970154,-0.5062424389906242,0.3909254917484843,-1.3243118840906973,0.7075349111438883,0.4139907829533398,0.8947436286345652
-0.2938990765630327,0.16721806221780192,1.9753381442967495,-0.9035297789418608,-0.09809717659931098,-0.04485894159864977,1.0834226873034212,0.6147643972696071
1.0938200033298706,0.32568429303075275,-0.5062424389906242,-0.9035297789418608,0.6025969419671955,1.154904228990803,0.5901570735717823,1.244717667840763
-0.2938990765630327,-0.5853677524343381,-0.5062424389906242,1.6853807624388295,-1.499485413732324,-0.7362478873620631,-1.3476721232310849,0.7547540129520861
0.10259208912065393,-0.9028688682160724,-0.5062424389906242,-0.9035297789418608,-1.3243118840906973,-1.0412724222576868,-1.065806058241577,-1.555074645808819
-0.19477628514211104,-1.0735279433065572,-0.5062424389906242,-0.9035297789418608,-0.4484442358825642,-1.3869668951393934,-0.6782402188810035,-1.6250694536500585
1.490311169013557,-0.9202966897919078,-0.5062424389906242,1.6853807624388295,-0.6236177655241908,-1.3462969571533103,0.7663233641902247,-0.29516810466650706
-1.1860041993513277,-0.35875263034858407,-0.5062424389906242,-0.9035297789418608,-0.2732707062409376,0.7482048491299715,-0.2554411213967416,-0.9951161830789026
0.9946972119089489,0.4060128739536537,1.9753381442967495,0.3909254917484843,0.42742341232556885,0.15849074833176593,0.23782449233489733,-1.4850798379675794
-0.9877586165094843,-1.4278180141690735,-0.5062424389906242,-0.9035297789418608,-0.7987912951658175,0.44318031423434795,-1.2419723488600194,-0.08518368114278844
-0.789513033667641,0.4951048447968419,-0.5062424389906242,1.6853807624388295,0.07707635304231562,-0.6752429803829385,0.3082910085822743,0.8947436286345652
-0.789513033667641,0.8078559320037897,1.9753381442967495,0.3909254917484843,-1.499485413732324,0.2601655932969738,-1.7000047044679698,-1.205100606602621
0.10259208912065393,0.7855161657003131,1.9753381442967495,1.6853807624388295,0.7777704716088221,-1.6106515540628508,0.3082910085822743,-0.36516291250774663
-0.492144659404876,-0.603105856082296,-0.5062424389906242,-0.9035297789418608,-0.2732707062409376,0.5855250971856389,0.8015566223139132,-1.695064261491298
-1.681618156455936,1.5020078249179516,-0.5062424389906242,-0.9035297789418608,-1.499485413732324,-0.6752429803829385,-0.8896397676231345,-0.6451421438727049
-0.09565349372118939,0.3651776906731612,-0.5062424389906242,-0.9035297789418608,1.4784645901753286,-1.590316585069809,0.7310901060665362,0.6847592051108465
-0.2938990765630327,-0.5542763832854141,1.9753381442967495,1.6853807624388295,1.1281175308920752,0.8702146630882209,-1.7000047044679698,0.7547540129520861
1.2920655861717139,0.11327719572354458,-0.5062424389906242,1.6853807624388295,0.9529440012504486,0.9922244770464703,1.6119215591587486,1.1747228599995234
0.6973288376461839,-0.7842075736440334,-0.5062424389906242,-0.9035297789418608,-1.499485413732324,0.7888747871160546,-1.2419723488600194,-0.22517329682526754
-1.5824953650350142,-0.5889519170819868,-0.5062424389906242,-0.9035297789418608,-0.4484442358825642,1.3785888879142603,-0.008808314530922123,-0.7151369517139443
-1.384249782193171,-0.46492296366136737,-0.5062424389906242,0.3909254917484843,1.3032910605337018,-1.6309865230558924,-0.713473477004692,-0.6451421438727049
-1.1860041993513277,-0.6016601753786824,1.9753381442967495,-0.9035297789418608,0.6025969419671955,-0.7565828563551048,-0.1497413470256761,-1.2750954144438607
-0.9877586165094843,0.942857010975223,1.9753381442967495,1.6853807624388295,-1.3243118840906973,1.0735643530186367,-0.43160741201518404,-0.08518368114278844
1.3911883775926355,1.7483873557839034,-0.5062424389906242,1.6853807624388295,-0.6236177655241908,-0.5735681354177307,-1.5590716719732158,-1.2750954144438607
1.6885567518554006,1.0709977230163918,-0.5062424389906242,-0.9035297789418608,-1.6746589433739505,-1.508976709097643,-1.5590716719732158,-1.555074645808819
-1.384249782193171,-0.42098253420836446,1.9753381442967495,1.6853807624388295,-0.2732707062409376,0.6465300041647637,1.1538892035507982,-1.3450902222851002
1.490311169013557,0.7222904427993083,1.9753381442967495,-0.9035297789418608,0.7777704716088221,-0.8785926703133542,-0.9953395419941999,1.3147124756820026
1.6885567518554006,-0.8501310020596424,1.9753381442967495,-0.9035297789418608,-0.7987912951658175,-0.14653378656385763,1.1186559454271097,-0.5051525281902257
-0.09565349372118939,1.4986226599248977,-0.5062424389906242,-0.9035297789418608,0.07707635304231562,0.4838502522204311,1.2595889779218636,0.19479555022216974
1.6885567518554006,-0.200492519216889,-0.5062424389906242,-0.9035297789418608,-0.09809717659931098,0.6668649731578052,-1.6295381882205928,0.8247488207933257
0.10259208912065393,-1.3184641998322524,-0.5062424389906242,-0.9035297789418608,-0.2732707062409376,-0.5735681354177307,-0.2554411213967416,-0.6451421438727049
0.2017148805415756,1.4630594776322365,-0.5062424389906242,-0.9035297789418608,0.07707635304231562,-1.1022773292368115,1.506221784787683,-1.555074645808819
-0.789513033667641,0.9157866667703728,1.9753381442967495,-0.9035297789418608,-0.2732707062409376,-1.2852920501741856,0.6253903316954708,0.40477997374588837
-0.789513033667641,0.5730396022249677,1.9753381442967495,-0.9035297789418608,0.6025969419671955,1.0735643530186367,-1.1715058326126424,1.6646865148882002
0.49908325480434057,-0.0520267103526416,-0.5062424389906242,0.3909254917484843,-0.4484442358825642,1.6022735468377176,-1.5238384138495273,0.8247488207933257
0.9946972119089489,1.4546578546584006,1.9753381442967495,-0.9035297789418608,-1.3243118840906973,0.7482048491299715,1.0481894291797327,1.7346813227294398
-1.681618156455936,-0.03841039372592487,-0.5062424389906242,0.3909254917484843,-0.2732707062409376,1.6632784538168421,1.2595889779218636,-0.5751473360314653
1.3911883775926355,-0.826904155186634,-0.5062424389906242,0.3909254917484843,0.9529440012504486,0.9312195700673457,-0.854406509499446,1.1047280521582838
1.3911883775926355,-0.8395517023269441,-0.5062424389906242,-0.9035297789418608,1.3032910605337018,1.3175839809351355,-0.9953395419941999,1.1747228599995234
0.3999604633834189,1.1340138322791549,-0.5062424389906242,-0.9035297789418608,-0.6236177655241908,-1.6309865230558924,0.3082910085822743,-0.29516810466650706
-0.19477628514211104,-0.9422561042569456,-0.5062424389906242,0.3909254917484843,0.6025969419671955,-1.7123263990280586,-0.22020786327305308,1.5946917070469606
-0.9877586165094843,-1.2028122233367151,1.9753381442967495,0.3909254917484843,0.2522498826839422,-0.9599325462855205,-0.39637415389149555,1.3847072835232421
0.6973288376461839,0.13558095748976795,-0.5062424389906242,-0.9035297789418608,1.4784645901753286,-1.0616073912507284,0.5196905573244053,0.7547540129520861
1.490311169013557,-0.9705932284264944,-0.5062424389906242,0.3909254917484843,1.4784645901753286,1.5412686398585929,-1.4533718976021504,0.5447695894283675
-1.1860041993513277,0.6832598514895866,-0.5062424389906242,1.6853807624388295,-0.9739648248074441,1.1345692599977615,-0.07927483077829911,1.7346813227294398
0.2017148805415756,0.012083848050665121,-0.5062424389906242,0.3909254917484843,1.1281175308920752,0.8702146630882209,-1.5590716719732158,0.054805934539690654
0.7964516290671055,-1.5364823838312314,-0.5062424389906242,0.3909254917484843,0.9529440012504486,0.1178208103456828,-1.6295381882205928,1.6646865148882002
0.8955744204880272,-0.5630221483494079,-0.5062424389906242,-0.9035297789418608,1.3032910605337018,-0.8379227323272711,-0.854406509499446,-0.6451421438727049
0.6973288376461839,1.00515774260265,1.9753381442967495,-0.9035297789418608,-0.9739648248074441,-0.41088838347339807,-1.0305728001178884,1.5946917070469606
-0.2938990765630327,1.2280268686792297,-0.5062424389906242,-0.9035297789418608,1.1281175308920752,-0.8989276393063957,-1.6647714463442813,-0.29516810466650706
1.490311169013557,-1.7199520981063476,-0.5062424389906242,0.3909254917484843,-0.2732707062409376,0.5245201902065142,1.1186559454271097,-1.1351057987613817
0.5982060462252622,0.2619680848164018,-0.5062424389906242,0.3909254917484843,-1.499485413732324,0.9718895080534288,0.9777229129323557,1.6646865148882002
-0.3930218679839544,1.4031917255608906,-0.5062424389906242,-0.9035297789418608,0.07707635304231562,-0.9599325462855205,-0.46684067013887254,1.3847072835232421
-1.4833725736140926,-0.667109304763456,-0.5062424389906242,-0.9035297789418608,1.6536381198169552,-1.0209374532646451,-1.3829053813547734,-1.0651109909201422
-0.3930218679839544,-0.3106001093570239,-0.5062424389906242,0.3909254917484843,-1.3243118840906973,1.6022735468377176,-1.0305728001178884,-0.7851317595551839
-1.384249782193171,-1.377678074805154,-0.5062424389906242,0.3909254917484843,1.6536381198169552,0.7482048491299715,-0.2554411213967416,0.5447695894283675
1.490311169013557,-0.15930238870343275,-0.5062424389906242,-0.9035297789418608,-0.6236177655241908,-0.7362478873620631,-1.6647714463442813,1.244717667840763
1.2920655861717139,-0.45900988950055094,-0.5062424389906242,-0.9035297789418608,-0.9739648248074441,0.9312195700673457,1.7528545916535025,-0.22517329682526754
0.10259208912065393,0.6360558830756352,-0.5062424389906242,-0.9035297789418608,-0.4484442358825642,-0.1668687555568992,-0.7487067351283805,-0.08518368114278844
0.0034692976997322722,-0.1039668515933123,-0.5062424389906242,-0.9035297789418608,0.07707635304231562,-0.7769178253481464,0.16735797608752034,-0.155178488984028
-1.2851269907722493,0.7677092358591903,-0.5062424389906242,0.3909254917484843,-0.6236177655241908,-0.8989276393063957,1.4709885266639946,-1.2750954144438607
0.2017148805415756,1.0300853929898195,-0.5062424389906242,0.3909254917484843,-0.2732707062409376,-0.3092135385081902,1.57668830103506,1.7346813227294398
0.9946972119089489,0.768608590297867,-0.5062424389906242,-0.9035297789418608,0.9529440012504486,0.38217540725522325,0.16735797608752034,0.8247488207933257
-0.5912674508257977,-0.5897958628731099,-0.5062424389906242,-0.9035297789418608,-0.9739648248074441,0.6668649731578052,1.2948222360455521,0.1248007423809302
0.9946972119089489,-1.1931170100850015,-0.5062424389906242,-0.9035297789418608,-0.2732707062409376,1.4599287638864265,1.717621333529814,-1.205100606602621
1.589433960434479,1.0431299497439113,-0.5062424389906242,1.6853807624388295,-1.499485413732324,-0.8785926703133542,-0.36114089576780706,-1.2750954144438607
1.3911883775926355,-0.1228479398951046,-0.5062424389906242,-0.9035297789418608,-1.6746589433739505,-1.5293116780906846,0.09689145984014336,-0.6451421438727049
0.10259208912065393,-0.4805015115680458,-0.5062424389906242,0.3909254917484843,0.07707635304231562,-0.69557794937598,1.6119215591587486,-0.22517329682526754
-1.1860041993513277,-0.7554472413695992,-0.5062424389906242,-0.9035297789418608,1.3032910605337018,1.2769140429490524,-1.4181386394784619,1.6646865148882002
0.49908325480434057,-1.0746804659422886,1.9753381442967495,-0.9035297789418608,0.42742341232556885,0.036480934373516516,1.506221784787683,-0.015188873301548894
1.2920655861717139,1.0682139577135805,-0.5062424389906242,0.3909254917484843,0.9529440012504486,1.4599287638864265,-0.07927483077829911,0.1248007423809302
0.8955744204880272,1.2526457388890244,-0.5062424389906242,1.6853807624388295,-0.4484442358825642,0.21949565531089066,-0.1497413470256761,0.7547540129520861
-1.4833725736140926,1.2305895148554302,-0.5062424389906242,-0.9035297789418608,-0.6236177655241908,0.1788257173248075,0.9072563966849787,-0.5051525281902257
-1.4833725736140926,-0.9161621911129448,1.9753381442967495,-0.9035297789418608,-1.3243118840906973,-1.5293116780906846,1.0834226873034212,1.1747228599995234
0.0034692976997322722,1.6556154940454326,-0.5062424389906242,-0.9035297789418608,0.6025969419671955,0.8702146630882209,0.5901570735717823,-0.7151369517139443
0.7964516290671055,-1.351465238398915,-0.5062424389906242,0.3909254917484843,-0.6236177655241908,-1.6513214920489339,-0.5373071863862495,-0.29516810466650706
-0.9877586165094843,0.9072134968904464,-0.5062424389906242,-0.9035297789418608,-1.3243118840906973,-0.980267515278562,-1.5238384138495273,1.6646865148882002
0.2017148805415756,0.8845260223561674,-0.5062424389906242,-0.9035297789418608,0.07707635304231562,0.6871999421508468,0.3787575248296513,-0.4351577203489862
-1.384249782193171,1.3610224156734916,-0.5062424389906242,1.6853807624388295,-0.6236177655241908,1.581938577844676,-1.4533718976021504,0.19479555022216974
0.5982060462252622,0.5639974000216499,-0.5062424389906242,-0.9035297789418608,0.9529440012504486,-0.654908011389897,1.2243557197981751,-0.7851317595551839
-1.0868814079304059,0.986000818710205,-0.5062424389906242,-0.9035297789418608,0.42742341232556885,1.1142342910047198,-0.32590763764411856,-1.1351057987613817
0.9946972119089489,-0.08991265402382115,-0.5062424389906242,-0.9035297789418608,1.1281175308920752,0.8092097561090962,0.5901570735717823,1.3147124756820026
1.1929427947507922,-0.6525433053469518,-0.5062424389906242,-0.9035297789418608,1.3032910605337018,0.5855250971856389,0.5196905573244053,0.6147643972696071
-1.384249782193171,-0.41822926478915534,1.9753381442967495,-0.9035297789418608,0.6025969419671955,0.5041852212134726,0.16735797608752034,-0.22517329682526754
-1.5824953650350142,-0.5208427074711939,1.9753381442967495,-0.9035297789418608,-0.09809717659931098,-0.12619881757081605,0.8367898804376017,-0.22517329682526754
1.490311169013557,-0.15740632454833023,-0.5062424389906242,0.3909254917484843,0.6025969419671955,0.07715087235959966,1.1538892035507982,-0.925121375237663
-0.5912674508257977,-0.4909379308673398,-0.5062424389906242,-0.9035297789418608,0.2522498826839422,0.44318031423434795,-0.1497413470256761,-0.29516810466650706
-0.09565349372118939,0.5920275237363389,-0.5062424389906242,-0.9035297789418608,-1.3243118840906973,-0.32954850750123177,-1.136272574488954,0.2647903580634093
1.3911883775926355,-0.9693596692810197,-0.5062424389906242,0.3909254917484843,-0.9739648248074441,1.6022735468377176,-0.502073928262561,0.5447695894283675
-0.8886358250885626,0.9857681039993829,-0.5062424389906242,0.3909254917484843,0.6025969419671955,-0.10586384857777448,-0.5373071863862495,1.7346813227294398
0.49908325480434057,-1.3099417096201313,-0.5062424389906242,-0.9035297789418608,-0.6236177655241908,-1.2446221121881025,-0.7487067351283805,-0.6451421438727049
1.589433960434479,1.2071788719328507,-0.5062424389906242,-0.9035297789418608,0.07707635304231562,0.13815577933872436,-1.4886051557258388,0.9647384364758048
1.0938200033298706,-1.608948731941465,-0.5062424389906242,-0.9035297789418608,1.1281175308920752,-0.04485894159864977,-1.2772056069837079,-0.6451421438727049
-0.8886358250885626,0.8751457350483637,-0.5062424389906242,0.3909254917484843,-0.09809717659931098,-0.32954850750123177,1.1186559454271097,-0.36516291250774663
0.0034692976997322722,0.4965233114115988,1.9753381442967495,-0.9035297789418608,-1.1491383544490708,-0.7565828563551048,-0.07927483077829911,1.7346813227294398
-0.8886358250885626,1.4315961592943311,1.9753381442967495,0.3909254917484843,0.42742341232556885,1.3582539189212186,-1.6295381882205928,-0.925121375237663
0.3999604633834189,0.7727101435639749,-0.5062424389906242,0.3909254917484843,1.4784645901753286,-0.024523972605608197,-0.783939993252069,-1.695064261491298
0.9946972119089489,-0.8791791469079456,-0.5062424389906242,0.3909254917484843,0.7777704716088221,1.5005987018725098,0.4139907829533398,-0.7851317595551839
0.2017148805415756,1.4130861984346383,1.9753381442967495,-0.9035297789418608,-0.2732707062409376,0.2601655932969738,-0.008808314530922123,-0.36516291250774663
1.1929427947507922,-1.19630302682209,1.9753381442967495,0.3909254917484843,-0.4484442358825642,1.3989238569073017,-0.43160741201518404,0.9647384364758048
-1.5824953650350142,1.7256783868114387,-0.5062424389906242,0.3909254917484843,-0.7987912951658175,0.05681590336655809,-1.206739090736331,-0.6451421438727049
1.0938200033298706,1.6898851234807022,1.9753381442967495,0.3909254917484843,-1.6746589433739505,-0.69557794937598,0.7663233641902247,1.6646865148882002
1.6885567518554006,0.5710104421027403,-0.5062424389906242,0.3909254917484843,0.42742341232556885,1.439593794893385,-0.5373071863862495,-0.5751473360314653
-1.2851269907722493,1.25545436985609,-0.5062424389906242,-0.9035297789418608,-1.6746589433739505,-0.8582577013203126,0.8720231385612902,1.1047280521582838
0.8955744204880272,0.00011446691559191714,1.9753381442967495,-0.9035297789418608,-1.3243118840906973,0.7685398181230131,1.717621333529814,-1.555074645808819
-0.09565349372118939,0.15220598139442448,1.9753381442967495,-0.9035297789418608,1.3032910605337018,1.6836134228098838,1.2243557197981751,0.47477478158712794
-1.5824953650350142,-1.0517696639849479,1.9753381442967495,-0.9035297789418608,0.9529440012504486,-0.06519391059169134,-1.3829053813547734,0.19479555022216974
-0.19477628514211104,-0.16160255711767266,1.9753381442967495,-0.9035297789418608,1.3032910605337018,1.3582539189212186,0.6606235898191593,0.40477997374588837
0.0034692976997322722,-0.7068388697648383,-0.5062424389906242,-0.9035297789418608,-1.499485413732324,1.4192588259003434,0.5549238154480938,-0.29516810466650706
0.9946972119089489,-1.116764585881735,-0.5062424389906242,0.3909254917484843,-0.9739648248074441,-1.4276368331254767,0.5196905573244053,0.5447695894283675
0.3999604633834189,-1.2299848769877808,-0.5062424389906242,-0.9035297789418608,0.7777704716088221,1.6836134228098838,0.2730577504585858,-1.2750954144438607
-1.384249782193171,0.6643009945651314,-0.5062424389906242,0.3909254917484843,-1.1491383544490708,1.480263732879468,1.1538892035507982,1.1747228599995234
-1.0868814079304059,1.6455802170396747,1.9753381442967495,1.6853807624388295,0.2522498826839422,0.5855250971856389,-0.713473477004692,0.054805934539690654
1.6885567518554006,-0.20650385055836937,-0.5062424389906242,-0.9035297789418608,-0.2732707062409376,-1.7529963370141417,0.6958568479428477,-0.7851317595551839
-1.0868814079304059,-0.04084964145700337,1.9753381442967495,-0.9035297789418608,0.07707635304231562,0.05681590336655809,-0.1849746051493646,-0.36516291250774663
-0.5912674508257977,-0.6702506182094283,1.9753381442967495,0.3909254917484843,-0.4484442358825642,0.5448551591995558,-1.2419723488600194,-0.36516291250774663
0.9946972119089489,1.737562511220301,-0.5062424389906242,0.3909254917484843,-1.1491383544490708,0.5855250971856389,0.9424896548086672,0.33478516590464885
1.2920655861717139,1.537970040799662,-0.5062424389906242,-0.9035297789418608,-0.09809717659931098,-1.0819423602437699,0.3787575248296513,0.6147643972696071
1.589433960434479,-1.204086709104459,1.9753381442967495,1.6853807624388295,0.2522498826839422,-1.407301864132435,-1.5238384138495273,-0.5751473360314653
0.49908325480434057,-0.16194695447201915,-0.5062424389906242,0.3909254917484843,-0.6236177655241908,1.439593794893385,-0.1145080889019876,-1.2750954144438607
-0.492144659404876,-1.5459452858294107,-0.5062424389906242,0.3909254917484843,0.07707635304231562,0.6668649731578052,1.1891224616744867,0.6847592051108465
-1.0868814079304059,0.07480223640022558,-0.5062424389906242,-0.9035297789418608,-0.09809717659931098,1.3175839809351355,-0.008808314530922123,1.7346813227294398
-0.09565349372118939,0.7239743130610137,-0.5062424389906242,-0.9035297789418608,0.42742341232556885,-0.22787366253602392,-0.36114089576780706,1.524696899205721
-1.4833725736140926,1.367444074199281,-0.5062424389906242,0.3909254917484843,0.42742341232556885,-0.4312233524664396,-0.924873025746823,1.7346813227294398
-0.2938990765630327,-0.4524641334585596,-0.5062424389906242,-0.9035297789418608,0.6025969419671955,-1.0209374532646451,-1.7000047044679698,-0.4351577203489862
-0.6903902422467193,-0.5375828725654729,1.9753381442967495,-0.9035297789418608,1.4784645901753286,-1.0209374532646451,0.5549238154480938,0.8947436286345652
-1.5824953650350142,0.6489075146943865,1.9753381442967495,0.3909254917484843,0.42742341232556885,1.3785888879142603,-1.2419723488600194,-0.36516291250774663
0.2017148805415756,-0.40504633198230955,-0.5062424389906242,0.3909254917484843,0.6025969419671955,-0.8175877633342294,0.9424896548086672,-0.29516810466650706
-0.492144659404876,0.36576510808911733,1.9753381442967495,-0.9035297789418608,-0.7987912951658175,1.4599287638864265,-1.136272574488954,1.6646865148882002
-0.9877586165094843,-0.4147752603837985,-0.5062424389906242,-0.9035297789418608,0.42742341232556885,0.21949565531089066,1.0481894291797327,1.524696899205721
1.1929427947507922,-0.1047022214667359,-0.5062424389906242,1.6853807624388295,1.3032910605337018,0.07715087235959966,-0.9953395419941999,0.054805934539690654
-0.5912674508257977,-1.2398844450154283,-0.5062424389906242,-0.9035297789418608,-1.6746589433739505,0.4635152832273895,0.8720231385612902,0.33478516590464885
-0.3930218679839544,-1.4893140748944182,-0.5062424389906242,-0.9035297789418608,-1.499485413732324,1.6429434848238007,-1.7000047044679698,-0.6451421438727049
0.3999604633834189,1.1926220599039195,1.9753381442967495,0.3909254917484843,1.4784645901753286,0.19916068631784908,0.9777229129323557,0.47477478158712794
0.3008376719624973,0.21947547261827657,-0.5062424389906242,-0.9035297789418608,-1.3243118840906973,0.5041852212134726,-0.783939993252069,1.4547020913644817
-1.681618156455936,0.07116799174392792,-0.5062424389906242,-0.9035297789418608,-0.2732707062409376,0.38217540725522325,-0.572540444509938,-0.08518368114278844
-0.19477628514211104,0.8178923978465508,-0.5062424389906242,-0.9035297789418608,-0.9739648248074441,1.6632784538168421,0.5901570735717823,1.524696899205721
1.3911883775926355,0.9873220590029427,-0.5062424389906242,-0.9035297789418608,0.42742341232556885,-0.004189003612566626,-1.6647714463442813,-0.22517329682526754
0.3999604633834189,0.13346679566497208,-0.5062424389906242,-0.9035297789418608,-1.3243118840906973,0.9108846010743041,1.0129561710560442,1.3147124756820026
0.7964516290671055,1.5221104915314343,-0.5062424389906242,0.3909254917484843,-0.6236177655241908,0.9718895080534288,-1.206739090736331,1.524696899205721
-0.3930218679839544,1.1287993828467524,-0.5062424389906242,0.3909254917484843,0.9529440012504486,-0.32954850750123177,-0.1497413470256761,-1.4150850301263398
1.589433960434479,-1.1358114360457314,-0.5062424389906242,1.6853807624388295,0.7777704716088221,-1.3056270191672272,0.8367898804376017,-0.08518368114278844
-0.3930218679839544,-0.4387510722122546,-0.5062424389906242,-0.9035297789418608,0.07707635304231562,1.0328944150325534,-1.065806058241577,1.7346813227294398
-0.2938990765630327,1.3348421275055429,-0.5062424389906242,1.6853807624388295,-1.1491383544490708,-1.7326613680211003,-1.4886051557258388,0.8947436286345652
-0.19477628514211104,0.8536474108960412,-0.5062424389906242,0.3909254917484843,1.3032910605337018,-1.6106515540628508,-0.7487067351283805,1.7346813227294398
1.589433960434479,-0.3081146227243937,1.9753381442967495,-0.9035297789418608,0.6025969419671955,1.2769140429490524,0.5549238154480938,-1.2750954144438607
-0.789513033667641,0.6841483146207787,-0.5062424389906242,1.6853807624388295,0.42742341232556885,-0.7159129183690216,-0.713473477004692,-0.29516810466650706
0.2017148805415756,1.3690091694907902,-0.5062424389906242,-0.9035297789418608,-0.09809717659931098,-1.4276368331254767,0.20259123421120884,-0.5051525281902257
-0.9877586165094843,-1.323442934046004,-0.5062424389906242,0.3909254917484843,0.42742341232556885,-0.6345730423968553,-1.5590716719732158,-0.22517329682526754
-0.789513033667641,1.5569555896466092,-0.5062424389906242,0.3909254917484843,-0.09809717659931098,-1.3462969571533103,-0.04404157265461062,-0.36516291250774663
0.0034692976997322722,0.761657069387053,-0.5062424389906242,0.3909254917484843,-1.3243118840906973,0.9515545390603872,1.6823880754061256,-0.6451421438727049
1.1929427947507922,-1.377875198108281,-0.5062424389906242,0.3909254917484843,-0.2732707062409376,1.2362441049629693,-0.36114089576780706,1.5946917070469606
-0.789513033667641,0.35667641010886014,-0.5062424389906242,-0.9035297789418608,-1.3243118840906973,1.622608515830759,-0.32590763764411856,-0.4351577203489862
0.8955744204880272,1.7116930746339882,-0.5062424389906242,1.6853807624388295,-1.499485413732324,-0.8175877633342294,1.2595889779218636,-1.695064261491298
0.2017148805415756,-1.4836496675810893,-0.5062424389906242,-0.9035297789418608,-1.6746589433739505,1.622608515830759,-0.07927483077829911,1.7346813227294398
-0.492144659404876,1.6005429978684915,-0.5062424389906242,0.3909254917484843,-0.6236177655241908,1.439593794893385,-0.46684067013887254,1.3147124756820026
1.490311169013557,0.9582472987923195,-0.5062424389906242,-0.9035297789418608,1.4784645901753286,-0.2685436005221071,0.5901570735717823,0.9647384364758048
0.3008376719624973,0.5886030560382887,-0.5062424389906242,1.6853807624388295,-0.9739648248074441,0.13815577933872436,-1.1715058326126424,-0.22517329682526754
-1.0868814079304059,-0.7333543693117491,-0.5062424389906242,0.3909254917484843,-1.499485413732324,-1.5699816160767677,0.9424896548086672,1.3147124756820026
-0.8886358250885626,0.9362931091752126,1.9753381442967495,-0.9035297789418608,-0.09809717659931098,-0.7159129183690216,1.5414550429113716,0.6147643972696071
1.3911883775926355,0.7443983984567301,1.9753381442967495,0.3909254917484843,1.1281175308920752,-0.7362478873620631,0.8015566223139132,1.244717667840763
-0.6903902422467193,-0.09519231188611635,-0.5062424389906242,-0.9035297789418608,1.4784645901753286,0.5651901281925974,1.5414550429113716,0.7547540129520861
-0.8886358250885626,0.9103420702724034,1.9753381442967495,-0.9035297789418608,1.1281175308920752,0.9718895080534288,-1.1010393163652654,0.6147643972696071
1.1929427947507922,-0.21617604762314496,-0.5062424389906242,-0.9035297789418608,-0.9739648248074441,-0.8379227323272711,-1.1715058326126424,-0.155178488984028
0.10259208912065393,1.7497656502511254,-0.5062424389906242,-0.9035297789418608,0.6025969419671955,0.8905496320812625,-0.2554411213967416,1.1747228599995234
0.3008376719624973,-1.032239931172478,-0.5062424389906242,-0.9035297789418608,-0.9739648248074441,1.2362441049629693,0.9424896548086672,-0.8551265673964235
-0.19477628514211104,-1.7134606510471773,-0.5062424389906242,-0.9035297789418608,0.2522498826839422,0.6465300041647637,-0.43160741201518404,-1.205100606602621
-1.384249782193171,1.20833677423162,-0.5062424389906242,1.6853807624388295,-0.09809717659931098,1.1345692599977615,1.6119215591587486,-0.7851317595551839
-0.8886358250885626,-0.23823467900821532,-0.5062424389906242,1.6853807624388295,-0.7987912951658175,-0.7159129183690216,0.09689145984014336,-0.015188873301548894
0.3999604633834189,-0.4122055854296447,-0.5062424389906242,0.3909254917484843,1.4784645901753286,-1.2446221121881025,0.5549238154480938,-0.9951161830789026
1.6885567518554006,0.46306253949187437,-0.5062424389906242,0.3909254917484843,-0.7987912951658175,0.8498796940951794,-1.1715058326126424,-1.555074645808819
-0.3930218679839544,-1.4530049148250206,-0.5062424389906242,-0.9035297789418608,-1.1491383544490708,-0.4515583214594812,-0.783939993252069,-1.4850798379675794
0.9946972119089489,1.1612676702858185,-0.5062424389906242,-0.9035297789418608,-0.6236177655241908,-0.08552887958473292,-1.6647714463442813,-0.7851317595551839
-0.3930218679839544,-0.2949773073007852,-0.5062424389906242,0.3909254917484843,1.1281175308920752,0.6465300041647637,-1.4181386394784619,-1.1351057987613817
1.2920655861717139,0.1912639688184936,-0.5062424389906242,0.3909254917484843,1.1281175308920752,-1.691991430035017,0.3787575248296513,-1.555074645808819
-1.1860041993513277,-0.9154016055669025,-0.5062424389906242,0.3909254917484843,-1.499485413732324,-0.41088838347339807,0.9777229129323557,0.7547540129520861
1.490311169013557,-1.479892479298694,-0.5062424389906242,-0.9035297789418608,1.4784645901753286,-1.4276368331254767,0.4492240410770283,-0.155178488984028
0.5982060462252622,-1.1680089801972777,1.9753381442967495,0.3909254917484843,-0.09809717659931098,1.053229384025595,1.1891224616744867,0.7547540129520861
1.6885567518554006,1.0881216017082187,-0.5062424389906242,1.6853807624388295,0.42742341232556885,0.036480934373516516,-1.1010393163652654,-0.08518368114278844
0.2017148805415756,-0.20643973990595108,-0.5062424389906242,-0.9035297789418608,-0.9739648248074441,1.480263732879468,0.7310901060665362,-1.4850798379675794
0.2017148805415756,1.5099680109042926,-0.5062424389906242,-0.9035297789418608,-1.6746589433739505,0.9515545390603872,1.1538892035507982,-1.3450902222851002
0.9946972119089489,-0.1966796427870152,-0.5062424389906242,0.3909254917484843,1.6536381198169552,0.8702146630882209,-1.136272574488954,-1.205100606602621
-1.4833725736140926,0.9494403481039867,-0.5062424389906242,0.3909254917484843,1.6536381198169552,-1.2446221121881025,0.8015566223139132,0.8247488207933257
-1.5824953650350142,1.027346847450272,-0.5062424389906242,-0.9035297789418608,0.9529440012504486,-0.2888785695151486,0.5549238154480938,1.7346813227294398
1.2920655861717139,1.714611471020095,-0.5062424389906242,-0.9035297789418608,-1.499485413732324,-0.7972527943411879,-0.2554411213967416,-0.9951161830789026
-1.384249782193171,-0.5395215368901506,-0.5062424389906242,-0.9035297789418608,1.4784645901753286,-1.1022773292368115,0.8015566223139132,1.7346813227294398
1.490311169013557,-0.39401992909206995,-0.5062424389906242,-0.9035297789418608,0.2522498826839422,-1.4276368331254767,-1.5590716719732158,0.9647384364758048
1.1929427947507922,-1.426606559461474,-0.5062424389906242,1.6853807624388295,-0.7987912951658175,-1.6309865230558924,-0.643006960757315,-0.29516810466650706
-0.492144659404876,-0.9435623135570125,-0.5062424389906242,-0.9035297789418608,-0.09809717659931098,1.6022735468377176,-0.2554411213967416,-0.9951161830789026
1.3911883775926355,1.4248291568977127,1.9753381442967495,0.3909254917484843,1.1281175308920752,-0.1668687555568992,0.4139907829533398,1.7346813227294398
-0.789513033667641,0.6734824361755197,-0.5062424389906242,-0.9035297789418608,-0.4484442358825642,-0.7972527943411879,-0.04404157265461062,-0.22517329682526754
-0.9877586165094843,0.28781990577639316,-0.5062424389906242,0.3909254917484843,0.07707635304231562,-0.47189329045252276,-1.6295381882205928,1.5946917070469606
1.490311169013557,-0.10475420091932806,-0.5062424389906242,-0.9035297789418608,-1.3243118840906973,0.036480934373516516,1.0481894291797327,1.3147124756820026
1.1929427947507922,0.7494940147569334,-0.5062424389906242,-0.9035297789418608,-0.4484442358825642,1.581938577844676,-0.713473477004692,-0.22517329682526754
0.3008376719624973,1.119746842054428,-0.5062424389906242,1.6853807624388295,1.6536381198169552,1.2769140429490524,0.09689145984014336,1.3847072835232421
1.490311169013557,-1.7418490984770671,1.9753381442967495,0.3909254917484843,-1.6746589433739505,-0.22787366253602392,-0.46684067013887254,0.47477478158712794
1.2920655861717139,-1.1426382637798451,-0.5062424389906242,0.3909254917484843,-0.7987912951658175,-1.508976709097643,1.7528545916535025,0.8247488207933257
0.8955744204880272,-0.37673648279905764,-0.5062424389906242,-0.9035297789418608,0.42742341232556885,1.5005987018725098,0.7310901060665362,-0.7151369517139443
-1.384249782193171,1.5943920127782205,1.9753381442967495,0.3909254917484843,0.42742341232556885,0.7888747871160546,-1.5590716719732158,-0.7851317595551839
-0.789513033667641,0.7744920702997761,-0.5062424389906242,-0.9035297789418608,-1.499485413732324,0.21949565531089066,-0.1849746051493646,0.47477478158712794
-1.4833725736140926,0.42376091370214836,-0.5062424389906242,0.3909254917484843,-0.09809717659931098,-0.7769178253481464,-0.572540444509938,0.33478516590464885
-0.5912674508257977,0.2971830574111073,-0.5062424389906242,-0.9035297789418608,-0.2732707062409376,0.72786988013693,-0.46684067013887254,0.40477997374588837
0.6973288376461839,0.3692621786599663,-0.5062424389906242,1.6853807624388295,-1.3243118840906973,-1.122612298229853,0.09689145984014336,-0.7851317595551839
0.3008376719624973,0.7160367917784686,-0.5062424389906242,1.6853807624388295,-0.7987912951658175,-1.6106515540628508,-1.4533718976021504,-1.3450902222851002
1.2920655861717139,-1.5833857519064078,-0.5062424389906242,0.3909254917484843,1.4784645901753286,-1.6513214920489339,-1.4181386394784619,-0.9951161830789026
1.0938200033298706,-0.3395329010872284,1.9753381442967495,0.3909254917484843,0.2522498826839422,-0.8175877633342294,-0.713473477004692,-0.22517329682526754
-1.384249782193171,-1.0829903213825662,-0.5062424389906242,0.3909254917484843,-0.09809717659931098,-0.8379227323272711,0.7310901060665362,-0.4351577203489862
-0.6903902422467193,-1.1646325380652116,-0.5062424389906242,0.3909254917484843,-0.9739648248074441,-0.7769178253481464,-0.9601062838705114,-1.0651109909201422
-0.8886358250885626,-0.04717305195010192,-0.5062424389906242,0.3909254917484843,-0.7987912951658175,-0.024523972605608197,-1.5590716719732158,-0.7851317595551839
0.49908325480434057,-0.1805445932865674,-0.5062424389906242,0.3909254917484843,0.07707635304231562,1.4599287638864265,1.1538892035507982,-1.6250694536500585
0.2017148805415756,0.9662987867525378,-0.5062424389906242,1.6853807624388295,-1.3243118840906973,0.9922244770464703,0.09689145984014336,0.40477997374588837
1.2920655861717139,1.030494866252553,-0.5062424389906242,1.6853807624388295,-0.2732707062409376,0.5448551591995558,1.0834226873034212,0.8247488207933257
-0.492144659404876,-0.8356796731302969,-0.5062424389906242,-0.9035297789418608,1.4784645901753286,1.6836134228098838,-1.136272574488954,-1.6250694536500585
-1.1860041993513277,-1.5847545995492034,-0.5062424389906242,-0.9035297789418608,-0.09809717659931098,1.1345692599977615,-0.43160741201518404,-1.695064261491298
0.7964516290671055,-1.23278871860267,-0.5062424389906242,-0.9035297789418608,-1.1491383544490708,0.42284534524130635,-1.065806058241577,1.524696899205721
1.2920655861717139,0.9757296383042795,-0.5062424389906242,-0.9035297789418608,0.42742341232556885,-0.7565828563551048,-1.5943049300969043,-0.015188873301548894
-0.9877586165094843,-0.8483252922064376,-0.5062424389906242,-0.9035297789418608,-1.499485413732324,-1.7529963370141417,0.9072563966849787,1.5946917070469606
0.9946972119089489,-0.0057281407360273845,-0.5062424389906242,-0.9035297789418608,0.42742341232556885,-1.3462969571533103,1.0834226873034212,-1.695064261491298
-0.19477628514211104,0.09434649174528403,-0.5062424389906242,-0.9035297789418608,-1.3243118840906973,0.21949565531089066,1.2595889779218636,-0.5751473360314653
1.490311169013557,0.8174002872934302,-0.5062424389906242,-0.9035297789418608,-0.4484442358825642,-1.366631926146352,0.061658201716454863,-1.695064261491298
0.8955744204880272,0.016379452978123894,-0.5062424389906242,1.6853807624388295,-0.6236177655241908,-1.1836172052089777,-1.7000047044679698,-0.22517329682526754
1.490311169013557,-0.5762323442192969,-0.5062424389906242,1.6853807624388295,0.9529440012504486,-0.7362478873620631,1.6823880754061256,0.6847592051108465
1.0938200033298706,0.6132285037718342,-0.5062424389906242,-0.9035297789418608,1.3032910605337018,1.2565790739560108,-0.46684067013887254,0.19479555022216974
-0.789513033667641,-0.8428451066685173,1.9753381442967495,-0.9035297789418608,-0.7987912951658175,1.2159091359699277,0.13212471796383185,0.6147643972696071
0.8955744204880272,-1.7302679234243459,-0.5062424389906242,0.3909254917484843,-0.4484442358825642,0.5245201902065142,-0.854406509499446,0.2647903580634093
-1.0868814079304059,-0.4563291439418506,-0.5062424389906242,0.3909254917484843,1.4784645901753286,-0.5125632284386059,-1.5943049300969043,-0.29516810466650706
-0.09565349372118939,1.335114814171644,-0.5062424389906242,-0.9035297789418608,0.7777704716088221,-0.3498834764942733,-1.065806058241577,-0.5751473360314653
-1.384249782193171,1.4752553186361472,-0.5062424389906242,1.6853807624388295,1.1281175308920752,-1.0616073912507284,-1.5590716719732158,1.3147124756820026
0.2017148805415756,-0.5620029135561551,-0.5062424389906242,1.6853807624388295,0.2522498826839422,-1.0209374532646451,-0.854406509499446,-1.4150850301263398
-1.384249782193171,0.8039419099296644,-0.5062424389906242,0.3909254917484843,-1.3243118840906973,0.38217540725522325,-0.854406509499446,-1.205100606602621
-0.8886358250885626,1.3978692534324857,-0.5062424389906242,-0.9035297789418608,-0.7987912951658175,-0.024523972605608197,-0.008808314530922123,-0.22517329682526754
1.6885567518554006,-0.9196002361268444,-0.5062424389906242,0.3909254917484843,0.9529440012504486,0.4635152832273895,0.6253903316954708,1.524696899205721
0.3999604633834189,-0.8955258197899588,-0.5062424389906242,-0.9035297789418608,1.3032910605337018,1.5005987018725098,-0.854406509499446,1.524696899205721
1.0938200033298706,-0.7425675904477261,-0.5062424389906242,-0.9035297789418608,0.2522498826839422,-0.7362478873620631,0.9072563966849787,-1.1351057987613817
-0.19477628514211104,1.0732797855662608,-0.5062424389906242,1.6853807624388295,-1.6746589433739505,0.07715087235959966,-0.5373071863862495,-0.6451421438727049
-0.5912674508257977,1.0806090610456835,1.9753381442967495,0.3909254917484843,0.42742341232556885,-0.20753869354298235,-0.008808314530922123,0.40477997374588837
0.49908325480434057,-0.37911698836408825,-0.5062424389906242,0.3909254917484843,0.9529440012504486,-1.2649570811811441,-0.32590763764411856,-1.695064261491298
0.9946972119089489,0.06596570390607592,-0.5062424389906242,0.3909254917484843,1.1281175308920752,0.30083553128305696,-1.1715058326126424,-0.5751473360314653
-0.6903902422467193,1.2048973679568993,-0.5062424389906242,-0.9035297789418608,-1.3243118840906973,-0.3092135385081902,1.4709885266639946,1.1047280521582838
-1.4833725736140926,1.3473113739604758,-0.5062424389906242,-0.9035297789418608,0.42742341232556885,0.9922244770464703,0.16735797608752034,1.5946917070469606
0.3999604633834189,-1.6694049904188242,1.9753381442967495,-0.9035297789418608,-0.09809717659931098,-1.590316585069809,-0.2554411213967416,0.5447695894283675
0.10259208912065393,-0.7774959625860988,1.9753381442967495,0.3909254917484843,-1.6746589433739505,1.2769140429490524,-0.5373071863862495,0.33478516590464885
-1.2851269907722493,-0.4611329261470321,-0.5062424389906242,-0.9035297789418608,-1.499485413732324,-0.7565828563551048,-1.5238384138495273,0.8947436286345652
-1.2851269907722493,1.2370368783371495,1.9753381442967495,-0.9035297789418608,1.4784645901753286,1.195574166976886,1.5414550429113716,-0.7151369517139443
0.2017148805415756,-0.32569461288840923,1.9753381442967495,-0.9035297789418608,-1.3243118840906973,0.2601655932969738,-0.5373071863862495,0.8947436286345652
0.9946972119089489,-1.111623816292983,-0.5062424389906242,1.6853807624388295,-1.499485413732324,0.05681590336655809,-0.502073928262561,1.7346813227294398
0.9946972119089489,-1.1659022501898422,-0.5062424389906242,-0.9035297789418608,-0.09809717659931098,-1.2242871431950608,-1.2419723488600194,1.6646865148882002
1.0938200033298706,0.7408141960342245,-0.5062424389906242,-0.9035297789418608,-1.1491383544490708,-1.122612298229853,0.6958568479428477,-0.22517329682526754
0.6973288376461839,-0.5104302522268201,-0.5062424389906242,0.3909254917484843,-1.1491383544490708,-0.980267515278562,0.4139907829533398,-0.6451421438727049
1.589433960434479,1.2782337838784075,1.9753381442967495,-0.9035297789418608,1.1281175308920752,0.1178208103456828,1.1891224616744867,0.1248007423809302
0.49908325480434057,-0.8079400264853761,1.9753381442967495,0.3909254917484843,0.07707635304231562,-0.8379227323272711,-1.2419723488600194,-0.9951161830789026
-0.789513033667641,-0.5672997129234445,-0.5062424389906242,1.6853807624388295,1.3032910605337018,1.0328944150325534,-0.924873025746823,-0.8551265673964235
-1.2851269907722493,-0.8507437659153745,-0.5062424389906242,1.6853807624388295,-0.9739648248074441,-1.2039521742020194,1.1538892035507982,-0.155178488984028
0.6973288376461839,-1.3276885977062352,-0.5062424389906242,-0.9035297789418608,-1.6746589433739505,-1.366631926146352,-0.008808314530922123,0.40477997374588837
0.49908325480434057,-1.3553600662944567,-0.5062424389906242,-0.9035297789418608,-1.499485413732324,-0.5125632284386059,0.02642494359276637,0.2647903580634093
0.49908325480434057,-0.1419910070719177,-0.5062424389906242,1.6853807624388295,1.6536381198169552,-0.5939031044107722,-1.136272574488954,0.6847592051108465
-0.19477628514211104,0.49801542695195977,-0.5062424389906242,0.3909254917484843,-0.6236177655241908,0.5041852212134726,-1.2419723488600194,-0.4351577203489862
-0.6903902422467193,-0.20505542061070342,-0.5062424389906242,0.3909254917484843,1.4784645901753286,1.3582539189212186,1.1538892035507982,1.1747228599995234
-0.2938990765630327,-0.6236248862919638,1.9753381442967495,-0.9035297789418608,-1.1491383544490708,0.28050056229001535,-0.8896397676231345,-0.8551265673964235
0.7964516290671055,1.2810905973305375,-0.5062424389906242,-0.9035297789418608,-1.499485413732324,0.28050056229001535,-1.3476721232310849,0.40477997374588837
1.0938200033298706,-1.0184534259584321,-0.5062424389906242,1.6853807624388295,-0.6236177655241908,-0.41088838347339807,1.3652887522929291,0.9647384364758048
-0.2938990765630327,0.12787291778690305,-0.5062424389906242,1.6853807624388295,-0.4484442358825642,1.2972490119420939,-0.854406509499446,1.5946917070469606
-0.8886358250885626,1.1913321649665352,-0.5062424389906242,-0.9035297789418608,-1.499485413732324,1.439593794893385,0.4139907829533398,-1.205100606602621
0.7964516290671055,-0.028747425422594702,-0.5062424389906242,-0.9035297789418608,1.4784645901753286,-0.5735681354177307,-0.29067437952043007,-1.205100606602621
0.0034692976997322722,-1.628539623232678,-0.5062424389906242,-0.9035297789418608,0.2522498826839422,-0.5328981974316475,0.7310901060665362,-1.555074645808819
0.2017148805415756,1.4706600754507655,-0.5062424389906242,0.3909254917484843,-0.7987912951658175,-0.6752429803829385,1.3300554941692406,0.054805934539690654
0.49908325480434057,1.0188025827207758,-0.5062424389906242,1.6853807624388295,-0.4484442358825642,1.6632784538168421,-0.04404157265461062,-1.555074645808819
0.0034692976997322722,-0.49029523439473083,-0.5062424389906242,0.3909254917484843,0.07707635304231562,-0.5328981974316475,-0.1849746051493646,-0.29516810466650706
1.490311169013557,0.8873648676673531,-0.5062424389906242,-0.9035297789418608,0.7777704716088221,0.9108846010743041,-0.008808314530922123,1.1047280521582838
-0.6903902422467193,-0.7743474208769353,1.9753381442967495,-0.9035297789418608,-0.7987912951658175,-0.5939031044107722,0.9424896548086672,-1.555074645808819
1.6885567518554006,1.2553931694645348,-0.5062424389906242,0.3909254917484843,-1.499485413732324,0.21949565531089066,1.1891224616744867,1.3847072835232421
-0.19477628514211104,1.4714771140046952,-0.5062424389906242,-0.9035297789418608,-0.6236177655241908,-0.04485894159864977,0.09689145984014336,0.9647384364758048
0.49908325480434057,0.030098694938950444,-0.5062424389906242,0.3909254917484843,1.1281175308920752,-0.12619881757081605,-1.3124388651073964,-0.8551265673964235
-1.2851269907722493,-0.5039295358803203,-0.5062424389906242,0.3909254917484843,0.42742341232556885,-0.654908011389897,0.061658201716454863,1.3847072835232421
-1.681618156455936,-0.21882135202088,-0.5062424389906242,-0.9035297789418608,-0.2732707062409376,0.7685398181230131,-0.783939993252069,0.5447695894283675
1.589433960434479,-0.5623337905969129,-0.5062424389906242,1.6853807624388295,-1.3243118840906973,1.5616036088516343,0.6253903316954708,-1.555074645808819
1.1929427947507922,1.4827978441191483,-0.5062424389906242,-0.9035297789418608,1.4784645901753286,1.0328944150325534,0.8720231385612902,-1.4850798379675794
-0.9877586165094843,0.7057983440341727,1.9753381442967495,-0.9035297789418608,0.9529440012504486,-1.2649570811811441,-0.1497413470256761,-0.36516291250774663
-1.681618156455936,0.9625874188931954,1.9753381442967495,0.3909254917484843,1.3032910605337018,-0.980267515278562,1.435755268540306,0.47477478158712794
0.10259208912065393,-0.806010042195327,-0.5062424389906242,0.3909254917484843,0.2522498826839422,1.1752391979838446,-1.4533718976021504,1.1747228599995234
-0.2938990765630327,0.9178167497063614,-0.5062424389906242,1.6853807624388295,1.4784645901753286,-0.980267515278562,1.5414550429113716,-1.555074645808819
0.7964516290671055,0.8961664539070475,-0.5062424389906242,-0.9035297789418608,-1.3243118840906973,1.5412686398585929,-1.3829053813547734,-0.015188873301548894
-1.384249782193171,-1.4445760565623775,-0.5062424389906242,0.3909254917484843,-0.09809717659931098,-0.980267515278562,-0.04404157265461062,-0.155178488984028
-1.4833725736140926,-0.946784990060801,1.9753381442967495,-0.9035297789418608,-1.3243118840906973,0.42284534524130635,0.9072563966849787,-0.925121375237663
-1.4833725736140926,-0.5368584968123654,-0.5062424389906242,0.3909254917484843,-0.6236177655241908,-0.553233166424689,1.1186559454271097,-0.8551265673964235
-1.0868814079304059,0.7191168115075076,1.9753381442967495,1.6853807624388295,1.1281175308920752,-1.4886417401046013,1.2595889779218636,-1.555074645808819
-1.2851269907722493,1.2159762358997723,-0.5062424389906242,0.3909254917484843,0.2522498826839422,-0.2685436005221071,-1.136272574488954,-0.6451421438727049
-0.2938990765630327,0.8331922879938891,-0.5062424389906242,-0.9035297789418608,1.3032910605337018,-0.22787366253602392,1.506221784787683,0.8247488207933257
0.5982060462252622,0.500520305418871,-0.5062424389906242,1.6853807624388295,0.42742341232556885,-1.2039521742020194,-0.46684067013887254,-1.4850798379675794
0.3999604633834189,-1.3705511782370414,-0.5062424389906242,1.6853807624388295,-1.499485413732324,-1.3462969571533103,1.7528545916535025,-0.22517329682526754
-1.4833725736140926,-0.43752602351152087,-0.5062424389906242,0.3909254917484843,1.4784645901753286,0.38217540725522325,-1.4181386394784619,0.2647903580634093
1.589433960434479,-1.3951993488090264,-0.5062424389906242,0.3909254917484843,1.1281175308920752,1.622608515830759,-1.0305728001178884,-0.22517329682526754
0.3999604633834189,-1.3533316583994395,-0.5062424389906242,0.3909254917484843,-0.9739648248074441,1.1345692599977615,0.09689145984014336,-1.3450902222851002
0.9946972119089489,0.48934995690347943,1.9753381442967495,-0.9035297789418608,-1.1491383544490708,1.053229384025595,-1.5590716719732158,-1.3450902222851002
0.49908325480434057,-0.18346181959231725,-0.5062424389906242,1.6853807624388295,-0.4484442358825642,1.6429434848238007,0.4844572992007168,1.7346813227294398
0.5982060462252622,1.3269767442842804,1.9753381442967495,-0.9035297789418608,-0.7987912951658175,-0.69557794937598,0.6606235898191593,0.6147643972696071
-0.789513033667641,1.141817456749444,-0.5062424389906242,-0.9035297789418608,1.6536381198169552,-0.39055341448035646,-1.206739090736331,0.5447695894283675
-0.09565349372118939,-0.2474141058860122,-0.5062424389906242,1.6853807624388295,-1.6746589433739505,-0.41088838347339807,-0.6077737026336265,-1.695064261491298
-1.0868814079304059,-1.2781767230838255,1.9753381442967495,0.3909254917484843,-0.2732707062409376,0.5448551591995558,1.6119215591587486,-1.205100606602621
-1.1860041993513277,1.0736348299270544,-0.5062424389906242,-0.9035297789418608,1.1281175308920752,-1.0616073912507284,1.647154817282437,-0.36516291250774663
-1.2851269907722493,0.025763645429491982,-0.5062424389906242,1.6853807624388295,1.3032910605337018,0.36184043826218165,-1.7000047044679698,1.4547020913644817
0.49908325480434057,0.05618244009032579,-0.5062424389906242,-0.9035297789418608,-1.6746589433739505,-1.2649570811811441,-1.1010393163652654,-0.4351577203489862
-0.6903902422467193,-0.014114884987708444,-0.5062424389906242,-0.9035297789418608,-0.4484442358825642,0.23983062430393223,0.9777229129323557,-0.36516291250774663
-0.9877586165094843,-1.65390020122224,-0.5062424389906242,-0.9035297789418608,0.42742341232556885,-1.508976709097643,1.6119215591587486,1.524696899205721
-1.4833725736140926,-0.86016292107554,-0.5062424389906242,1.6853807624388295,-0.9739648248074441,-1.1429472672228946,-0.5373071863862495,-1.6250694536500585
1.2920655861717139,1.1360641918713352,-0.5062424389906242,1.6853807624388295,-1.6746589433739505,0.21949565531089066,-0.924873025746823,-0.155178488984028
-1.5824953650350142,0.7048757062528339,-0.5062424389906242,0.3909254917484843,1.1281175308920752,0.15849074833176593,1.6119215591587486,-0.29516810466650706
0.6973288376461839,-0.7155827908184996,-0.5062424389906242,-0.9035297789418608,0.07707635304231562,-0.2685436005221071,-0.643006960757315,0.054805934539690654
1.0938200033298706,1.7537524531739401,-0.5062424389906242,-0.9035297789418608,1.4784645901753286,1.3582539189212186,-1.136272574488954,-1.695064261491298
0.5982060462252622,0.8894797304355531,1.9753381442967495,-0.9035297789418608,-1.3243118840906973,-1.2039521742020194,0.4844572992007168,-1.205100606602621
-1.2851269907722493,1.3360676208664255,-0.5062424389906242,-0.9035297789418608,0.2522498826839422,-1.5699816160767677,-1.065806058241577,-0.36516291250774663
-1.4833725736140926,-0.7900928263056781,-0.5062424389906242,1.6853807624388295,-0.4484442358825642,0.1788257173248075,1.647154817282437,-0.29516810466650706
1.2920655861717139,-1.2761619900081251,-0.5062424389906242,1.6853807624388295,0.9529440012504486,-0.9192626082994373,0.5901570735717823,-1.6250694536500585
-0.492144659404876,-1.464457654315525,-0.5062424389906242,-0.9035297789418608,1.1281175308920752,0.19916068631784908,1.3300554941692406,-0.22517329682526754
0.0034692976997322722,1.2465337041469533,1.9753381442967495,-0.9035297789418608,-0.09809717659931098,0.7685398181230131,1.4005220104166176,-1.695064261491298
-1.2851269907722493,0.757768918323174,-0.5062424389906242,0.3909254917484843,1.1281175308920752,-1.4479718021185182,-0.643006960757315,1.0347332443170443
-1.1860041993513277,0.13819406400588194,1.9753381442967495,-0.9035297789418608,-0.09809717659931098,-1.0819423602437699,-0.1145080889019876,-1.695064261491298
-1.0868814079304059,0.18692765489850513,-0.5062424389906242,-0.9035297789418608,0.6025969419671955,1.6022735468377176,-0.008808314530922123,1.4547020913644817
0.6973288376461839,0.010676191658090452,-0.5062424389906242,-0.9035297789418608,-0.6236177655241908,0.8092097561090962,-0.29067437952043007,0.9647384364758048
0.10259208912065393,1.598558045180748,-0.5062424389906242,1.6853807624388295,0.7777704716088221,-1.3462969571533103,-0.43160741201518404,-0.08518368114278844
0.5982060462252622,-1.3255593333202211,-0.5062424389906242,-0.9035297789418608,-1.1491383544490708,0.6058600661786805,0.6958568479428477,-1.0651109909201422
-0.492144659404876,0.81096510358468,-0.5062424389906242,-0.9035297789418608,1.1281175308920752,-0.7972527943411879,1.435755268540306,0.33478516590464885
0.2017148805415756,1.5242068549716323,-0.5062424389906242,0.3909254917484843,-0.6236177655241908,1.0328944150325534,-1.136272574488954,0.8247488207933257
1.0938200033298706,-0.27671750517954496,1.9753381442967495,0.3909254917484843,-1.499485413732324,0.5855250971856389,-1.3829053813547734,0.6147643972696071
-1.0868814079304059,-0.6646295409484607,-0.5062424389906242,-0.9035297789418608,0.07707635304231562,1.439593794893385,0.4844572992007168,0.1248007423809302
-0.8886358250885626,-0.39489050087640004,-0.5062424389906242,0.3909254917484843,-0.4484442358825642,-1.4886417401046013,0.3435242667059628,0.47477478158712794
-0.19477628514211104,-0.8679492518299814,-0.5062424389906242,1.6853807624388295,0.42742341232556885,-1.4886417401046013,1.3300554941692406,0.6847592051108465
-0.09565349372118939,0.3830600270341112,-0.5062424389906242,1.6853807624388295,1.6536381198169552,1.6429434848238007,0.5901570735717823,-0.4351577203489862
0.49908325480434057,-0.8545203518125288,1.9753381442967495,0.3909254917484843,0.7777704716088221,0.5651901281925974,-0.1497413470256761,1.3147124756820026
-1.4833725736140926,-0.9873910705136172,-0.5062424389906242,-0.9035297789418608,-1.1491383544490708,-1.2852920501741856,0.4844572992007168,0.1248007423809302
0.3999604633834189,0.7834817952234869,1.9753381442967495,0.3909254917484843,0.7777704716088221,0.7075349111438883,-1.6647714463442813,-0.5051525281902257
0.9946972119089489,0.017961174618263784,-0.5062424389906242,-0.9035297789418608,1.1281175308920752,-0.7159129183690216,-0.36114089576780706,-1.4850798379675794
0.49908325480434057,0.28556712784404464,-0.5062424389906242,-0.9035297789418608,-1.6746589433739505,0.8295447251021378,1.647154817282437,-1.4850798379675794
-1.2851269907722493,-1.323155374879468,-0.5062424389906242,0.3909254917484843,1.3032910605337018,-0.939597577292479,1.717621333529814,1.524696899205721
0.10259208912065393,1.2217025909787362,-0.5062424389906242,1.6853807624388295,-0.6236177655241908,1.5209336708655512,-1.1010393163652654,-1.4850798379675794
1.3911883775926355,1.3578846297620637,-0.5062424389906242,-0.9035297789418608,0.07707635304231562,0.36184043826218165,1.1186559454271097,0.1248007423809302
-1.5824953650350142,0.5689035939231675,1.9753381442967495,-0.9035297789418608,1.1281175308920752,-0.3092135385081902,-1.5590716719732158,-1.695064261491298
1.0938200033298706,1.743674347546057,-0.5062424389906242,0.3909254917484843,0.2522498826839422,-1.0412724222576868,0.8720231385612902,-1.205100606602621
0.0034692976997322722,0.9977643667147923,-0.5062424389906242,0.3909254917484843,1.1281175308920752,-0.7769178253481464,0.4844572992007168,-0.015188873301548894
0.8955744204880272,-1.3111976480228495,1.9753381442967495,0.3909254917484843,0.7777704716088221,-1.6716564610419755,-1.2419723488600194,-0.015188873301548894
-1.384249782193171,1.3668357665511812,-0.5062424389906242,0.3909254917484843,1.1281175308920752,0.3415054692691401,-1.4886051557258388,1.1047280521582838
-1.1860041993513277,0.24845297490767432,-0.5062424389906242,0.3909254917484843,1.3032910605337018,-0.12619881757081605,0.4139907829533398,0.8947436286345652
0.8955744204880272,-1.1846901182337788,1.9753381442967495,0.3909254917484843,1.3032910605337018,-1.0006024842716037,-0.008808314530922123,-0.36516291250774663
1.1929427947507922,1.7663774882813772,-0.5062424389906242,-0.9035297789418608,1.1281175308920752,0.7075349111438883,-1.7000047044679698,-0.29516810466650706
-1.2851269907722493,-0.27435426386638967,-0.5062424389906242,-0.9035297789418608,-1.499485413732324,-0.18720372454994078,1.5414550429113716,-1.555074645808819
1.3911883775926355,-0.39704143593268293,-0.5062424389906242,0.3909254917484843,1.6536381198169552,-1.7123263990280586,-0.008808314530922123,-0.925121375237663
-0.6903902422467193,-0.9125837081276926,-0.5062424389906242,1.6853807624388295,-0.9739648248074441,1.3582539189212186,0.02642494359276637,1.6646865148882002
-1.4833725736140926,0.2612477467586729,-0.5062424389906242,-0.9035297789418608,1.6536381198169552,-0.22787366253602392,0.7663233641902247,1.1047280521582838
0.49908325480434057,-0.16962952835992864,-0.5062424389906242,-0.9035297789418608,0.2522498826839422,1.622608515830759,-1.2419723488600194,-1.4150850301263398
-0.5912674508257977,-0.37966738519407756,1.9753381442967495,-0.9035297789418608,-1.3243118840906973,1.3175839809351355,-1.4886051557258388,1.1047280521582838
-0.8886358250885626,1.1802446945845033,-0.5062424389906242,0.3909254917484843,1.1281175308920752,-1.7123263990280586,-0.43160741201518404,-1.205100606602621
-0.6903902422467193,-0.020012934602763526,-0.5062424389906242,-0.9035297789418608,-0.9739648248074441,0.72786988013693,-0.1849746051493646,0.9647384364758048
0.3008376719624973,0.4409672642208555,-0.5062424389906242,0.3909254917484843,-0.2732707062409376,-0.3092135385081902,1.6119215591587486,1.1047280521582838
-1.1860041993513277,0.970489081453966,-0.5062424389906242,-0.9035297789418608,1.1281175308920752,1.6022735468377176,-1.1010393163652654,1.244717667840763
0.9946972119089489,-1.409282458389293,-0.5062424389906242,-0.9035297789418608,-0.09809717659931098,-0.1668687555568992,-1.3829053813547734,1.0347332443170443
0.2017148805415756,-1.2921099624433716,-0.5062424389906242,0.3909254917484843,0.42742341232556885,-0.24820863152906547,-1.3124388651073964,-0.08518368114278844
0.10259208912065393,0.8289704789131681,-0.5062424389906242,1.6853807624388295,0.9529440012504486,-0.18720372454994078,1.6823880754061256,0.2647903580634093
-1.4833725736140926,-0.020704826738501513,-0.5062424389906242,-0.9035297789418608,-0.6236177655241908,0.30083553128305696,0.9072563966849787,0.8247488207933257
-0.9877586165094843,0.8354682469556284,-0.5062424389906242,-0.9035297789418608,-1.3243118840906973,-0.08552887958473292,-1.3124388651073964,1.6646865148882002
1.3911883775926355,1.5243164852719056,-0.5062424389906242,-0.9035297789418608,-1.1491383544490708,0.8702146630882209,-1.206739090736331,0.7547540129520861
0.5982060462252622,-0.47566854785953894,1.9753381442967495,1.6853807624388295,-1.499485413732324,-0.2685436005221071,1.6823880754061256,-0.9951161830789026
-1.5824953650350142,0.26150674098041365,-0.5062424389906242,-0.9035297789418608,-0.09809717659931098,0.9718895080534288,-1.1715058326126424,0.9647384364758048
-0.789513033667641,-0.6497567481488518,-0.5062424389906242,0.3909254917484843,1.4784645901753286,0.7075349111438883,-1.3829053813547734,-1.4850798379675794
1.6885567518554006,-1.215483186042402,1.9753381442967495,1.6853807624388295,-1.6746589433739505,-1.3462969571533103,0.8015566223139132,1.7346813227294398
1.490311169013557,-0.14641181425122426,-0.5062424389906242,1.6853807624388295,1.1281175308920752,-1.7529963370141417,-1.4886051557258388,0.5447695894283675
-0.19477628514211104,1.1909527408076834,-0.5062424389906242,-0.9035297789418608,1.6536381198169552,0.9108846010743041,-1.5943049300969043,1.1747228599995234
0.3999604633834189,1.1473710818745988,-0.5062424389906242,1.6853807624388295,-0.09809717659931098,1.581938577844676,0.9424896548086672,-0.22517329682526754
-1.0868814079304059,-0.9410730312624694,-0.5062424389906242,-0.9035297789418608,-0.4484442358825642,0.2601655932969738,1.1186559454271097,1.6646865148882002
1.589433960434479,-1.7204124695315723,-0.5062424389906242,0.3909254917484843,0.7777704716088221,-1.549646647083726,-1.206739090736331,0.40477997374588837
-1.0868814079304059,-1.0151862536164513,-0.5062424389906242,1.6853807624388295,0.9529440012504486,0.15849074833176593,0.6253903316954708,-0.29516810466650706
-0.8886358250885626,-1.350674719893741,1.9753381442967495,-0.9035297789418608,-1.6746589433739505,0.5651901281925974,0.7310901060665362,-0.36516291250774663
-0.8886358250885626,0.02023144852034048,-0.5062424389906242,-0.9035297789418608,1.1281175308920752,1.4192588259003434,-0.854406509499446,-0.4351577203489862
-1.384249782193171,0.13837371782884805,1.9753381442967495,0.3909254917484843,-1.3243118840906973,0.19916068631784908,1.506221784787683,-1.555074645808819
0.9946972119089489,1.126204090560264,1.9753381442967495,0.3909254917484843,-0.09809717659931098,0.05681590336655809,0.4492240410770283,-1.555074645808819
0.3008376719624973,-1.0826824776115584,1.9753381442967495,-0.9035297789418608,0.7777704716088221,-0.6345730423968553,0.8720231385612902,1.3147124756820026
-0.5912674508257977,-1.726397400316494,1.9753381442967495,0.3909254917484843,0.2522498826839422,-0.69557794937598,0.02642494359276637,0.7547540129520861
0.6973288376461839,1.23607117611211,-0.5062424389906242,1.6853807624388295,0.9529440012504486,-0.7565828563551048,-0.29067437952043007,0.2647903580634093
-1.384249782193171,0.016280516502565224,-0.5062424389906242,-0.9035297789418608,-0.4484442358825642,-0.22787366253602392,0.061658201716454863,0.8947436286345652
-1.681618156455936,-0.7648777193193521,1.9753381442967495,-0.9035297789418608,0.07707635304231562,0.19916068631784908,1.4005220104166176,-0.22517329682526754
-0.789513033667641,-0.3285455758953344,-0.5062424389906242,-0.9035297789418608,0.2522498826839422,-0.7362478873620631,0.5901570735717823,-1.4150850301263398
-0.09565349372118939,-0.09944710659510232,1.9753381442967495,1.6853807624388295,0.9529440012504486,0.5651901281925974,-0.5373071863862495,0.33478516590464885
0.3999604633834189,-0.10907809259192773,1.9753381442967495,-0.9035297789418608,-0.2732707062409376,1.6429434848238007,-0.6077737026336265,-0.155178488984028
-0.3930218679839544,-1.71614075523894,-0.5062424389906242,0.3909254917484843,0.7777704716088221,-0.024523972605608197,0.16735797608752034,-1.4150850301263398
1.2920655861717139,-1.3257294363287155,-0.5062424389906242,1.6853807624388295,-0.4484442358825642,1.2565790739560108,1.0834226873034212,1.0347332443170443
-0.2938990765630327,0.5869846767714071,-0.5062424389906242,-0.9035297789418608,1.4784645901753286,-0.22787366253602392,-1.4886051557258388,-1.1351057987613817
0.6973288376461839,-1.032110606354801,-0.5062424389906242,0.3909254917484843,-1.6746589433739505,0.72786988013693,-1.4886051557258388,-0.015188873301548894
0.2017148805415756,-1.3131727632669459,-0.5062424389906242,0.3909254917484843,-1.499485413732324,0.5041852212134726,-1.5943049300969043,-0.08518368114278844
0.5982060462252622,-1.485676213043587,-0.5062424389906242,1.6853807624388295,-0.6236177655241908,0.6058600661786805,-0.36114089576780706,-1.4850798379675794
1.1929427947507922,1.3123048659653203,-0.5062424389906242,-0.9035297789418608,-1.1491383544490708,0.8702146630882209,-0.8896397676231345,1.7346813227294398
-1.384249782193171,-0.3501281267761898,-0.5062424389906242,0.3909254917484843,-0.7987912951658175,-0.10586384857777448,0.4139907829533398,1.3147124756820026
-1.681618156455936,-1.6961048932959564,-0.5062424389906242,-0.9035297789418608,-0.2732707062409376,-1.6513214920489339,-1.4533718976021504,0.8247488207933257
0.49908325480434057,-0.44056855120404087,-0.5062424389906242,0.3909254917484843,1.6536381198169552,0.4635152832273895,-0.32590763764411856,1.3847072835232421
1.0938200033298706,-1.5039969391495778,-0.5062424389906242,0.3909254917484843,1.1281175308920752,0.8702146630882209,1.2243557197981751,0.8247488207933257
-1.0868814079304059,1.1747561298106464,-0.5062424389906242,-0.9035297789418608,-0.4484442358825642,-1.407301864132435,-0.572540444509938,1.4547020913644817
0.5982060462252622,0.38569468365262743,-0.5062424389906242,-0.9035297789418608,0.2522498826839422,-0.18720372454994078,-0.07927483077829911,0.8947436286345652
1.3911883775926355,1.4190125776413092,-0.5062424389906242,-0.9035297789418608,0.7777704716088221,-0.22787366253602392,0.4492240410770283,-1.3450902222851002
-0.9877586165094843,0.9809256527891173,-0.5062424389906242,0.3909254917484843,0.42742341232556885,0.1178208103456828,0.02642494359276637,1.1747228599995234
-1.0868814079304059,-1.1276039443711179,-0.5062424389906242,-0.9035297789418608,1.4784645901753286,-1.366631926146352,-0.8191732513757575,-0.5751473360314653
0.5982060462252622,1.771987551276501,-0.5062424389906242,1.6853807624388295,0.2522498826839422,-0.004189003612566626,1.3300554941692406,1.3147124756820026
0.8955744204880272,-1.2784629184491005,-0.5062424389906242,-0.9035297789418608,1.4784645901753286,0.38217540725522325,-0.6077737026336265,1.7346813227294398
0.10259208912065393,-1.0811793764842306,-0.5062424389906242,0.3909254917484843,0.2522498826839422,1.6429434848238007,0.9777229129323557,-1.6250694536500585
1.1929427947507922,0.7548598215195521,-0.5062424389906242,-0.9035297789418608,0.6025969419671955,0.626195035171722,0.3435242667059628,1.3847072835232421
1.2920655861717139,-1.1790995061711693,-0.5062424389906242,-0.9035297789418608,0.07707635304231562,0.42284534524130635,0.9072563966849787,-1.0651109909201422
1.6885567518554006,1.4079215694509817,-0.5062424389906242,0.3909254917484843,-0.6236177655241908,0.626195035171722,-0.9953395419941999,-0.015188873301548894
-1.2851269907722493,1.47722038551054,1.9753381442967495,-0.9035297789418608,-0.7987912951658175,0.6058600661786805,-0.1145080889019876,0.5447695894283675
-0.9877586165094843,-0.6979960305317633,-0.5062424389906242,1.6853807624388295,-0.4484442358825642,0.4025103762482648,0.02642494359276637,1.1047280521582838
0.6973288376461839,-0.8177827935750163,-0.5062424389906242,-0.9035297789418608,0.7777704716088221,0.7482048491299715,0.2730577504585858,-0.7151369517139443
-0.9877586165094843,-1.6579729015785118,-0.5062424389906242,0.3909254917484843,-0.4484442358825642,-1.3259619881602687,-0.1145080889019876,-0.925121375237663
-0.492144659404876,1.4864648527892919,-0.5062424389906242,0.3909254917484843,-0.2732707062409376,-0.7565828563551048,-0.783939993252069,-1.555074645808819
-0.2938990765630327,0.43479933996569875,-0.5062424389906242,-0.9035297789418608,0.6025969419671955,1.5005987018725098,1.1891224616744867,-0.7851317595551839
0.9946972119089489,-0.9157606176321529,1.9753381442967495,0.3909254917484843,-1.3243118840906973,-1.2852920501741856,1.1186559454271097,-1.695064261491298
0.0034692976997322722,-0.15093869871783036,-0.5062424389906242,1.6853807624388295,1.6536381198169552,0.5651901281925974,0.13212471796383185,-1.555074645808819
-1.5824953650350142,-0.5614721952665669,-0.5062424389906242,-0.9035297789418608,0.9529440012504486,-1.2446221121881025,0.5196905573244053,0.40477997374588837
-0.2938990765630327,0.8412073839867523,-0.5062424389906242,-0.9035297789418608,-0.7987912951658175,-0.12619881757081605,-1.4181386394784619,-1.2750954144438607
-0.789513033667641,-0.43783170036150076,-0.5062424389906242,-0.9035297789418608,0.7777704716088221,-0.7972527943411879,1.6823880754061256,-0.7851317595551839
-0.9877586165094843,1.0900371636827302,-0.5062424389906242,0.3909254917484843,0.6025969419671955,0.6668649731578052,1.3300554941692406,-1.0651109909201422
0.8955744204880272,-0.079089539245847,-0.5062424389906242,-0.9035297789418608,-1.6746589433739505,0.2601655932969738,0.6958568479428477,-1.4150850301263398
0.10259208912065393,1.3229698251142243,-0.5062424389906242,1.6853807624388295,-0.2732707062409376,-0.4515583214594812,-0.07927483077829911,1.6646865148882002
-1.0868814079304059,-0.22293842535681668,-0.5062424389906242,-0.9035297789418608,-0.7987912951658175,1.439593794893385,-0.5373071863862495,-1.3450902222851002
-1.5824953650350142,0.28292929303600456,1.9753381442967495,-0.9035297789418608,0.7777704716088221,0.1178208103456828,0.16735797608752034,1.3847072835232421
0.3999604633834189,-1.082879653934158,-0.5062424389906242,1.6853807624388295,0.2522498826839422,1.0328944150325534,-0.854406509499446,-0.925121375237663
0.49908325480434057,-0.68184693310787,-0.5062424389906242,-0.9035297789418608,0.9529440012504486,0.8295447251021378,-1.4181386394784619,-0.08518368114278844
-1.5824953650350142,-0.3818968700711969,-0.5062424389906242,-0.9035297789418608,-0.2732707062409376,0.9718895080534288,-1.1715058326126424,0.7547540129520861
-0.9877586165094843,0.28784431134726646,-0.5062424389906242,1.6853807624388295,0.42742341232556885,-0.4515583214594812,1.2595889779218636,0.6847592051108465
0.3999604633834189,1.5893793328556005,-0.5062424389906242,-0.9035297789418608,-0.09809717659931098,1.5616036088516343,0.3082910085822743,-1.555074645808819
-1.1860041993513277,-1.0083118728635256,-0.5062424389906242,1.6853807624388295,-0.4484442358825642,1.6632784538168421,-0.1849746051493646,0.19479555022216974
-0.6903902422467193,0.979062566936468,-0.5062424389906242,-0.9035297789418608,-0.9739648248074441,-1.2446221121881025,-0.8191732513757575,0.9647384364758048
1.490311169013557,-0.078174005000549,-0.5062424389906242,0.3909254917484843,-0.2732707062409376,1.5616036088516343,-1.2419723488600194,-0.8551265673964235
-1.5824953650350142,-0.8386263034861915,-0.5062424389906242,-0.9035297789418608,1.3032910605337018,1.0735643530186367,-0.1145080889019876,-0.5751473360314653
-1.384249782193171,-1.2028765253101306,1.9753381442967495,0.3909254917484843,-0.4484442358825642,-0.7972527943411879,-0.6077737026336265,1.1047280521582838
0.3008376719624973,-1.500514773333388,-0.5062424389906242,0.3909254917484843,-1.499485413732324,-0.3702184454873149,-1.4181386394784619,-0.29516810466650706
1.0938200033298706,-0.8113402434223669,-0.5062424389906242,1.6853807624388295,0.9529440012504486,-0.32954850750123177,-0.854406509499446,-1.695064261491298
0.0034692976997322722,-1.3782135866870218,-0.5062424389906242,-0.9035297789418608,-0.4484442358825642,-0.4515583214594812,0.061658201716454863,-1.4150850301263398
0.9946972119089489,1.4614919229595744,-0.5062424389906242,0.3909254917484843,-0.2732707062409376,0.5245201902065142,1.4709885266639946,1.1747228599995234
0.3999604633834189,-1.287912642542706,-0.5062424389906242,-0.9035297789418608,-1.499485413732324,0.8905496320812625,0.8720231385612902,-0.9951161830789026
-0.2938990765630327,-1.3161597242581031,-0.5062424389906242,-0.9035297789418608,0.42742341232556885,-0.06519391059169134,-0.8191732513757575,1.524696899205721
-0.8886358250885626,1.1847372897234938,1.9753381442967495,0.3909254917484843,-0.7987912951658175,-1.0616073912507284,0.8720231385612902,1.3147124756820026
0.8955744204880272,-0.37662949083276903,-0.5062424389906242,0.3909254917484843,0.7777704716088221,0.19916068631784908,-1.5943049300969043,-0.36516291250774663
0.0034692976997322722,1.4686574027218893,-0.5062424389906242,-0.9035297789418608,0.07707635304231562,-1.7529963370141417,-1.1715058326126424,0.6147643972696071
0.10259208912065393,1.2300152405353435,1.9753381442967495,1.6853807624388295,0.2522498826839422,-0.4312233524664396,1.0481894291797327,-0.8551265673964235
1.589433960434479,-0.3587547914248085,-0.5062424389906242,0.3909254917484843,1.6536381198169552,-1.1632822362159363,-1.4181386394784619,0.054805934539690654
0.5982060462252622,0.7418702240026803,-0.5062424389906242,-0.9035297789418608,0.07707635304231562,-1.508976709097643,-0.1145080889019876,0.054805934539690654
0.0034692976997322722,-0.09674002697026805,-0.5062424389906242,-0.9035297789418608,-0.09809717659931098,0.036480934373516516,1.435755268540306,0.6147643972696071
-1.5824953650350142,-0.057859198091487735,-0.5062424389906242,-0.9035297789418608,-0.7987912951658175,-1.1022773292368115,-0.924873025746823,0.054805934539690654
0.5982060462252622,-0.9914087062240206,1.9753381442967495,1.6853807624388295,-0.7987912951658175,0.28050056229001535,-0.502073928262561,-1.4150850301263398
-0.6903902422467193,0.6077102467016146,-0.5062424389906242,1.6853807624388295,0.07707635304231562,-0.6752429803829385,0.09689145984014336,-1.0651109909201422
-1.5824953650350142,-0.34449074788077455,-0.5062424389906242,0.3909254917484843,1.3032910605337018,0.23983062430393223,0.3082910085822743,-0.6451421438727049
-0.6903902422467193,1.1136623762541153,1.9753381442967495,1.6853807624388295,-1.499485413732324,-1.122612298229853,1.6823880754061256,-0.5751473360314653
-0.789513033667641,-1.5661233823661926,1.9753381442967495,-0.9035297789418608,0.7777704716088221,-0.49222825944556436,-0.9601062838705114,1.4547020913644817
0.7964516290671055,-0.9391947033890631,-0.5062424389906242,-0.9035297789418608,-0.4484442358825642,0.8092097561090962,0.5901570735717823,-0.22517329682526754
0.9946972119089489,1.5968571380250185,1.9753381442967495,-0.9035297789418608,0.42742341232556885,0.23983062430393223,0.9777229129323557,-0.7151369517139443
0.7964516290671055,1.17338971430285,-0.5062424389906242,-0.9035297789418608,-1.6746589433739505,-0.2888785695151486,0.2730577504585858,0.40477997374588837
1.6885567518554006,-0.6926673341496006,-0.5062424389906242,1.6853807624388295,-0.4484442358825642,0.1178208103456828,-0.008808314530922123,-1.3450902222851002
0.6973288376461839,-1.0197295019428494,-0.5062424389906242,-0.9035297789418608,-1.1491383544490708,-0.69557794937598,0.9777229129323557,-0.22517329682526754
1.490311169013557,-1.598289167730953,-0.5062424389906242,0.3909254917484843,-1.6746589433739505,-0.49222825944556436,-0.9953395419941999,0.19479555022216974
1.6885567518554006,1.6371918357148054,-0.5062424389906242,1.6853807624388295,0.6025969419671955,-1.2039521742020194,0.13212471796383185,1.244717667840763
1.490311169013557,-0.21607440604347253,-0.5062424389906242,1.6853807624388295,1.4784645901753286,1.5616036088516343,-0.1849746051493646,-0.08518368114278844
-1.2851269907722493,-0.815989939798981,-0.5062424389906242,1.6853807624388295,0.2522498826839422,0.9718895080534288,1.3300554941692406,0.8947436286345652
-1.2851269907722493,-0.5386343643122843,-0.5062424389906242,0.3909254917484843,-0.7987912951658175,-1.0209374532646451,0.9777229129323557,-1.0651109909201422
0.10259208912065393,0.5291235753217726,-0.5062424389906242,-0.9035297789418608,-1.1491383544490708,0.7888747871160546,-1.2772056069837079,-1.4850798379675794
-1.5824953650350142,1.7835790103461386,1.9753381442967495,-0.9035297789418608,-0.09809717659931098,-0.7769178253481464,-0.1497413470256761,0.47477478158712794
0.7964516290671055,-0.7238909925626876,-0.5062424389906242,-0.9035297789418608,-1.3243118840906973,1.5005987018725098,1.4005220104166176,0.6147643972696071
1.0938200033298706,1.59262692206467,-0.5062424389906242,-0.9035297789418608,-1.6746589433739505,0.9922244770464703,-0.6782402188810035,0.5447695894283675
0.0034692976997322722,0.7372025098418826,1.9753381442967495,0.3909254917484843,-0.9739648248074441,1.5616036088516343,-0.22020786327305308,-1.6250694536500585
-1.681618156455936,-1.342244456616734,-0.5062424389906242,1.6853807624388295,0.07707635304231562,1.622608515830759,1.2595889779218636,0.40477997374588837
0.8955744204880272,-0.7570394242318113,-0.5062424389906242,-0.9035297789418608,-0.09809717659931098,-0.939597577292479,-1.4886051557258388,-0.22517329682526754
0.2017148805415756,0.7487359790806855,-0.5062424389906242,-0.9035297789418608,0.2522498826839422,-1.0412724222576868,1.2595889779218636,-1.555074645808819
0.6973288376461839,-1.1171432255313511,-0.5062424389906242,0.3909254917484843,-1.499485413732324,-1.691991430035017,-0.36114089576780706,0.1248007423809302
1.6885567518554006,0.38588167956780156,1.9753381442967495,0.3909254917484843,0.6025969419671955,1.154904228990803,-0.502073928262561,-1.4150850301263398
-0.9877586165094843,-0.09420340970947029,1.9753381442967495,1.6853807624388295,-0.9739648248074441,0.09748584135264123,1.0834226873034212,-1.2750954144438607
-1.384249782193171,0.237956923551209,-0.5062424389906242,-0.9035297789418608,-0.2732707062409376,0.5245201902065142,1.0834226873034212,1.244717667840763
0.9946972119089489,1.4255758822500562,-0.5062424389906242,0.3909254917484843,0.42742341232556885,-0.32954850750123177,1.7528545916535025,1.4547020913644817
-0.2938990765630327,0.09991343367190847,-0.5062424389906242,-0.9035297789418608,-0.4484442358825642,1.6632784538168421,0.6606235898191593,0.5447695894283675
0.7964516290671055,-0.08823851664830826,1.9753381442967495,0.3909254917484843,1.3032910605337018,-0.49222825944556436,1.6823880754061256,0.8947436286345652
1.1929427947507922,1.2670570558777374,-0.5062424389906242,-0.9035297789418608,-0.6236177655241908,1.053229384025595,1.3300554941692406,0.19479555022216974
-0.492144659404876,0.2198155455101809,1.9753381442967495,0.3909254917484843,0.6025969419671955,1.2565790739560108,-0.572540444509938,0.1248007423809302
1.0938200033298706,0.6330249013850602,-0.5062424389906242,-0.9035297789418608,-1.6746589433739505,0.4635152832273895,-1.3476721232310849,-0.015188873301548894
-0.8886358250885626,-1.4585205325940807,-0.5062424389906242,1.6853807624388295,0.7777704716088221,-0.5125632284386059,0.7663233641902247,1.7346813227294398
-0.19477628514211104,0.20442769688554926,-0.5062424389906242,0.3909254917484843,-0.9739648248074441,-1.3259619881602687,0.16735797608752034,-1.695064261491298
-0.9877586165094843,0.2690570198879039,-0.5062424389906242,-0.9035297789418608,1.6536381198169552,1.2769140429490524,0.7663233641902247,-1.0651109909201422
-0.2938990765630327,0.3893496748807284,-0.5062424389906242,0.3909254917484843,-0.09809717659931098,1.622608515830759,1.57668830103506,0.6847592051108465
1.589433960434479,0.23261142941891216,-0.5062424389906242,0.3909254917484843,0.42742341232556885,-0.18720372454994078,0.7663233641902247,-1.205100606602621
-1.5824953650350142,1.5008553118616885,-0.5062424389906242,-0.9035297789418608,1.4784645901753286,-0.5328981974316475,-1.0305728001178884,0.33478516590464885
-0.2938990765630327,0.8749141605787388,-0.5062424389906242,-0.9035297789418608,1.4784645901753286,0.44318031423434795,-0.1849746051493646,1.4547020913644817
1.1929427947507922,-1.2398603489814957,-0.5062424389906242,0.3909254917484843,0.6025969419671955,-1.122612298229853,0.20259123421120884,0.6847592051108465
0.6973288376461839,0.951587004803503,1.9753381442967495,-0.9035297789418608,0.2522498826839422,0.1788257173248075,0.6253903316954708,0.1248007423809302
1.490311169013557,1.4139685362845322,-0.5062424389906242,1.6853807624388295,1.3032910605337018,-1.1022773292368115,-1.5943049300969043,-0.08518368114278844
1.2920655861717139,-0.2369148691173541,1.9753381442967495,-0.9035297789418608,0.7777704716088221,0.7888747871160546,0.09689145984014336,-0.155178488984028
-0.3930218679839544,-1.0493659072207138,1.9753381442967495,-0.9035297789418608,0.42742341232556885,0.07715087235959966,1.717621333529814,0.47477478158712794
-0.492144659404876,-0.4396886815197363,1.9753381442967495,-0.9035297789418608,-0.6236177655241908,-1.1632822362159363,1.506221784787683,1.6646865148882002
1.6885567518554006,0.4565626100554981,-0.5062424389906242,0.3909254917484843,1.3032910605337018,-0.6345730423968553,-1.5590716719732158,1.5946917070469606
-1.5824953650350142,-0.9800431868197036,-0.5062424389906242,0.3909254917484843,-0.6236177655241908,-1.2446221121881025,0.4492240410770283,-0.5051525281902257
0.49908325480434057,-1.0013869510273028,-0.5062424389906242,-0.9035297789418608,1.4784645901753286,-1.5699816160767677,-1.3476721232310849,-0.8551265673964235
-0.492144659404876,-0.07314582298373921,-0.5062424389906242,0.3909254917484843,1.3032910605337018,0.7482048491299715,-0.502073928262561,-0.5051525281902257
-0.9877586165094843,-0.12248778042078291,-0.5062424389906242,-0.9035297789418608,1.3032910605337018,0.9922244770464703,0.8015566223139132,-0.155178488984028
0.0034692976997322722,-1.6467246293387892,-0.5062424389906242,-0.9035297789418608,0.07707635304231562,-0.8582577013203126,-0.783939993252069,-1.4150850301263398
0.9946972119089489,-0.5916636167295791,-0.5062424389906242,-0.9035297789418608,-0.2732707062409376,-1.4479718021185182,-0.39637415389149555,-1.3450902222851002
-1.2851269907722493,-1.6908782359445416,-0.5062424389906242,0.3909254917484843,-1.1491383544490708,-1.2039521742020194,-0.008808314530922123,-0.29516810466650706
1.3911883775926355,-0.05596806489131323,-0.5062424389906242,0.3909254917484843,0.42742341232556885,0.8498796940951794,0.7663233641902247,-0.5051525281902257
-0.5912674508257977,1.2651787120036266,-0.5062424389906242,-0.9035297789418608,1.6536381198169552,1.0735643530186367,-0.1145080889019876,0.1248007423809302
1.3911883775926355,-1.211974542512041,-0.5062424389906242,0.3909254917484843,0.7777704716088221,-1.4479718021185182,0.3787575248296513,-0.6451421438727049
1.490311169013557,0.14424295184945676,-0.5062424389906242,-0.9035297789418608,1.3032910605337018,1.6429434848238007,0.4844572992007168,-0.4351577203489862
1.1929427947507922,-1.1555087047181336,-0.5062424389906242,-0.9035297789418608,-0.7987912951658175,0.6668649731578052,-0.1145080889019876,-0.5751473360314653
0.6973288376461839,-0.2984265448705544,1.9753381442967495,-0.9035297789418608,0.6025969419671955,0.1788257173248075,-1.4533718976021504,1.524696899205721
-1.0868814079304059,-0.46896498313029306,-0.5062424389906242,0.3909254917484843,-0.4484442358825642,0.5245201902065142,-1.5943049300969043,-0.7851317595551839
-0.789513033667641,-0.5907694800615028,-0.5062424389906242,0.3909254917484843,0.07707635304231562,-0.08552887958473292,-0.32590763764411856,1.1747228599995234
-0.5912674508257977,0.6035541367551481,-0.5062424389906242,-0.9035297789418608,-0.6236177655241908,-0.8582577013203126,-0.783939993252069,1.7346813227294398
-1.681618156455936,0.8869557889919258,-0.5062424389906242,0.3909254917484843,0.9529440012504486,-0.18720372454994078,1.3300554941692406,-0.5751473360314653
0.0034692976997322722,-1.3167426301021967,1.9753381442967495,-0.9035297789418608,-0.4484442358825642,-1.0616073912507284,1.57668830103506,-0.9951161830789026
-1.2851269907722493,1.461916374729969,-0.5062424389906242,-0.9035297789418608,0.07707635304231562,-1.1632822362159363,0.6606235898191593,1.244717667840763
-1.1860041993513277,0.7235910957520447,-0.5062424389906242,1.6853807624388295,-0.2732707062409376,-0.6345730423968553,-0.43160741201518404,-1.0651109909201422
-1.5824953650350142,-0.44733292679523595,-0.5062424389906242,-0.9035297789418608,-1.1491383544490708,0.7482048491299715,0.7310901060665362,1.3847072835232421
0.49908325480434057,-1.0033577273736431,1.9753381442967495,1.6853807624388295,1.6536381198169552,-0.5328981974316475,-0.36114089576780706,0.8947436286345652
0.3008376719624973,-0.6350455796079505,-0.5062424389906242,1.6853807624388295,0.9529440012504486,-0.9192626082994373,0.3787575248296513,-0.7851317595551839
0.8955744204880272,-0.8033853026567834,-0.5062424389906242,0.3909254917484843,-0.4484442358825642,1.5005987018725098,-1.065806058241577,-1.205100606602621
-0.2938990765630327,0.6426158945194942,1.9753381442967495,-0.9035297789418608,0.42742341232556885,1.0938993220116782,0.9777229129323557,-0.155178488984028
1.1929427947507922,1.2877926135839393,-0.5062424389906242,1.6853807624388295,0.7777704716088221,-0.8379227323272711,-1.5238384138495273,0.9647384364758048
-1.0868814079304059,1.3188853301101138,1.9753381442967495,0.3909254917484843,1.6536381198169552,-1.549646647083726,0.20259123421120884,0.47477478158712794
0.2017148805415756,-0.2576491570034058,-0.5062424389906242,0.3909254917484843,0.9529440012504486,-1.590316585069809,-1.2772056069837079,-0.36516291250774663
-1.2851269907722493,0.08614707509794838,-0.5062424389906242,-0.9035297789418608,-1.3243118840906973,1.4599287638864265,1.435755268540306,0.19479555022216974
-1.5824953650350142,-0.9308530160963664,-0.5062424389906242,-0.9035297789418608,-0.09809717659931098,0.38217540725522325,1.1891224616744867,1.3847072835232421
-0.09565349372118939,1.3784788049424568,-0.5062424389906242,1.6853807624388295,-0.4484442358825642,0.7075349111438883,1.4709885266639946,0.6847592051108465
-0.9877586165094843,-0.5151785493534391,1.9753381442967495,0.3909254917484843,1.6536381198169552,0.6465300041647637,1.435755268540306,0.5447695894283675
1.0938200033298706,1.0854861839783871,-0.5062424389906242,1.6853807624388295,-0.4484442358825642,0.05681590336655809,-1.5590716719732158,-0.8551265673964235
-0.8886358250885626,0.5691743861062596,-0.5062424389906242,-0.9035297789418608,0.2522498826839422,-0.7972527943411879,1.647154817282437,1.4547020913644817
0.8955744204880272,-0.7349689404927953,-0.5062424389906242,0.3909254917484843,-1.3243118840906973,-0.5735681354177307,1.435755268540306,0.19479555022216974
0.3999604633834189,-0.9625098584132685,1.9753381442967495,-0.9035297789418608,-0.2732707062409376,1.3379189499281772,-0.29067437952043007,-1.4850798379675794
1.0938200033298706,1.202419808048648,-0.5062424389906242,-0.9035297789418608,0.42742341232556885,1.0735643530186367,-1.136272574488954,-1.0651109909201422
0.3008376719624973,0.9489670764472408,-0.5062424389906242,1.6853807624388295,-0.2732707062409376,0.13815577933872436,-0.2554411213967416,-1.205100606602621
1.589433960434479,-0.045082706080728445,-0.5062424389906242,-0.9035297789418608,-0.4484442358825642,-1.4683067711115598,0.6958568479428477,-0.4351577203489862
-1.2851269907722493,1.4135043792932906,-0.5062424389906242,0.3909254917484843,-0.9739648248074441,1.1752391979838446,-0.783939993252069,0.19479555022216974
-0.8886358250885626,0.7722004096367999,-0.5062424389906242,1.6853807624388295,-1.6746589433739505,1.2362441049629693,1.0834226873034212,-0.9951161830789026
-1.384249782193171,0.8236892573969585,-0.5062424389906242,0.3909254917484843,0.07707635304231562,0.5651901281925974,-0.643006960757315,-0.08518368114278844
-1.384249782193171,0.819540787026084,-0.5062424389906242,-0.9035297789418608,-0.7987912951658175,-0.553233166424689,0.3435242667059628,0.40477997374588837
-0.9877586165094843,-0.27400337114675916,-0.5062424389906242,0.3909254917484843,-0.7987912951658175,-1.1022773292368115,-1.3476721232310849,1.5946917070469606
-0.09565349372118939,0.10846075994442254,-0.5062424389906242,-0.9035297789418608,1.1281175308920752,-0.3092135385081902,1.0129561710560442,-0.015188873301548894
-0.9877586165094843,-1.1797617507510678,-0.5062424389906242,-0.9035297789418608,-1.499485413732324,-0.6752429803829385,1.2243557197981751,-0.5751473360314653
0.2017148805415756,-0.6426421877028738,1.9753381442967495,0.3909254917484843,-0.7987912951658175,-1.122612298229853,-1.5238384138495273,-0.5051525281902257
-1.4833725736140926,-0.39146846512929506,-0.5062424389906242,1.6853807624388295,-0.9739648248074441,1.5412686398585929,1.0834226873034212,1.0347332443170443
-1.384249782193171,-1.078073471464847,-0.5062424389906242,1.6853807624388295,-0.6236177655241908,-1.6716564610419755,-0.008808314530922123,-1.695064261491298
0.2017148805415756,-1.5157708616272303,-0.5062424389906242,1.6853807624388295,1.6536381198169552,1.154904228990803,0.3435242667059628,0.1248007423809302
-0.3930218679839544,-1.0206941091388417,-0.5062424389906242,0.3909254917484843,1.4784645901753286,-0.1668687555568992,-1.3124388651073964,0.8247488207933257
0.10259208912065393,1.4490932119228175,-0.5062424389906242,-0.9035297789418608,-1.499485413732324,1.3379189499281772,-1.0305728001178884,1.5946917070469606
0.7964516290671055,0.08689595896692168,-0.5062424389906242,-0.9035297789418608,1.3032910605337018,1.3379189499281772,0.5901570735717823,-1.4850798379675794
-0.5912674508257977,-0.2625968088563142,1.9753381442967495,-0.9035297789418608,-1.6746589433739505,0.3415054692691401,-1.4886051557258388,-0.22517329682526754
0.0034692976997322722,0.3937785300586368,-0.5062424389906242,-0.9035297789418608,1.3032910605337018,-1.508976709097643,-1.0305728001178884,0.47477478158712794
-0.19477628514211104,-1.5350726391551972,-0.5062424389906242,0.3909254917484843,1.1281175308920752,-1.6106515540628508,-0.46684067013887254,-0.5051525281902257
1.490311169013557,-1.494217986330274,-0.5062424389906242,-0.9035297789418608,0.2522498826839422,-1.691991430035017,-0.572540444509938,-0.155178488984028
-0.492144659404876,0.8700203856346823,-0.5062424389906242,0.3909254917484843,-0.4484442358825642,-0.7159129183690216,0.02642494359276637,0.9647384364758048
0.10259208912065393,-0.23294316548381455,-0.5062424389906242,-0.9035297789418608,-0.7987912951658175,-1.7529963370141417,1.4709885266639946,0.054805934539690654
1.0938200033298706,0.36875616862081373,-0.5062424389906242,1.6853807624388295,-1.1491383544490708,-0.10586384857777448,0.8720231385612902,-0.925121375237663
-0.2938990765630327,1.1414706761352065,-0.5062424389906242,0.3909254917484843,0.2522498826839422,1.2565790739560108,0.6958568479428477,-0.5751473360314653
0.3008376719624973,1.7254494535903044,-0.5062424389906242,-0.9035297789418608,-0.09809717659931098,0.5855250971856389,0.5901570735717823,-0.7151369517139443
0.49908325480434057,-0.6201024794530576,-0.5062424389906242,0.3909254917484843,0.9529440012504486,-1.4479718021185182,1.0834226873034212,0.7547540129520861
-0.6903902422467193,0.20276006341794464,1.9753381442967495,0.3909254917484843,-1.1491383544490708,0.7888747871160546,1.0129561710560442,1.244717667840763
1.589433960434479,1.5726574541661977,-0.5062424389906242,-0.9035297789418608,-1.3243118840906973,1.012559446039512,0.20259123421120884,0.8947436286345652
0.3008376719624973,1.5949253909541006,1.9753381442967495,-0.9035297789418608,1.6536381198169552,-0.22787366253602392,-0.2554411213967416,1.244717667840763
0.10259208912065393,-1.125349203794436,-0.5062424389906242,0.3909254917484843,0.2522498826839422,0.05681590336655809,-0.924873025746823,-0.9951161830789026
-1.5824953650350142,-0.46657765274568885,-0.5062424389906242,-0.9035297789418608,-0.6236177655241908,-0.654908011389897,-0.04404157265461062,-0.5751473360314653
-0.8886358250885626,-0.2450308584665787,-0.5062424389906242,0.3909254917484843,1.6536381198169552,0.4635152832273895,-0.29067437952043007,-1.205100606602621
-1.2851269907722493,0.7677532586233079,-0.5062424389906242,-0.9035297789418608,0.7777704716088221,-1.4276368331254767,1.7528545916535025,-0.4351577203489862
-1.0868814079304059,0.9714769037303388,-0.5062424389906242,-0.9035297789418608,1.6536381198169552,-0.004189003612566626,0.3082910085822743,0.47477478158712794
-0.492144659404876,-1.6222282152949878,-0.5062424389906242,-0.9035297789418608,-0.2732707062409376,0.6058600661786805,1.1538892035507982,-0.7851317595551839
1.490311169013557,0.6259814478792021,-0.5062424389906242,0.3909254917484843,1.3032910605337018,-1.6309865230558924,-0.2554411213967416,0.6147643972696071
1.6885567518554006,-1.6570677440923998,1.9753381442967495,-0.9035297789418608,-0.09809717659931098,-1.3869668951393934,0.6958568479428477,0.40477997374588837
1.490311169013557,-0.5534892992753405,-0.5062424389906242,-0.9035297789418608,-0.2732707062409376,-1.3259619881602687,-1.3124388651073964,-0.9951161830789026
-1.2851269907722493,-0.7192288492071368,-0.5062424389906242,1.6853807624388295,-0.4484442358825642,-0.9599325462855205,1.2243557197981751,1.3147124756820026
-0.09565349372118939,1.7724848645489313,-0.5062424389906242,-0.9035297789418608,-0.7987912951658175,0.4838502522204311,-0.6077737026336265,-0.925121375237663
0.7964516290671055,0.14167426084430587,-0.5062424389906242,0.3909254917484843,1.4784645901753286,-1.7123263990280586,0.3082910085822743,-1.1351057987613817
0.3999604633834189,0.7384801808751253,1.9753381442967495,-0.9035297789418608,1.1281175308920752,-1.3259619881602687,0.3787575248296513,1.6646865148882002
-1.5824953650350142,-1.4934411811199955,-0.5062424389906242,-0.9035297789418608,1.3032910605337018,0.3415054692691401,-0.22020786327305308,1.524696899205721
0.0034692976997322722,1.6185866402217743,-0.5062424389906242,-0.9035297789418608,-0.09809717659931098,-0.6142380734038138,0.8720231385612902,0.054805934539690654
-0.2938990765630327,0.3256773762854846,-0.5062424389906242,-0.9035297789418608,1.4784645901753286,-1.3056270191672272,-0.9601062838705114,-0.7851317595551839
-1.384249782193171,0.8260227357259249,-0.5062424389906242,-0.9035297789418608,1.4784645901753286,-0.12619881757081605,1.4005220104166176,0.19479555022216974
0.49908325480434057,-0.3398677371269956,1.9753381442967495,-0.9035297789418608,0.2522498826839422,-0.004189003612566626,0.5549238154480938,-1.0651109909201422
-0.3930218679839544,1.3473034572763445,-0.5062424389906242,0.3909254917484843,0.6025969419671955,0.9515545390603872,-0.713473477004692,-0.36516291250774663
0.9946972119089489,-0.12634061404106697,1.9753381442967495,0.3909254917484843,-1.499485413732324,-1.6309865230558924,-0.713473477004692,1.6646865148882002
1.2920655861717139,0.320637021754646,-0.5062424389906242,0.3909254917484843,0.9529440012504486,-0.5125632284386059,-0.572540444509938,-0.36516291250774663
-0.5912674508257977,-1.0228536690039005,-0.5062424389906242,-0.9035297789418608,-0.7987912951658175,0.09748584135264123,0.20259123421120884,1.4547020913644817
0.5982060462252622,1.497706668084884,1.9753381442967495,-0.9035297789418608,1.3032910605337018,1.480263732879468,-1.3829053813547734,-1.4850798379675794
-1.1860041993513277,1.7617496084684172,-0.5062424389906242,-0.9035297789418608,-0.4484442358825642,0.72786988013693,-0.6077737026336265,-0.155178488984028
-0.789513033667641,-1.5970679744897303,-0.5062424389906242,-0.9035297789418608,1.1281175308920752,0.7482048491299715,-1.065806058241577,-0.29516810466650706
1.3911883775926355,-1.5501180853791687,-0.5062424389906242,-0.9035297789418608,1.1281175308920752,0.7075349111438883,-0.924873025746823,-0.36516291250774663
0.7964516290671055,-0.5438886687530197,-0.5062424389906242,1.6853807624388295,1.6536381198169552,-1.691991430035017,1.2948222360455521,0.6847592051108465
0.3008376719624973,0.8146409812951023,1.9753381442967495,-0.9035297789418608,1.1281175308920752,-0.7159129183690216,-0.502073928262561,1.7346813227294398
0.3008376719624973,-0.4163950989536775,-0.5062424389906242,0.3909254917484843,0.7777704716088221,0.6058600661786805,1.6119215591587486,-1.1351057987613817
-1.0868814079304059,0.025439935882267672,1.9753381442967495,0.3909254917484843,0.2522498826839422,0.8092097561090962,-0.7487067351283805,-1.695064261491298
-0.8886358250885626,-0.9445852988760558,-0.5062424389906242,1.6853807624388295,1.4784645901753286,-0.553233166424689,1.1891224616744867,-0.7851317595551839
-0.09565349372118939,0.054824328119760825,-0.5062424389906242,-0.9035297789418608,1.4784645901753286,0.4635152832273895,1.2243557197981751,-1.4850798379675794
1.490311169013557,0.8784711015549893,-0.5062424389906242,-0.9035297789418608,1.1281175308920752,1.053229384025595,-1.6295381882205928,-0.5751473360314653
0.0034692976997322722,-1.0234089237347765,-0.5062424389906242,-0.9035297789418608,-1.6746589433739505,-0.7565828563551048,-0.22020786327305308,1.7346813227294398
0.6973288376461839,-0.2619440148739929,1.9753381442967495,1.6853807624388295,-0.09809717659931098,0.016145965380474945,1.647154817282437,1.244717667840763
-1.4833725736140926,-1.5270975233977644,-0.5062424389906242,-0.9035297789418608,-0.2732707062409376,0.9312195700673457,-1.3124388651073964,-0.7151369517139443
1.2920655861717139,0.5335673909371856,-0.5062424389906242,-0.9035297789418608,0.6025969419671955,0.7482048491299715,0.3082910085822743,1.3147124756820026
-1.0868814079304059,-0.4615612443508493,-0.5062424389906242,0.3909254917484843,1.1281175308920752,-0.08552887958473292,0.5196905573244053,-1.3450902222851002
0.7964516290671055,-0.9400187063113762,-0.5062424389906242,1.6853807624388295,0.7777704716088221,-0.69557794937598,1.647154817282437,1.7346813227294398
0.10259208912065393,0.15357646081975823,1.9753381442967495,-0.9035297789418608,-1.1491383544490708,0.6058600661786805,1.1891224616744867,-0.155178488984028
-1.1860041993513277,0.4610771240870915,-0.5062424389906242,1.6853807624388295,-0.2732707062409376,0.6668649731578052,0.02642494359276637,0.9647384364758048
1.2920655861717139,0.5933133805518908,1.9753381442967495,1.6853807624388295,0.7777704716088221,0.44318031423434795,-0.572540444509938,0.1248007423809302
0.0034692976997322722,-1.508787633688798,1.9753381442967495,-0.9035297789418608,-0.9739648248074441,0.036480934373516516,-1.5590716719732158,0.1248007423809302
0.3008376719624973,-0.3867083170218562,-0.5062424389906242,-0.9035297789418608,0.42742341232556885,-1.3056270191672272,0.3435242667059628,0.5447695894283675
-1.5824953650350142,-1.5787299207173795,-0.5062424389906242,-0.9035297789418608,-1.6746589433739505,-0.20753869354298235,-0.46684067013887254,0.6847592051108465
1.1929427947507922,-1.502198952754317,1.9753381442967495,0.3909254917484843,-1.6746589433739505,1.1142342910047198,-0.29067437952043007,-1.0651109909201422
-0.492144659404876,-1.6450307403046704,-0.5062424389906242,0.3909254917484843,-1.6746589433739505,1.1345692599977615,1.3300554941692406,-1.2750954144438607
-1.4833725736140926,0.08267171253197245,-0.5062424389906242,-0.9035297789418608,0.42742341232556885,-1.4886417401046013,-0.1145080889019876,0.40477997374588837
-0.8886358250885626,-1.6167066550498683,-0.5062424389906242,1.6853807624388295,-1.3243118840906973,-1.0616073912507284,1.6823880754061256,1.524696899205721
-1.0868814079304059,0.5131663933489314,-0.5062424389906242,0.3909254917484843,-1.1491383544490708,1.195574166976886,-0.854406509499446,-0.9951161830789026
0.6973288376461839,1.7457545413521274,-0.5062424389906242,-0.9035297789418608,1.6536381198169552,0.5245201902065142,-1.6295381882205928,0.40477997374588837
0.0034692976997322722,0.3899027175381059,-0.5062424389906242,1.6853807624388295,-0.09809717659931098,-0.7769178253481464,-1.1715058326126424,0.9647384364758048
-0.8886358250885626,0.7673759077467045,-0.5062424389906242,0.3909254917484843,-0.2732707062409376,0.7075349111438883,-0.46684067013887254,-1.695064261491298
1.0938200033298706,0.5356696408311719,-0.5062424389906242,-0.9035297789418608,0.07707635304231562,-1.2649570811811441,1.2948222360455521,-0.22517329682526754
0.8955744204880272,-1.3140140648853782,-0.5062424389906242,-0.9035297789418608,-0.7987912951658175,0.1788257173248075,0.13212471796383185,0.8947436286345652
1.2920655861717139,1.4778876645651313,-0.5062424389906242,-0.9035297789418608,-0.7987912951658175,0.4838502522204311,-1.3476721232310849,-1.205100606602621
-0.2938990765630327,1.120115248261417,-0.5062424389906242,0.3909254917484843,0.07707635304231562,-0.980267515278562,-1.3829053813547734,-1.0651109909201422
1.490311169013557,-1.3889545274361326,-0.5062424389906242,0.3909254917484843,1.6536381198169552,-1.3259619881602687,0.16735797608752034,-1.0651109909201422
0.9946972119089489,-0.7464579054110739,-0.5062424389906242,0.3909254917484843,-0.09809717659931098,-0.08552887958473292,1.4005220104166176,0.2647903580634093
-1.1860041993513277,1.7092516830705196,-0.5062424389906242,1.6853807624388295,-0.4484442358825642,1.195574166976886,1.0481894291797327,-0.08518368114278844
-0.9877586165094843,-0.15496350339839135,-0.5062424389906242,0.3909254917484843,0.7777704716088221,1.2362441049629693,-0.39637415389149555,1.4547020913644817
0.3008376719624973,-0.09072474373665047,-0.5062424389906242,1.6853807624388295,-0.09809717659931098,0.7075349111438883,0.3435242667059628,-1.6250694536500585
0.6973288376461839,-0.8891060050156544,1.9753381442967495,-0.9035297789418608,1.1281175308920752,1.3582539189212186,1.2595889779218636,-0.925121375237663
0.10259208912065393,-1.6429007928559594,-0.5062424389906242,-0.9035297789418608,1.1281175308920752,1.2159091359699277,-0.643006960757315,-0.29516810466650706
-1.5824953650350142,-0.3640880360451512,1.9753381442967495,-0.9035297789418608,0.6025969419671955,-1.590316585069809,-1.1010393163652654,-1.6250694536500585
0.10259208912065393,-0.6379715991481086,-0.5062424389906242,0.3909254917484843,1.6536381198169552,1.4192588259003434,-0.32590763764411856,-0.5051525281902257
-1.2851269907722493,1.613229924477471,-0.5062424389906242,0.3909254917484843,-0.9739648248074441,-1.508976709097643,0.5901570735717823,-1.4150850301263398
-0.2938990765630327,-1.558871171623214,-0.5062424389906242,0.3909254917484843,-0.9739648248074441,1.6836134228098838,-0.008808314530922123,-0.015188873301548894
-0.19477628514211104,-1.6786794900795396,1.9753381442967495,-0.9035297789418608,0.07707635304231562,-1.5699816160767677,0.2730577504585858,-0.925121375237663
-1.681618156455936,1.052749312500647,-0.5062424389906242,-0.9035297789418608,-0.09809717659931098,0.9108846010743041,-0.22020786327305308,0.40477997374588837
-0.9877586165094843,-0.5058288929219369,1.9753381442967495,-0.9035297789418608,-0.9739648248074441,1.1142342910047198,-1.5590716719732158,-1.555074645808819
-0.19477628514211104,0.09530678811502044,1.9753381442967495,-0.9035297789418608,-1.499485413732324,-1.3462969571533103,0.6958568479428477,-0.9951161830789026
0.6973288376461839,0.7082458758001258,1.9753381442967495,1.6853807624388295,-0.9739648248074441,0.9922244770464703,1.1891224616744867,-0.5751473360314653
-0.6903902422467193,-1.5266567981197554,-0.5062424389906242,1.6853807624388295,-0.9739648248074441,-1.2242871431950608,-0.6782402188810035,1.5946917070469606
0.7964516290671055,0.69511655686113,1.9753381442967495,0.3909254917484843,-1.6746589433739505,-0.24820863152906547,-1.3124388651073964,1.524696899205721
1.6885567518554006,-1.3622569617980118,-0.5062424389906242,0.3909254917484843,1.3032910605337018,1.3175839809351355,0.2730577504585858,0.1248007423809302
0.3008376719624973,-1.3305620090843955,-0.5062424389906242,1.6853807624388295,1.1281175308920752,-1.122612298229853,1.2243557197981751,0.6147643972696071
1.0938200033298706,-0.7162500922265504,-0.5062424389906242,0.3909254917484843,0.42742341232556885,1.3175839809351355,0.7310901060665362,0.2647903580634093
1.1929427947507922,-0.7279345121197357,-0.5062424389906242,-0.9035297789418608,0.6025969419671955,0.4838502522204311,-0.572540444509938,-1.2750954144438607
-0.9877586165094843,-1.3188894540799518,-0.5062424389906242,0.3909254917484843,0.42742341232556885,0.4635152832273895,1.3652887522929291,-1.555074645808819
-1.5824953650350142,-1.0630225754662996,-0.5062424389906242,-0.9035297789418608,1.3032910605337018,1.2565790739560108,0.7663233641902247,-1.3450902222851002
-0.2938990765630327,1.143639930663042,-0.5062424389906242,-0.9035297789418608,-0.6236177655241908,-1.508976709097643,1.7528545916535025,0.47477478158712794
-1.2851269907722493,-0.9701181783126708,-0.5062424389906242,-0.9035297789418608,0.42742341232556885,0.05681590336655809,-0.924873025746823,1.3147124756820026
1.6885567518554006,0.2740108673886271,1.9753381442967495,0.3909254917484843,0.9529440012504486,-1.0819423602437699,1.5414550429113716,0.33478516590464885
0.3999604633834189,-0.6836819499722803,1.9753381442967495,0.3909254917484843,0.42742341232556885,1.622608515830759,-0.572540444509938,-0.7851317595551839
0.7964516290671055,1.218790311926979,1.9753381442967495,1.6853807624388295,-0.2732707062409376,-1.2242871431950608,-1.7000047044679698,-0.7151369517139443
-0.5912674508257977,0.199702766543182,-0.5062424389906242,-0.9035297789418608,-0.4484442358825642,0.05681590336655809,1.3652887522929291,0.5447695894283675
-0.2938990765630327,1.0789690210722584,-0.5062424389906242,0.3909254917484843,0.42742341232556885,-1.0819423602437699,1.0834226873034212,-0.5751473360314653
-1.1860041993513277,1.2947773474263164,-0.5062424389906242,-0.9035297789418608,0.42742341232556885,0.5245201902065142,-1.6295381882205928,1.244717667840763
0.8955744204880272,1.5260637016096037,-0.5062424389906242,-0.9035297789418608,0.9529440012504486,0.36184043826218165,-1.4181386394784619,-1.1351057987613817
-1.1860041993513277,0.8185212162673328,-0.5062424389906242,1.6853807624388295,0.9529440012504486,-0.7565828563551048,0.9072563966849787,1.0347332443170443
0.10259208912065393,-1.4435935947064562,-0.5062424389906242,0.3909254917484843,-0.09809717659931098,-0.8175877633342294,-0.39637415389149555,-1.205100606602621
-0.2938990765630327,0.3142818935810396,1.9753381442967495,0.3909254917484843,-0.09809717659931098,-0.4515583214594812,0.6606235898191593,0.6147643972696071
0.9946972119089489,-0.7275454232884703,1.9753381442967495,-0.9035297789418608,0.2522498826839422,-1.4886417401046013,-1.7000047044679698,0.40477997374588837
-1.1860041993513277,-1.1126007562257394,1.9753381442967495,1.6853807624388295,-1.6746589433739505,0.44318031423434795,-1.7000047044679698,-0.9951161830789026
-0.492144659404876,1.303803627513322,-0.5062424389906242,-0.9035297789418608,-0.7987912951658175,-0.32954850750123177,-0.22020786327305308,-0.22517329682526754
-0.5912674508257977,1.1932008136007421,-0.5062424389906242,0.3909254917484843,0.2522498826839422,-0.04485894159864977,1.2243557197981751,1.4547020913644817
-0.8886358250885626,1.1967128194746284,1.9753381442967495,0.3909254917484843,0.42742341232556885,-1.590316585069809,1.57668830103506,0.7547540129520861
-0.6903902422467193,-0.23953938975671935,-0.5062424389906242,0.3909254917484843,1.4784645901753286,-1.1429472672228946,-1.5590716719732158,1.6646865148882002
-0.6903902422467193,-1.7383239297834852,-0.5062424389906242,1.6853807624388295,0.7777704716088221,-0.6752429803829385,0.13212471796383185,0.33478516590464885
-1.4833725736140926,1.2383439128553446,-0.5062424389906242,-0.9035297789418608,0.6025969419671955,0.19916068631784908,0.9424896548086672,1.0347332443170443
-1.4833725736140926,0.7039677868061756,-0.5062424389906242,-0.9035297789418608,-1.3243118840906973,-0.7565828563551048,-0.8191732513757575,-0.7851317595551839
-0.5912674508257977,0.030265570083823762,-0.5062424389906242,1.6853807624388295,-0.09809717659931098,-0.9192626082994373,-0.29067437952043007,1.6646865148882002
-0.3930218679839544,-1.6125651933436433,-0.5062424389906242,1.6853807624388295,-1.499485413732324,0.36184043826218165,-0.9601062838705114,-0.8551265673964235
-0.3930218679839544,-0.24684935506812708,-0.5062424389906242,-0.9035297789418608,-1.1491383544490708,-0.4515583214594812,1.4005220104166176,1.5946917070469606
-0.6903902422467193,-0.9610534288633504,-0.5062424389906242,0.3909254917484843,0.9529440012504486,-0.6345730423968553,-1.6295381882205928,-0.5051525281902257
-0.9877586165094843,1.6892150034545628,-0.5062424389906242,-0.9035297789418608,1.3032910605337018,-0.49222825944556436,-1.7000047044679698,-0.8551265673964235
-1.0868814079304059,-1.4948922243917424,1.9753381442967495,-0.9035297789418608,1.4784645901753286,0.5245201902065142,-1.5238384138495273,0.47477478158712794
1.6885567518554006,-1.5085697407842635,-0.5062424389906242,0.3909254917484843,-0.4484442358825642,0.36184043826218165,1.4005220104166176,-0.6451421438727049
-1.0868814079304059,0.08007667557814883,-0.5062424389906242,0.3909254917484843,1.6536381198169552,-1.0006024842716037,-0.783939993252069,1.7346813227294398
0.6973288376461839,-1.0686581058653941,-0.5062424389906242,-0.9035297789418608,0.07707635304231562,0.016145965380474945,0.8720231385612902,-0.9951161830789026
-1.1860041993513277,-1.0115587737437275,-0.5062424389906242,1.6853807624388295,1.1281175308920752,1.480263732879468,1.647154817282437,-0.08518368114278844
0.8955744204880272,-1.443203122586664,-0.5062424389906242,0.3909254917484843,0.6025969419671955,1.3379189499281772,1.4005220104166176,0.054805934539690654
1.589433960434479,1.5630172251271206,-0.5062424389906242,1.6853807624388295,-0.2732707062409376,0.9718895080534288,-1.2419723488600194,-0.7851317595551839
-0.3930218679839544,-1.5491335003661053,-0.5062424389906242,-0.9035297789418608,1.6536381198169552,-0.5125632284386059,-0.572540444509938,0.1248007423809302
0.3999604633834189,1.3417467181408338,-0.5062424389906242,-0.9035297789418608,-0.9739648248074441,-0.3498834764942733,0.7663233641902247,1.4547020913644817
-0.3930218679839544,-0.6589684213607229,-0.5062424389906242,1.6853807624388295,-0.6236177655241908,-1.6513214920489339,0.4139907829533398,-1.695064261491298
-1.384249782193171,-0.8666501689935505,-0.5062424389906242,-0.9035297789418608,1.6536381198169552,0.21949565531089066,-0.5373071863862495,0.5447695894283675
-0.9877586165094843,-0.04999257244017806,-0.5062424389906242,1.6853807624388295,-0.7987912951658175,1.2769140429490524,1.3300554941692406,1.3847072835232421
0.8955744204880272,1.1405748642765605,1.9753381442967495,0.3909254917484843,0.2522498826839422,-1.122612298229853,-1.3124388651073964,-0.015188873301548894
0.3008376719624973,1.6033614878580413,-0.5062424389906242,-0.9035297789418608,-1.499485413732324,-1.1429472672228946,-0.46684067013887254,-0.9951161830789026
0.6973288376461839,-0.21492298504125934,-0.5062424389906242,-0.9035297789418608,0.6025969419671955,-0.3092135385081902,1.7528545916535025,-0.015188873301548894
1.1929427947507922,-0.7497152802598058,-0.5062424389906242,-0.9035297789418608,0.07707635304231562,-1.590316585069809,0.20259123421120884,-0.22517329682526754
0.49908325480434057,-1.6823412196296412,-0.5062424389906242,-0.9035297789418608,0.42742341232556885,-0.41088838347339807,-0.5373071863862495,-0.5051525281902257
0.10259208912065393,-1.7023218802853348,-0.5062424389906242,-0.9035297789418608,-0.2732707062409376,-0.32954850750123177,0.9777229129323557,0.40477997374588837
1.3911883775926355,-0.4541413298308562,-0.5062424389906242,0.3909254917484843,0.6025969419671955,1.5412686398585929,-0.008808314530922123,0.40477997374588837
0.3008376719624973,0.8901676560245925,-0.5062424389906242,-0.9035297789418608,0.9529440012504486,0.9718895080534288,0.20259123421120884,0.5447695894283675
-0.9877586165094843,0.5768525266811408,-0.5062424389906242,0.3909254917484843,1.4784645901753286,0.4025103762482648,0.8720231385612902,-0.925121375237663
0.6973288376461839,0.07111834908888952,-0.5062424389906242,-0.9035297789418608,-0.7987912951658175,0.07715087235959966,-1.5590716719732158,0.054805934539690654
-0.492144659404876,-1.589240156831088,-0.5062424389906242,-0.9035297789418608,-0.2732707062409376,1.2769140429490524,-0.643006960757315,-0.015188873301548894
-0.492144659404876,-0.6609797053317019,1.9753381442967495,-0.9035297789418608,-0.9739648248074441,1.2972490119420939,-1.3829053813547734,1.4547020913644817
0.7964516290671055,-0.9535720452920454,-0.5062424389906242,-0.9035297789418608,-0.7987912951658175,-1.3869668951393934,-1.5238384138495273,0.40477997374588837
1.2920655861717139,0.10604336766911085,-0.5062424389906242,-0.9035297789418608,0.42742341232556885,0.626195035171722,-0.7487067351283805,-0.5051525281902257
0.49908325480434057,1.465347780940676,-0.5062424389906242,-0.9035297789418608,0.07707635304231562,-1.3259619881602687,1.647154817282437,0.40477997374588837
1.0938200033298706,-0.9634631721754943,-0.5062424389906242,1.6853807624388295,1.1281175308920752,-1.0006024842716037,-0.924873025746823,0.19479555022216974
-0.6903902422467193,-0.443241298739298,-0.5062424389906242,-0.9035297789418608,-0.2732707062409376,-0.9192626082994373,-1.3124388651073964,0.7547540129520861
-0.2938990765630327,0.3639347876362297,-0.5062424389906242,-0.9035297789418608,-1.3243118840906973,-0.9192626082994373,-1.4181386394784619,-1.1351057987613817
1.0938200033298706,0.10117643362633566,-0.5062424389906242,0.3909254917484843,-1.3243118840906973,1.0328944150325534,-1.3829053813547734,-1.4850798379675794
1.3911883775926355,-1.6047265615056543,-0.5062424389906242,-0.9035297789418608,0.7777704716088221,0.8905496320812625,-0.9601062838705114,0.19479555022216974
0.2017148805415756,-1.0080994028036434,1.9753381442967495,1.6853807624388295,0.6025969419671955,-1.3869668951393934,0.4492240410770283,-1.1351057987613817
0.5982060462252622,0.7355368572383989,1.9753381442967495,0.3909254917484843,1.4784645901753286,-0.24820863152906547,-1.3124388651073964,-0.015188873301548894
-1.384249782193171,0.9033834033011984,-0.5062424389906242,-0.9035297789418608,-0.9739648248074441,-1.1022773292368115,0.5196905573244053,1.5946917070469606
1.589433960434479,1.5337650659922615,-0.5062424389906242,-0.9035297789418608,0.6025969419671955,1.2362441049629693,0.3435242667059628,1.244717667840763
-0.492144659404876,-1.222815868328364,-0.5062424389906242,0.3909254917484843,-1.3243118840906973,1.3379189499281772,-0.39637415389149555,-0.4351577203489862
1.3911883775926355,-1.1762418865333562,1.9753381442967495,-0.9035297789418608,1.1281175308920752,0.016145965380474945,0.9777229129323557,1.0347332443170443
0.3008376719624973,-0.3521016246702469,-0.5062424389906242,-0.9035297789418608,0.07707635304231562,1.3175839809351355,1.1891224616744867,-0.9951161830789026
1.589433960434479,-0.27696573065776764,-0.5062424389906242,0.3909254917484843,-1.499485413732324,-1.0209374532646451,-0.6077737026336265,0.1248007423809302
1.3911883775926355,-0.7125832767809285,-0.5062424389906242,-0.9035297789418608,1.3032910605337018,-0.6345730423968553,1.57668830103506,0.5447695894283675
-1.5824953650350142,-0.9459484892987647,-0.5062424389906242,1.6853807624388295,0.07707635304231562,1.3379189499281772,1.7528545916535025,-0.155178488984028
-0.5912674508257977,0.0640164957689356,-0.5062424389906242,-0.9035297789418608,-0.6236177655241908,-1.366631926146352,0.9424896548086672,-1.205100606602621
1.0938200033298706,-0.3488526813476453,1.9753381442967495,-0.9035297789418608,-0.7987912951658175,0.3211705002760985,1.1891224616744867,0.2647903580634093
0.7964516290671055,1.3961878050562149,-0.5062424389906242,-0.9035297789418608,0.2522498826839422,-1.1022773292368115,-1.1010393163652654,-0.5051525281902257
0.3008376719624973,1.0653089464899823,-0.5062424389906242,1.6853807624388295,-0.4484442358825642,-0.2888785695151486,-1.065806058241577,1.7346813227294398
-0.9877586165094843,-0.33343111372154816,1.9753381442967495,1.6853807624388295,0.42742341232556885,1.6022735468377176,-0.7487067351283805,-0.6451421438727049
-0.09565349372118939,-1.3565374298958823,-0.5062424389906242,-0.9035297789418608,0.7777704716088221,0.1178208103456828,0.5901570735717823,1.1047280521582838
-0.5912674508257977,0.3542211049526428,1.9753381442967495,1.6853807624388295,-0.9739648248074441,0.05681590336655809,-1.3829053813547734,0.1248007423809302
-1.384249782193171,1.4782806630860859,1.9753381442967495,0.3909254917484843,0.7777704716088221,-1.0616073912507284,-0.643006960757315,0.9647384364758048
1.3911883775926355,1.628913352541725,-0.5062424389906242,0.3909254917484843,1.1281175308920752,-0.2888785695151486,0.5549238154480938,-0.6451421438727049
1.3911883775926355,-1.0745104268841064,-0.5062424389906242,0.3909254917484843,-0.09809717659931098,1.4599287638864265,1.57668830103506,-1.0651109909201422
-0.6903902422467193,0.09380640164510998,-0.5062424389906242,-0.9035297789418608,0.7777704716088221,-1.7123263990280586,-0.7487067351283805,-1.6250694536500585
1.6885567518554006,-0.88467730912959,-0.5062424389906242,-0.9035297789418608,1.1281175308920752,-1.1429472672228946,1.1538892035507982,0.33478516590464885
1.589433960434479,1.1687020863209656,-0.5062424389906242,-0.9035297789418608,0.7777704716088221,-1.4683067711115598,-0.22020786327305308,0.6847592051108465
0.5982060462252622,-0.7509859220477428,-0.5062424389906242,0.3909254917484843,-0.2732707062409376,0.8702146630882209,-0.9953395419941999,0.1248007423809302
-1.1860041993513277,0.7476366573713104,-0.5062424389906242,-0.9035297789418608,-0.09809717659931098,0.2601655932969738,-0.6077737026336265,1.1047280521582838
-1.384249782193171,-0.311017287996171,1.9753381442967495,-0.9035297789418608,1.6536381198169552,0.8498796940951794,-0.008808314530922123,-0.7851317595551839
0.49908325480434057,-1.3515132443134246,-0.5062424389906242,-0.9035297789418608,1.4784645901753286,-1.1836172052089777,-1.3476721232310849,-1.205100606602621
0.2017148805415756,0.30986060691721934,-0.5062424389906242,0.3909254917484843,0.7777704716088221,0.016145965380474945,-0.643006960757315,0.054805934539690654
1.3911883775926355,-1.0714673663632581,-0.5062424389906242,-0.9035297789418608,-0.7987912951658175,-1.4276368331254767,1.0129561710560442,-0.9951161830789026
0.9946972119089489,1.3358552202834848,-0.5062424389906242,0.3909254917484843,-0.6236177655241908,-1.366631926146352,-1.2419723488600194,-0.22517329682526754
0.9946972119089489,-1.5099684834473712,-0.5062424389906242,1.6853807624388295,-0.4484442358825642,-0.9192626082994373,1.0834226873034212,-1.2750954144438607
0.49908325480434057,-0.7308372047616787,1.9753381442967495,-0.9035297789418608,0.7777704716088221,-0.4515583214594812,-1.4533718976021504,1.1747228599995234
1.1929427947507922,-0.36103435777181314,-0.5062424389906242,1.6853807624388295,-1.6746589433739505,-0.024523972605608197,0.9424896548086672,-0.5051525281902257
1.1929427947507922,0.7892171081708222,1.9753381442967495,-0.9035297789418608,0.42742341232556885,-0.7159129183690216,0.5901570735717823,-0.5751473360314653
-0.6903902422467193,-0.0996433183083534,-0.5062424389906242,0.3909254917484843,1.3032910605337018,1.6022735468377176,-1.2419723488600194,0.2647903580634093
0.7964516290671055,-1.046308093481279,-0.5062424389906242,0.3909254917484843,-0.6236177655241908,-1.5293116780906846,1.2948222360455521,-1.2750954144438607
-0.09565349372118939,1.7300822616643603,-0.5062424389906242,0.3909254917484843,-1.3243118840906973,1.480263732879468,1.6823880754061256,1.7346813227294398
-1.0868814079304059,1.4754679480559096,-0.5062424389906242,-0.9035297789418608,-0.09809717659931098,-0.654908011389897,0.16735797608752034,0.6147643972696071
-1.0868814079304059,1.5906041314370685,-0.5062424389906242,-0.9035297789418608,-0.9739648248074441,1.1142342910047198,-0.572540444509938,-1.4850798379675794
-1.5824953650350142,1.5930778803368768,-0.5062424389906242,-0.9035297789418608,0.07707635304231562,1.0735643530186367,1.3300554941692406,-1.695064261491298
-0.789513033667641,-1.5744702260674346,-0.5062424389906242,1.6853807624388295,0.2522498826839422,0.5041852212134726,-1.5943049300969043,-1.205100606602621
-0.492144659404876,-0.7116500539970463,1.9753381442967495,0.3909254917484843,0.2522498826839422,-1.6106515540628508,1.2948222360455521,-1.3450902222851002
-1.384249782193171,-0.8479276971238413,-0.5062424389906242,-0.9035297789418608,-0.2732707062409376,-1.4886417401046013,0.4492240410770283,-0.7151369517139443
-0.9877586165094843,0.04530400129707597,-0.5062424389906242,-0.9035297789418608,0.6025969419671955,-0.32954850750123177,1.4005220104166176,-0.4351577203489862
-0.2938990765630327,-0.22869709169252303,-0.5062424389906242,0.3909254917484843,0.6025969419671955,-0.10586384857777448,-1.5238384138495273,-0.22517329682526754
-0.9877586165094843,-0.46362104092406353,-0.5062424389906242,-0.9035297789418608,1.3032910605337018,-0.024523972605608197,1.4709885266639946,1.3847072835232421
-1.1860041993513277,0.15394622989370751,-0.5062424389906242,-0.9035297789418608,-1.499485413732324,1.6836134228098838,-0.572540444509938,-1.3450902222851002
-0.09565349372118939,-1.3476189058899979,-0.5062424389906242,1.6853807624388295,1.1281175308920752,0.38217540725522325,-0.6077737026336265,1.3847072835232421
-0.3930218679839544,-0.394745005667766,-0.5062424389906242,0.3909254917484843,-1.6746589433739505,1.3379189499281772,0.3787575248296513,1.3847072835232421
0.2017148805415756,0.5109659626322665,1.9753381442967495,-0.9035297789418608,0.6025969419671955,1.6632784538168421,0.09689145984014336,-0.5751473360314653
-1.384249782193171,-1.2895462307090446,1.9753381442967495,0.3909254917484843,-0.09809717659931098,-1.2852920501741856,1.506221784787683,0.1248007423809302
0.2017148805415756,-0.9354842056647039,-0.5062424389906242,1.6853807624388295,0.7777704716088221,1.0735643530186367,0.7663233641902247,1.1047280521582838
-0.492144659404876,0.903042481735372,-0.5062424389906242,-0.9035297789418608,1.3032910605337018,0.07715087235959966,1.3300554941692406,-1.4150850301263398
0.49908325480434057,-0.7305035097663849,-0.5062424389906242,1.6853807624388295,-0.2732707062409376,-1.5699816160767677,-1.3476721232310849,0.6847592051108465
1.490311169013557,0.6092096467147259,-0.5062424389906242,-0.9035297789418608,0.07707635304231562,-0.1668687555568992,0.02642494359276637,0.47477478158712794
-0.3930218679839544,-1.0995384952101204,-0.5062424389906242,1.6853807624388295,-1.6746589433739505,0.1788257173248075,-1.0305728001178884,-0.22517329682526754
-0.6903902422467193,1.1441487884598467,1.9753381442967495,0.3909254917484843,-0.9739648248074441,-0.5125632284386059,1.3652887522929291,-1.4150850301263398
-0.2938990765630327,0.023494156188433854,-0.5062424389906242,-0.9035297789418608,1.4784645901753286,0.28050056229001535,0.6253903316954708,-1.3450902222851002
0.6973288376461839,0.038491868270628435,-0.5062424389906242,1.6853807624388295,-1.1491383544490708,1.6836134228098838,0.13212471796383185,-0.7851317595551839
-0.6903902422467193,-1.6727572995003204,-0.5062424389906242,0.3909254917484843,-0.09809717659931098,1.1142342910047198,-0.8191732513757575,1.4547020913644817
0.10259208912065393,1.1307748992997482,-0.5062424389906242,0.3909254917484843,1.4784645901753286,-1.122612298229853,-1.3476721232310849,-1.2750954144438607
1.1929427947507922,-1.3663720562046748,-0.5062424389906242,-0.9035297789418608,-0.2732707062409376,-1.6309865230558924,0.13212471796383185,0.40477997374588837
-1.681618156455936,-0.3059410465455287,-0.5062424389906242,-0.9035297789418608,-0.9739648248074441,0.8295447251021378,-1.206739090736331,-1.4150850301263398
1.6885567518554006,-0.9855518434828203,-0.5062424389906242,0.3909254917484843,0.9529440012504486,1.6022735468377176,-1.065806058241577,-1.3450902222851002
0.10259208912065393,1.7536052537056157,-0.5062424389906242,-0.9035297789418608,-0.7987912951658175,1.1752391979838446,0.23782449233489733,-1.0651109909201422
-0.2938990765630327,-0.8826155039559817,-0.5062424389906242,-0.9035297789418608,-0.7987912951658175,0.6871999421508468,1.0481894291797327,0.8247488207933257
1.6885567518554006,-1.4712341010200005,-0.5062424389906242,-0.9035297789418608,0.42742341232556885,-0.6345730423968553,-1.206739090736331,1.1047280521582838
-1.0868814079304059,-0.5260592637775235,-0.5062424389906242,0.3909254917484843,-1.1491383544490708,-0.8379227323272711,0.5196905573244053,-0.36516291250774663
-0.09565349372118939,0.5864828434416914,-0.5062424389906242,-0.9035297789418608,1.4784645901753286,1.1752391979838446,-0.502073928262561,0.054805934539690654
-1.2851269907722493,1.0084443335292157,1.9753381442967495,1.6853807624388295,-0.4484442358825642,0.8702146630882209,1.4005220104166176,1.5946917070469606
0.3999604633834189,0.08698995625492012,-0.5062424389906242,0.3909254917484843,-1.499485413732324,0.13815577933872436,-1.1715058326126424,-0.5051525281902257
0.5982060462252622,1.2241269654415854,-0.5062424389906242,-0.9035297789418608,0.6025969419671955,-0.3498834764942733,-0.713473477004692,0.5447695894283675
1.1929427947507922,-1.5941853149696334,-0.5062424389906242,-0.9035297789418608,0.9529440012504486,0.9312195700673457,-1.206739090736331,0.8947436286345652
-0.492144659404876,1.3073639802648722,1.9753381442967495,1.6853807624388295,-0.6236177655241908,1.5005987018725098,0.23782449233489733,1.7346813227294398
0.8955744204880272,-1.0595989666836378,1.9753381442967495,-0.9035297789418608,-0.6236177655241908,-1.590316585069809,0.16735797608752034,1.4547020913644817
0.49908325480434057,-0.725148351485233,1.9753381442967495,-0.9035297789418608,-1.499485413732324,0.4635152832273895,-0.9601062838705114,-1.1351057987613817
-0.9877586165094843,1.5364006657638463,1.9753381442967495,1.6853807624388295,-0.9739648248074441,-0.7769178253481464,1.1891224616744867,-0.015188873301548894
-1.5824953650350142,-0.45250438046798186,-0.5062424389906242,0.3909254917484843,-0.09809717659931098,1.1142342910047198,0.09689145984014336,0.33478516590464885
0.5982060462252622,0.28074838620631926,-0.5062424389906242,-0.9035297789418608,1.4784645901753286,-0.41088838347339807,-0.1497413470256761,-0.4351577203489862
-0.492144659404876,1.1018269242549301,-0.5062424389906242,-0.9035297789418608,1.1281175308920752,1.622608515830759,-0.713473477004692,-1.695064261491298
-1.0868814079304059,0.8782154832655323,1.9753381442967495,-0.9035297789418608,-1.1491383544490708,-0.5328981974316475,-0.924873025746823,0.7547540129520861
-0.3930218679839544,0.5535779060248854,-0.5062424389906242,1.6853807624388295,0.07707635304231562,-0.08552887958473292,1.717621333529814,-1.6250694536500585
-1.2851269907722493,-0.5190690714643124,-0.5062424389906242,-0.9035297789418608,0.42742341232556885,-1.1429472672228946,-1.4181386394784619,0.5447695894283675
0.6973288376461839,-0.008122553710697061,-0.5062424389906242,0.3909254917484843,1.6536381198169552,-0.9192626082994373,1.0129561710560442,-1.2750954144438607
0.5982060462252622,0.9827372493306793,1.9753381442967495,-0.9035297789418608,-0.6236177655241908,1.4599287638864265,0.6958568479428477,-0.4351577203489862
0.7964516290671055,-1.1335737731382998,-0.5062424389906242,-0.9035297789418608,-1.1491383544490708,1.1142342910047198,0.4139907829533398,-1.6250694536500585
1.490311169013557,1.7339372410996143,-0.5062424389906242,-0.9035297789418608,-0.6236177655241908,-0.47189329045252276,0.6958568479428477,-0.155178488984028
0.3008376719624973,0.35550984380361667,-0.5062424389906242,1.6853807624388295,0.9529440012504486,1.2769140429490524,0.8720231385612902,-0.08518368114278844
-0.5912674508257977,1.1706948982312315,-0.5062424389906242,-0.9035297789418608,0.7777704716088221,1.581938577844676,-0.8191732513757575,-0.4351577203489862
-0.789513033667641,0.25644163601760533,-0.5062424389906242,0.3909254917484843,-0.09809717659931098,-0.2888785695151486,0.09689145984014336,-0.08518368114278844
0.9946972119089489,-1.4103040908228823,-0.5062424389906242,-0.9035297789418608,-1.3243118840906973,-0.6142380734038138,-1.5943049300969043,-0.7151369517139443
-0.492144659404876,-0.359448413884759,-0.5062424389906242,0.3909254917484843,0.6025969419671955,-0.024523972605608197,0.6253903316954708,0.054805934539690654
-0.492144659404876,1.0859668234146023,1.9753381442967495,1.6853807624388295,-1.1491383544490708,0.3211705002760985,-1.5590716719732158,0.33478516590464885
1.1929427947507922,-0.056285316059018646,-0.5062424389906242,-0.9035297789418608,1.1281175308920752,0.44318031423434795,-0.6077737026336265,1.6646865148882002
-1.2851269907722493,-1.4804012855952495,-0.5062424389906242,-0.9035297789418608,1.6536381198169552,-1.0616073912507284,-0.783939993252069,0.1248007423809302
-1.2851269907722493,0.46893463564356,1.9753381442967495,0.3909254917484843,-0.6236177655241908,-0.41088838347339807,1.57668830103506,0.7547540129520861
1.2920655861717139,-0.35597723411972787,1.9753381442967495,1.6853807624388295,-1.6746589433739505,-1.0209374532646451,1.0129561710560442,-1.205100606602621
-0.2938990765630327,1.057746908248522,-0.5062424389906242,0.3909254917484843,-0.09809717659931098,1.0328944150325534,-0.39637415389149555,-0.155178488984028
-1.1860041993513277,-0.27439146120256597,-0.5062424389906242,0.3909254917484843,-0.4484442358825642,-0.3092135385081902,-0.924873025746823,-1.205100606602621
-1.5824953650350142,0.6173123903932489,-0.5062424389906242,-0.9035297789418608,0.2522498826839422,-0.5735681354177307,-1.1010393163652654,-0.5051525281902257
0.2017148805415756,1.5847634120270468,-0.5062424389906242,-0.9035297789418608,1.3032910605337018,-1.122612298229853,0.2730577504585858,-0.4351577203489862
1.1929427947507922,0.8832431258842718,-0.5062424389906242,1.6853807624388295,-0.9739648248074441,-1.6513214920489339,0.6253903316954708,0.7547540129520861
1.2920655861717139,-0.7086361372718588,-0.5062424389906242,-0.9035297789418608,0.42742341232556885,-1.6106515540628508,1.2243557197981751,1.244717667840763
0.6973288376461839,-0.6407706105652188,-0.5062424389906242,-0.9035297789418608,-0.9739648248074441,-0.14653378656385763,-1.6647714463442813,1.0347332443170443
-0.2938990765630327,1.6937206769542288,-0.5062424389906242,0.3909254917484843,1.4784645901753286,0.5245201902065142,-0.502073928262561,1.6646865148882002
0.49908325480434057,-0.5151371615103066,1.9753381442967495,1.6853807624388295,-0.2732707062409376,1.3175839809351355,-0.1145080889019876,-0.7851317595551839
0.6973288376461839,-0.4278241014312238,1.9753381442967495,-0.9035297789418608,-0.09809717659931098,-1.0616073912507284,-0.713473477004692,-1.4850798379675794
0.6973288376461839,0.34175773557636624,-0.5062424389906242,-0.9035297789418608,0.9529440012504486,0.23983062430393223,-0.008808314530922123,0.5447695894283675
0.6973288376461839,0.01941670616257081,-0.5062424389906242,1.6853807624388295,-1.6746589433739505,0.9718895080534288,-0.46684067013887254,0.33478516590464885
-0.789513033667641,-0.18195226721371927,-0.5062424389906242,-0.9035297789418608,0.6025969419671955,1.154904228990803,0.8367898804376017,-0.29516810466650706
-0.09565349372118939,-0.9355729633747581,-0.5062424389906242,-0.9035297789418608,0.7777704716088221,1.0735643530186367,1.7528545916535025,-0.5051525281902257
