Age,PlayTimeHours,InGamePurchases,GameDifficulty,SessionsPerWeek,AvgSessionDurationMinutes,PlayerLevel,AchievementsUnlocked
1.0,0.137565597877908,1.0,0.0,0.8421052631578947,0.31360946745562135,0.42857142857142855,0.12244897959183673
0.4117647058823529,0.818974994815868,0.0,0.0,0.5263157894736842,0.5266272189349113,0.47959183673469385,0.22448979591836732
0.5,0.9734720379200515,0.0,0.0,0.5789473684210527,0.04142011834319527,0.11224489795918367,0.6938775510204082
1.0,0.4311181641426723,0.0,0.0,0.3684210526315789,0.8224852071005917,0.43877551020408156,0.7755102040816326
0.9705882352941175,0.2592958608381817,0.0,0.0,0.5263157894736842,0.6923076923076923,0.13265306122448978,0.08163265306122448
0.8235294117647058,0.1592607776035115,0.0,0.0,0.5789473684210527,0.9467455621301776,0.6020408163265305,0.6938775510204082
0.0,0.5209030694402624,0.0,0.0,0.2631578947368421,0.005917159763313612,0.673469387755102,0.8163265306122448
0.08823529411764708,0.45208898759899513,0.0,0.0,0.8421052631578947,0.44378698224852076,0.846938775510204,0.5102040816326531
0.8823529411764706,0.6624880732963759,0.0,0.0,0.6842105263157894,0.9763313609467456,0.24489795918367346,0.36734693877551017
0.8529411764705883,0.6973245756078976,0.0,0.0,0.21052631578947367,0.2544378698224852,0.07142857142857142,0.6122448979591836
0.9705882352941175,0.7443382971595478,0.0,0.0,1.0,0.4378698224852071,0.7142857142857142,0.8163265306122448
0.08823529411764708,0.985880490254003,1.0,0.0,0.0,0.0,0.32653061224489793,0.7142857142857142
0.9705882352941175,0.806535407925468,0.0,0.0,0.9473684210526315,0.26627218934911245,0.6020408163265305,0.8571428571428571
1.0,0.19416982016382361,0.0,0.0,0.0,0.3846153846153846,0.061224489795918366,0.7346938775510203
0.6176470588235294,0.9014740383659342,0.0,0.0,0.21052631578947367,0.7218934911242604,0.6122448979591836,0.32653061224489793
0.23529411764705888,0.003960277884380505,0.0,0.0,0.0,0.8224852071005917,0.2346938775510204,0.04081632653061224
0.7647058823529411,0.4342567132277051,0.0,0.0,0.3684210526315789,0.5798816568047337,0.7857142857142856,0.16326530612244897
0.38235294117647056,0.6571609037039767,0.0,0.0,0.9473684210526315,0.8461538461538461,0.8163265306122448,0.14285714285714285
0.47058823529411764,0.28806155143760004,0.0,0.0,1.0,0.05325443786982248,0.6224489795918366,0.14285714285714285
0.6764705882352942,0.6784361888024284,0.0,0.0,0.894736842105263,0.3076923076923077,0.1530612244897959,0.9387755102040816
0.4117647058823529,0.1637131232978689,0.0,0.0,0.894736842105263,0.6568047337278107,0.43877551020408156,0.4693877551020408
0.38235294117647056,0.9455234887711056,0.0,0.0,0.47368421052631576,0.9408284023668639,0.4183673469387755,0.6530612244897959
0.23529411764705888,0.7741101456683877,0.0,0.0,1.0,0.1834319526627219,0.5306122448979591,0.4081632653061224
0.1470588235294118,0.6781730972653722,0.0,0.0,0.8421052631578947,0.5502958579881657,0.8775510204081631,0.32653061224489793
0.7058823529411764,0.6122304982084126,0.0,0.0,0.3684210526315789,0.8816568047337279,0.520408163265306,0.5306122448979591
0.7647058823529411,0.8696678756790841,0.0,0.0,1.0,0.40828402366863903,0.2551020408163265,0.36734693877551017
0.7352941176470589,0.3991305137535685,0.0,0.0,0.15789473684210525,0.4319526627218935,0.673469387755102,0.02040816326530612
0.588235294117647,0.9953945397640326,0.0,0.0,0.3157894736842105,0.863905325443787,0.030612244897959183,0.42857142857142855
0.1470588235294118,0.7894880227355154,0.0,0.0,0.10526315789473684,0.3195266272189349,0.5408163265306122,0.5102040816326531
0.47058823529411764,0.11144156119704789,0.0,0.0,0.0,0.9112426035502958,0.5714285714285714,0.18367346938775508
0.47058823529411764,0.36420246409150586,1.0,0.0,0.3157894736842105,0.15384615384615385,0.2346938775510204,0.2040816326530612
0.7647058823529411,0.7161813502195733,0.0,0.0,0.894736842105263,0.5857988165680473,0.43877551020408156,0.36734693877551017
0.7647058823529411,0.4404064318703105,0.0,0.0,0.3684210526315789,0.10650887573964496,0.43877551020408156,0.1020408163265306
0.7647058823529411,0.6058657382519321,0.0,0.0,0.2631578947368421,0.3195266272189349,0.5,0.9183673469387754
0.7941176470588236,0.160228092123961,0.0,0.0,0.3684210526315789,0.9230769230769231,0.7959183673469387,0.16326530612244897
0.17647058823529416,0.802334421885312,0.0,0.0,0.05263157894736842,0.36094674556213013,0.4081632653061224,0.8775510204081632
0.32352941176470584,0.4534243939981478,0.0,0.0,0.7368421052631579,0.5680473372781065,0.47959183673469385,0.2857142857142857
0.8235294117647058,0.31556988005634284,0.0,0.0,0.21052631578947367,0.2781065088757396,0.7244897959183673,0.6938775510204082
0.7352941176470589,0.7974520338316177,0.0,0.0,0.894736842105263,0.591715976331361,0.7142857142857142,0.1020408163265306
0.23529411764705888,0.5025551399601297,0.0,0.0,0.47368421052631576,0.4970414201183432,0.32653061224489793,0.7959183673469387
0.8823529411764706,0.35963326416220626,0.0,0.0,0.0,0.5325443786982249,0.7755102040816326,0.7959183673469387
0.8235294117647058,0.5211524940583195,1.0,0.0,0.2631578947368421,0.23076923076923075,0.7755102040816326,0.3469387755102041
0.1470588235294118,0.1740740738100172,0.0,0.0,1.0,0.7337278106508875,0.5306122448979591,0.4081632653061224
0.4117647058823529,0.6705676255323043,0.0,0.0,0.8421052631578947,0.8106508875739645,0.4591836734693877,0.4693877551020408
0.2941176470588235,0.270818322145587,0.0,0.0,0.10526315789473684,0.9822485207100592,0.7653061224489796,0.6938775510204082
0.05882352941176472,0.1079757468454046,0.0,0.0,1.0,0.7810650887573964,0.6326530612244897,0.7959183673469387
0.2647058823529411,0.8129223332388347,0.0,0.0,0.5263157894736842,0.272189349112426,0.6326530612244897,0.6326530612244897
0.05882352941176472,0.4871870608457028,1.0,0.0,0.42105263157894735,0.05325443786982248,0.673469387755102,0.5714285714285714
0.17647058823529416,0.401362911904307,0.0,0.0,0.3157894736842105,0.2781065088757396,0.4183673469387755,0.9387755102040816
0.2647058823529411,0.9132657316649535,0.0,0.0,0.6842105263157894,0.6153846153846154,0.5,0.4693877551020408
0.5588235294117647,0.9547582678859204,0.0,0.0,0.894736842105263,0.6686390532544378,0.0,0.7346938775510203
0.6470588235294117,0.2572687881623068,0.0,0.0,0.10526315789473684,0.2781065088757396,0.7755102040816326,0.9387755102040816
0.5294117647058824,0.21474389126701984,0.0,0.0,0.15789473684210525,0.6745562130177515,0.3571428571428571,0.673469387755102
0.4411764705882353,0.7133055052920219,0.0,0.0,0.0,1.0,0.173469387755102,0.22448979591836732
0.8823529411764706,0.9960557049656089,0.0,0.0,0.15789473684210525,0.2781065088757396,0.26530612244897955,0.36734693877551017
0.0,0.010859443559013155,0.0,0.0,0.8421052631578947,0.31360946745562135,0.39795918367346933,0.2857142857142857
0.05882352941176472,0.5170288224531941,0.0,0.0,0.0,0.5325443786982249,0.48979591836734687,0.2857142857142857
0.8235294117647058,0.42958189149853937,0.0,0.0,0.6842105263157894,0.24852071005917162,0.24489795918367346,0.6326530612244897
0.7352941176470589,0.9375577204079197,1.0,0.0,0.3684210526315789,0.5562130177514794,0.24489795918367346,0.42857142857142855
0.4117647058823529,0.412161431105709,0.0,0.0,0.47368421052631576,0.8461538461538461,0.7755102040816326,0.6122448979591836
0.5,0.2697030399047775,0.0,0.0,0.631578947368421,0.15976331360946747,0.673469387755102,0.5102040816326531
0.8529411764705883,0.09278333969115761,0.0,0.0,0.47368421052631576,0.9053254437869822,0.6224489795918366,0.44897959183673464
0.7647058823529411,0.9335379978814726,0.0,0.0,0.7368421052631579,0.650887573964497,0.7653061224489796,0.5918367346938775
0.20588235294117652,0.2636723455236206,1.0,0.0,0.42105263157894735,0.5502958579881657,0.42857142857142855,0.2040816326530612
0.3529411764705882,0.24499417447930108,1.0,0.0,0.5789473684210527,0.9112426035502958,0.9591836734693877,0.3469387755102041
0.08823529411764708,0.7234435752589325,1.0,0.0,0.5789473684210527,0.0,0.9693877551020408,0.7142857142857142
0.11764705882352944,0.20276598492927517,0.0,0.0,0.894736842105263,0.9704142011834319,0.1530612244897959,0.8775510204081632
0.47058823529411764,0.2518708590082691,0.0,0.0,0.3684210526315789,0.8461538461538461,0.2040816326530612,0.02040816326530612
0.08823529411764708,0.4234403834003078,0.0,0.0,0.21052631578947367,0.15384615384615385,0.39795918367346933,0.8571428571428571
0.47058823529411764,0.8235106399177061,0.0,0.0,0.8421052631578947,0.47928994082840237,0.7755102040816326,0.6530612244897959
0.32352941176470584,0.8390495710083213,0.0,0.0,0.15789473684210525,0.3076923076923077,0.7959183673469387,0.4897959183673469
1.0,0.942545298605535,1.0,0.0,0.42105263157894735,0.7751479289940828,0.673469387755102,0.02040816326530612
0.7941176470588236,0.3530951359801903,1.0,0.0,0.7894736842105263,0.21301775147928995,0.42857142857142855,0.7755102040816326
0.7352941176470589,0.18365499715632883,0.0,0.0,0.21052631578947367,0.4970414201183432,0.12244897959183672,0.9999999999999999
0.02941176470588236,0.5769137693472427,0.0,0.0,0.8421052631578947,0.2544378698224852,0.2755102040816326,0.9183673469387754
0.8823529411764706,0.7222959768642075,0.0,0.0,0.0,0.46153846153846156,0.7040816326530611,0.7346938775510203
0.8235294117647058,0.6097916567954259,0.0,0.0,0.05263157894736842,0.6153846153846154,0.5714285714285714,0.44897959183673464
0.7941176470588236,0.9336074274115886,0.0,0.0,0.3684210526315789,0.9171597633136095,0.7040816326530611,0.9795918367346939
0.38235294117647056,0.6160203053873148,1.0,0.0,0.6842105263157894,0.5621301775147929,0.173469387755102,0.36734693877551017
0.9705882352941175,0.8662695872560567,0.0,0.0,0.2631578947368421,0.6863905325443788,0.21428571428571425,0.16326530612244897
0.4411764705882353,0.14581937294885824,0.0,0.0,0.9473684210526315,0.13609467455621302,0.07142857142857142,0.7959183673469387
0.32352941176470584,0.6676048338356445,1.0,0.0,0.8421052631578947,0.650887573964497,0.6632653061224489,0.3877551020408163
0.9411764705882353,0.5784428229578774,0.0,0.0,0.5263157894736842,0.6449704142011834,0.7244897959183673,0.9999999999999999
0.588235294117647,0.42487849566464947,1.0,0.0,0.21052631578947367,0.15976331360946747,0.9693877551020408,0.0
0.0,0.7543256989447339,0.0,0.0,0.8421052631578947,0.2781065088757396,0.9387755102040816,0.7346938775510203
0.0,0.9036724727828037,0.0,0.0,0.15789473684210525,0.5384615384615384,0.8775510204081631,0.6938775510204082
0.5588235294117647,0.32767465094486115,0.0,0.0,0.3157894736842105,0.15384615384615385,0.5,0.6326530612244897
0.4117647058823529,0.3571416107485719,0.0,0.0,0.9473684210526315,0.5384615384615384,0.36734693877551017,0.5510204081632653
0.6764705882352942,0.7053362701239398,0.0,0.0,0.3157894736842105,0.514792899408284,0.7857142857142856,0.12244897959183673
0.3529411764705882,0.8224732654163549,0.0,0.0,0.5263157894736842,0.6449704142011834,0.5714285714285714,0.36734693877551017
0.911764705882353,0.8836952503793434,0.0,0.0,0.3157894736842105,0.8816568047337279,0.7653061224489796,0.7755102040816326
0.05882352941176472,0.7207702208635784,0.0,0.0,0.631578947368421,0.6568047337278107,0.6020408163265305,0.6530612244897959
0.3529411764705882,0.02243133970488917,0.0,0.0,0.21052631578947367,0.5207100591715976,0.4591836734693877,0.22448979591836732
0.8529411764705883,0.8969119770085947,0.0,0.0,0.3157894736842105,0.4201183431952663,0.26530612244897955,0.12244897959183673
0.11764705882352944,0.40361267926667177,0.0,0.0,0.7894736842105263,0.8875739644970414,0.7551020408163265,0.3061224489795918
0.47058823529411764,0.09271852719174517,1.0,0.0,0.10526315789473684,0.9289940828402367,0.9897959183673468,0.7959183673469387
0.7941176470588236,0.358012985988299,0.0,0.0,0.10526315789473684,0.15384615384615385,0.346938775510204,0.08163265306122448
0.588235294117647,0.9003465228165403,0.0,0.0,0.05263157894736842,0.7751479289940828,0.09183673469387754,0.836734693877551
0.7352941176470589,0.5125662221737931,0.0,0.0,0.3684210526315789,0.04142011834319527,0.4693877551020408,0.5918367346938775
0.5,0.6584503601384667,0.0,0.0,0.42105263157894735,0.2366863905325444,0.520408163265306,0.9183673469387754
0.1470588235294118,0.23307712215329132,1.0,0.0,0.05263157894736842,0.2544378698224852,0.7142857142857142,0.4693877551020408
0.4411764705882353,0.15170225779924537,0.0,0.0,0.47368421052631576,0.7869822485207101,0.9999999999999999,0.836734693877551
0.2647058823529411,0.9088490956299313,1.0,0.0,0.7894736842105263,0.8698224852071006,0.26530612244897955,0.14285714285714285
0.8823529411764706,0.31900006416,0.0,0.0,0.7368421052631579,0.5562130177514794,0.42857142857142855,0.9795918367346939
0.4117647058823529,0.34556016791329924,0.0,0.0,0.21052631578947367,0.5857988165680473,0.4591836734693877,0.22448979591836732
0.5294117647058824,0.6230073432967401,0.0,0.0,0.7894736842105263,0.16568047337278105,0.7959183673469387,0.14285714285714285
0.9411764705882353,0.7999701857048543,0.0,0.0,0.10526315789473684,0.5088757396449705,0.38775510204081626,0.3877551020408163
0.9705882352941175,0.6735910619370438,0.0,0.0,0.894736842105263,0.10650887573964496,0.6632653061224489,0.2857142857142857
0.7941176470588236,0.16067742460402207,0.0,0.0,0.21052631578947367,0.40828402366863903,0.7857142857142856,0.5510204081632653
0.4411764705882353,0.6511077478887838,0.0,0.0,1.0,0.11242603550295857,0.7244897959183673,0.02040816326530612
0.47058823529411764,0.01900636060151064,0.0,0.0,0.10526315789473684,0.04142011834319527,0.9693877551020408,0.7551020408163265
0.23529411764705888,0.9665974335747659,0.0,0.0,0.47368421052631576,0.24852071005917162,0.030612244897959183,0.14285714285714285
0.2941176470588235,0.39851774657608485,0.0,0.0,0.894736842105263,0.727810650887574,0.693877551020408,0.7551020408163265
0.08823529411764708,0.22547330624422182,0.0,0.0,0.42105263157894735,0.5207100591715976,0.1530612244897959,0.44897959183673464
0.05882352941176472,0.24064929462445117,0.0,0.0,0.3157894736842105,0.7928994082840237,0.9795918367346937,0.18367346938775508
0.7941176470588236,0.7797175456650097,0.0,0.0,1.0,0.8224852071005917,0.9285714285714285,0.7346938775510203
0.7058823529411764,0.4941436678668192,0.0,0.0,0.42105263157894735,0.8816568047337279,0.2755102040816326,0.8979591836734693
0.23529411764705888,0.46610145990449864,0.0,0.0,0.631578947368421,0.5384615384615384,0.510204081632653,0.6326530612244897
1.0,0.4745220128598656,0.0,0.0,0.10526315789473684,0.9940828402366865,0.173469387755102,0.32653061224489793
0.4117647058823529,0.4690519064832938,0.0,0.0,0.21052631578947367,0.44378698224852076,0.19387755102040813,0.4081632653061224
0.08823529411764708,0.21638329461459205,0.0,0.0,0.3684210526315789,0.3550295857988166,0.5408163265306122,0.5306122448979591
0.588235294117647,0.49071717556895955,0.0,0.0,0.5263157894736842,0.6449704142011834,0.9285714285714285,0.1020408163265306
0.588235294117647,0.28903613730641753,0.0,0.0,0.7368421052631579,0.9585798816568046,0.8571428571428571,0.5714285714285714
0.32352941176470584,0.06685022497786061,1.0,0.0,0.6842105263157894,0.07100591715976332,0.8061224489795917,0.8979591836734693
0.20588235294117652,0.38954983531531323,0.0,0.0,0.6842105263157894,0.7751479289940828,0.5918367346938775,0.3061224489795918
0.911764705882353,0.7240994141016108,1.0,0.0,0.7368421052631579,0.42603550295857984,0.13265306122448978,0.5306122448979591
0.1470588235294118,0.524409879270269,1.0,0.0,0.15789473684210525,0.2781065088757396,0.693877551020408,0.7346938775510203
0.2647058823529411,0.2164145228747505,0.0,0.0,0.10526315789473684,0.26627218934911245,0.8061224489795917,0.7755102040816326
0.17647058823529416,0.010055080644082868,0.0,0.0,0.05263157894736842,0.9644970414201183,0.4591836734693877,0.5102040816326531
0.20588235294117652,0.42485327145196755,0.0,0.0,0.05263157894736842,0.16568047337278105,0.2551020408163265,0.3469387755102041
0.05882352941176472,0.9420365304181093,0.0,0.0,0.3157894736842105,0.6982248520710059,0.6836734693877551,0.6530612244897959
0.8235294117647058,0.6425055060677459,1.0,0.0,0.7368421052631579,0.9704142011834319,0.31632653061224486,0.6326530612244897
0.7058823529411764,0.2909371149619928,0.0,0.0,0.47368421052631576,0.272189349112426,0.09183673469387754,0.44897959183673464
0.08823529411764708,0.7620900275939377,1.0,0.0,0.0,0.9230769230769231,0.5306122448979591,0.2040816326530612
0.9411764705882353,0.34409664640250376,1.0,0.0,0.0,0.9704142011834319,0.5306122448979591,0.5714285714285714
0.8529411764705883,0.21991311471488253,0.0,0.0,0.10526315789473684,0.04142011834319527,0.24489795918367346,0.6326530612244897
0.588235294117647,0.6782666289450946,0.0,0.0,0.15789473684210525,0.6804733727810651,0.7142857142857142,0.8571428571428571
0.9411764705882353,0.0018486236177183224,0.0,0.0,0.10526315789473684,0.09467455621301776,0.3571428571428571,0.22448979591836732
0.7941176470588236,0.9296489605212648,0.0,0.0,0.894736842105263,0.485207100591716,0.5306122448979591,0.04081632653061224
0.3529411764705882,0.13493635226088732,0.0,0.0,0.10526315789473684,0.7633136094674556,0.9183673469387754,0.24489795918367346
0.08823529411764708,0.34032461794280794,0.0,0.0,0.631578947368421,0.9289940828402367,0.7857142857142856,0.8571428571428571
0.2647058823529411,0.6607730501866161,0.0,0.0,0.8421052631578947,0.04733727810650888,0.673469387755102,0.6938775510204082
0.32352941176470584,0.12581133962924335,0.0,0.0,0.21052631578947367,0.6153846153846154,0.336734693877551,0.22448979591836732
0.23529411764705888,0.4122465853945334,0.0,0.0,0.8421052631578947,0.757396449704142,0.6326530612244897,0.12244897959183673
0.11764705882352944,0.9058530196469262,1.0,0.0,0.631578947368421,0.8047337278106509,0.22448979591836732,0.5102040816326531
0.4411764705882353,0.6139375169735599,0.0,0.0,0.631578947368421,0.2899408284023669,0.18367346938775508,0.36734693877551017
0.9705882352941175,0.003581445102498155,1.0,0.0,0.894736842105263,0.05917159763313609,0.9387755102040816,0.8775510204081632
0.7941176470588236,0.11342712937464484,1.0,0.0,0.631578947368421,0.21893491124260353,0.4591836734693877,0.7346938775510203
0.6470588235294117,0.8244113543032049,0.0,0.0,0.21052631578947367,0.9822485207100592,0.030612244897959183,0.3061224489795918
0.588235294117647,0.487716447995948,0.0,0.0,0.47368421052631576,0.5857988165680473,0.061224489795918366,0.22448979591836732
0.7352941176470589,0.9448715497033878,0.0,0.0,0.2631578947368421,0.8698224852071006,0.04081632653061224,0.26530612244897955
0.911764705882353,0.5175949074775992,0.0,0.0,1.0,0.8402366863905325,0.12244897959183672,0.7755102040816326
0.38235294117647056,0.8980525400191748,0.0,0.0,0.894736842105263,0.6449704142011834,0.6224489795918366,0.8571428571428571
0.1470588235294118,0.06391244288031517,0.0,0.0,0.7894736842105263,0.757396449704142,0.7448979591836734,0.02040816326530612
0.23529411764705888,0.7232739531927486,0.0,0.0,0.10526315789473684,0.017751479289940836,0.7346938775510203,0.32653061224489793
0.7941176470588236,0.7856180611533888,0.0,0.0,0.7894736842105263,0.19526627218934908,0.7346938775510203,0.836734693877551
0.1470588235294118,0.6754856056785098,0.0,0.0,0.0,0.22485207100591717,0.836734693877551,0.5510204081632653
0.6764705882352942,0.670316630452199,0.0,0.0,0.7368421052631579,0.44378698224852076,0.846938775510204,0.9387755102040816
0.9411764705882353,0.5130649987480594,0.0,0.0,0.3157894736842105,0.6331360946745562,0.4591836734693877,0.5306122448979591
0.47058823529411764,0.004849497777168778,0.0,0.0,0.0,0.7810650887573964,0.9081632653061223,0.3061224489795918
0.17647058823529416,0.5377306842463723,0.0,0.0,0.15789473684210525,0.8461538461538461,0.18367346938775508,0.8979591836734693
0.5588235294117647,0.33707558947458166,0.0,0.0,1.0,0.834319526627219,0.8061224489795917,0.5102040816326531
0.8529411764705883,0.2212604670099239,0.0,0.0,0.5263157894736842,0.011834319526627224,0.3571428571428571,0.4081632653061224
0.05882352941176472,0.10535341247519323,1.0,0.0,0.3684210526315789,0.10059171597633135,0.673469387755102,0.5714285714285714
0.1470588235294118,0.11170846091611876,1.0,0.0,0.3684210526315789,0.6686390532544378,0.2857142857142857,0.3061224489795918
0.9411764705882353,0.9573743603105138,0.0,0.0,0.47368421052631576,0.4201183431952663,0.4591836734693877,0.3469387755102041
0.4411764705882353,0.5959076975407356,0.0,0.0,0.7894736842105263,0.41420118343195267,0.7755102040816326,0.9795918367346939
0.8529411764705883,0.06821268534727529,0.0,0.0,0.894736842105263,0.7041420118343196,0.8265306122448979,0.8163265306122448
0.20588235294117652,0.7689475179788342,0.0,0.0,0.21052631578947367,0.3076923076923077,0.43877551020408156,0.6938775510204082
0.2647058823529411,0.6489449363298457,0.0,0.0,0.15789473684210525,0.2366863905325444,0.7857142857142856,0.9795918367346939
0.32352941176470584,0.8415130340038963,1.0,0.0,0.0,0.23076923076923075,0.39795918367346933,0.5714285714285714
0.47058823529411764,0.2976510653618111,1.0,0.0,1.0,0.42603550295857984,0.9897959183673468,0.44897959183673464
0.2647058823529411,0.16539939102727894,0.0,0.0,0.42105263157894735,0.07100591715976332,0.24489795918367346,0.3469387755102041
0.9411764705882353,0.056786593403384135,1.0,0.0,0.15789473684210525,0.8816568047337279,0.48979591836734687,0.6530612244897959
0.3529411764705882,0.11749355965873351,0.0,0.0,1.0,0.2781065088757396,0.44897959183673464,0.6938775510204082
0.911764705882353,0.19491911938602205,0.0,0.0,0.2631578947368421,0.21893491124260353,0.9591836734693877,0.9183673469387754
0.6470588235294117,0.5834395521815977,0.0,0.0,0.47368421052631576,0.29585798816568043,0.1530612244897959,0.4081632653061224
0.7647058823529411,0.6147600526604459,1.0,0.0,0.894736842105263,0.8224852071005917,0.4693877551020408,0.36734693877551017
0.23529411764705888,0.34798825249349924,0.0,0.0,0.10526315789473684,0.6923076923076923,0.7857142857142856,0.12244897959183673
0.1470588235294118,0.7553904767415793,0.0,0.0,0.6842105263157894,0.39644970414201186,0.520408163265306,0.3877551020408163
0.47058823529411764,0.27173570914967266,0.0,0.0,0.7894736842105263,0.5857988165680473,0.1020408163265306,0.5714285714285714
0.2647058823529411,0.5779150609971098,1.0,0.0,0.47368421052631576,0.5325443786982249,0.6122448979591836,0.2857142857142857
0.2647058823529411,0.5292351327786933,0.0,0.0,1.0,0.6094674556213018,0.21428571428571425,0.9795918367346939
0.9411764705882353,0.474801378717883,1.0,0.0,0.631578947368421,0.9349112426035503,0.2040816326530612,0.9591836734693877
0.4117647058823529,0.2847764849128735,0.0,0.0,0.0,0.8816568047337279,0.836734693877551,0.3469387755102041
0.02941176470588236,0.5318486957051577,0.0,0.0,0.3157894736842105,0.893491124260355,0.336734693877551,0.7755102040816326
0.8235294117647058,0.7797142058213845,0.0,0.0,0.5789473684210527,0.5088757396449705,0.5816326530612245,0.2857142857142857
0.7647058823529411,0.36148725657531106,1.0,0.0,0.42105263157894735,0.6804733727810651,0.3061224489795918,0.4693877551020408
0.1470588235294118,0.8792537383101664,1.0,0.0,0.6842105263157894,0.5266272189349113,0.6836734693877551,0.16326530612244897
0.6176470588235294,0.019375802666156,0.0,0.0,0.7368421052631579,0.20118343195266272,0.9795918367346937,0.3061224489795918
0.05882352941176472,0.282086777435404,0.0,0.0,0.5263157894736842,0.07692307692307693,0.05102040816326531,0.2857142857142857
0.2647058823529411,0.547983681184771,0.0,0.0,0.15789473684210525,0.41420118343195267,0.48979591836734687,0.2040816326530612
0.5294117647058824,0.12034303353335334,0.0,0.0,1.0,0.6745562130177515,0.6836734693877551,0.7551020408163265
0.7058823529411764,0.9464762772847722,0.0,0.0,0.10526315789473684,0.7159763313609467,0.6122448979591836,0.7551020408163265
0.4117647058823529,0.5415135699170786,1.0,0.0,0.47368421052631576,0.4970414201183432,0.8061224489795917,0.673469387755102
0.8235294117647058,0.5864630699271205,0.0,0.0,0.6842105263157894,0.8461538461538461,0.6632653061224489,0.8571428571428571
0.4117647058823529,0.32803997425117387,0.0,0.0,0.05263157894736842,0.29585798816568043,0.1020408163265306,0.7142857142857142
0.5294117647058824,0.2379796734930578,0.0,0.0,0.10526315789473684,0.2071005917159763,0.18367346938775508,0.04081632653061224
0.4411764705882353,0.18957163060505486,0.0,0.0,0.3684210526315789,0.10650887573964496,0.2959183673469387,0.02040816326530612
0.9411764705882353,0.23303621101477942,0.0,0.0,0.3157894736842105,0.11834319526627218,0.7142857142857142,0.4081632653061224
0.1470588235294118,0.39232014536531373,0.0,0.0,0.42105263157894735,0.727810650887574,0.4183673469387755,0.2040816326530612
0.7941176470588236,0.6092485525531482,1.0,0.0,0.631578947368421,0.5562130177514794,0.5612244897959183,0.061224489795918366
0.20588235294117652,0.08907601420719868,0.0,0.0,0.2631578947368421,0.6390532544378699,0.13265306122448978,0.4693877551020408
0.2647058823529411,0.634519801347079,0.0,0.0,0.5263157894736842,0.31360946745562135,0.5816326530612245,0.7551020408163265
0.2647058823529411,0.7232327399045879,1.0,0.0,0.05263157894736842,0.5857988165680473,0.0,0.14285714285714285
0.5294117647058824,0.716895987143252,1.0,0.0,0.7368421052631579,0.04142011834319527,0.5816326530612245,0.3877551020408163
0.3529411764705882,0.3230084991790928,0.0,0.0,0.42105263157894735,0.6804733727810651,0.7244897959183673,0.0
0.0,0.9201313495165341,0.0,0.0,0.05263157894736842,0.31360946745562135,0.2346938775510204,0.3061224489795918
0.47058823529411764,0.5976655101480874,0.0,0.0,0.9473684210526315,0.04733727810650888,0.7040816326530611,0.6938775510204082
0.4117647058823529,0.33685914973545356,1.0,0.0,0.8421052631578947,0.7633136094674556,0.0,0.7142857142857142
0.8823529411764706,0.5262130546805721,0.0,0.0,0.7894736842105263,0.7988165680473372,0.9591836734693877,0.836734693877551
0.7058823529411764,0.2716383642702322,0.0,0.0,0.05263157894736842,0.7396449704142012,0.13265306122448978,0.42857142857142855
0.02941176470588236,0.3270233134267258,0.0,0.0,0.3684210526315789,0.9112426035502958,0.48979591836734687,0.2857142857142857
0.08823529411764708,0.3622045593895092,0.0,0.0,0.894736842105263,0.03550295857988166,0.2857142857142857,0.3061224489795918
0.1470588235294118,0.32341857156150655,1.0,0.0,0.6842105263157894,0.2899408284023669,0.44897959183673464,0.12244897959183673
0.20588235294117652,0.7615262676136232,1.0,0.0,0.10526315789473684,0.8224852071005917,0.36734693877551017,0.4693877551020408
0.911764705882353,0.9900177642328999,0.0,0.0,0.3157894736842105,0.3431952662721893,0.04081632653061224,0.12244897959183673
1.0,0.7978738282745446,0.0,0.0,0.0,0.07100591715976332,0.04081632653061224,0.04081632653061224
0.08823529411764708,0.37466841572032805,1.0,0.0,0.42105263157894735,0.6982248520710059,0.8265306122448979,0.1020408163265306
0.9411764705882353,0.6989617899480893,1.0,0.0,0.7368421052631579,0.2544378698224852,0.2040816326530612,0.8775510204081632
1.0,0.252938953480768,1.0,0.0,0.2631578947368421,0.4674556213017752,0.8163265306122448,0.3469387755102041
0.47058823529411764,0.919171135639365,0.0,0.0,0.5263157894736842,0.650887573964497,0.8571428571428571,0.5510204081632653
1.0,0.4372111788076387,0.0,0.0,0.47368421052631576,0.7041420118343196,0.020408163265306124,0.7346938775510203
0.5294117647058824,0.12009460569772938,0.0,0.0,0.42105263157894735,0.3431952662721893,0.4183673469387755,0.3061224489795918
0.5588235294117647,0.9090835147335079,0.0,0.0,0.5263157894736842,0.1893491124260355,0.9285714285714285,0.04081632653061224
0.2647058823529411,0.7538476699031493,1.0,0.0,0.42105263157894735,0.13609467455621302,0.673469387755102,0.6122448979591836
0.2647058823529411,0.6566262675754148,1.0,0.0,0.6842105263157894,0.8224852071005917,0.1530612244897959,0.9795918367346939
0.6470588235294117,0.479324024193048,0.0,0.0,0.3684210526315789,0.9763313609467456,0.05102040816326531,0.7346938775510203
0.7941176470588236,0.9067003650238857,1.0,0.0,0.10526315789473684,0.727810650887574,0.7959183673469387,0.9999999999999999
0.0,0.48318633997609817,0.0,0.0,0.42105263157894735,0.9940828402366865,0.8571428571428571,0.32653061224489793
0.911764705882353,0.25952732974488124,0.0,0.0,0.7894736842105263,0.7810650887573964,0.24489795918367346,0.8163265306122448
0.911764705882353,0.2559398088112798,0.0,0.0,0.894736842105263,0.893491124260355,0.2040816326530612,0.836734693877551
0.6176470588235294,0.8157485678288843,0.0,0.0,0.3157894736842105,0.03550295857988166,0.5816326530612245,0.4081632653061224
0.4411764705882353,0.22680734638126748,0.0,0.0,0.6842105263157894,0.011834319526627224,0.42857142857142855,0.9591836734693877
0.20588235294117652,0.15289969288872649,1.0,0.0,0.5789473684210527,0.23076923076923075,0.37755102040816324,0.8979591836734693
0.7058823529411764,0.5325395946291256,0.0,0.0,0.9473684210526315,0.20118343195266272,0.6428571428571428,0.7142857142857142
0.9411764705882353,0.21876942210800585,0.0,0.0,0.9473684210526315,0.9585798816568046,0.07142857142857142,0.6530612244897959
0.1470588235294118,0.6878906263603144,0.0,0.0,0.21052631578947367,0.8402366863905325,0.4693877551020408,0.9999999999999999
0.5588235294117647,0.49750920806982457,0.0,0.0,0.8421052631578947,0.7633136094674556,0.04081632653061224,0.5102040816326531
0.7352941176470589,0.058252986107377266,0.0,0.0,0.7894736842105263,0.5443786982248521,0.020408163265306124,0.9795918367346939
0.7647058823529411,0.3343783829196148,0.0,0.0,0.894736842105263,0.26627218934911245,0.24489795918367346,0.3061224489795918
0.7058823529411764,0.7791980878023557,1.0,0.0,0.21052631578947367,0.3905325443786982,0.19387755102040813,0.9591836734693877
0.4117647058823529,0.8424156940609538,0.0,0.0,0.8421052631578947,0.24852071005917162,0.01020408163265306,0.4081632653061224
0.9411764705882353,0.0062111606575998984,0.0,0.0,0.42105263157894735,0.6627218934911243,0.8163265306122448,0.16326530612244897
0.6764705882352942,0.5683897448591986,0.0,0.0,0.05263157894736842,0.7928994082840237,0.7755102040816326,0.9795918367346939
0.38235294117647056,0.8921018176960579,0.0,0.0,0.5263157894736842,0.23076923076923075,0.3571428571428571,0.8979591836734693
0.05882352941176472,0.30485369734921675,0.0,0.0,1.0,0.21301775147928995,0.09183673469387754,0.18367346938775508
0.38235294117647056,0.40597877617700073,0.0,0.0,0.10526315789473684,0.9763313609467456,0.19387755102040813,0.26530612244897955
0.08823529411764708,0.10329838318373027,0.0,0.0,1.0,0.727810650887574,0.4183673469387755,0.6530612244897959
0.9411764705882353,0.44889490323542336,0.0,0.0,0.3157894736842105,0.29585798816568043,0.01020408163265306,0.8571428571428571
0.8823529411764706,0.3638818235339737,0.0,0.0,0.21052631578947367,0.7810650887573964,0.9999999999999999,0.42857142857142855
0.5294117647058824,0.6745010558012631,0.0,0.0,0.3684210526315789,0.46153846153846156,0.2755102040816326,0.4693877551020408
0.5,0.46459102166473704,0.0,0.0,0.5263157894736842,0.28402366863905326,0.5408163265306122,0.44897959183673464
0.11764705882352944,0.7118449892810188,0.0,0.0,0.3157894736842105,0.24852071005917162,0.9183673469387754,0.12244897959183673
0.5588235294117647,0.7862689029254275,0.0,0.0,0.42105263157894735,0.4201183431952663,0.9489795918367346,0.9999999999999999
0.7941176470588236,0.7121000943096608,0.0,0.0,0.7894736842105263,0.6213017751479291,0.5408163265306122,0.7346938775510203
0.32352941176470584,0.3267839252545458,0.0,0.0,0.21052631578947367,0.7041420118343196,0.8673469387755102,0.5306122448979591
0.7941176470588236,0.1556497740001379,0.0,0.0,0.42105263157894735,0.9349112426035503,0.9897959183673468,0.14285714285714285
0.9705882352941175,0.7899690370230268,0.0,0.0,0.05263157894736842,0.2544378698224852,0.38775510204081626,0.12244897959183673
0.911764705882353,0.4592353350023036,0.0,0.0,0.0,0.0650887573964497,0.520408163265306,0.3061224489795918
0.5294117647058824,0.3577856498483702,0.0,0.0,0.5263157894736842,0.3076923076923077,0.9591836734693877,0.42857142857142855
0.1470588235294118,0.279796333001024,0.0,0.0,0.894736842105263,0.8816568047337279,0.08163265306122448,0.9795918367346939
0.6470588235294117,0.1892447135328142,1.0,0.0,0.631578947368421,0.5207100591715976,0.9285714285714285,0.4897959183673469
0.8823529411764706,0.7970842035206475,0.0,0.0,0.7894736842105263,0.9349112426035503,0.4693877551020408,0.5306122448979591
0.7647058823529411,0.8493989226079154,0.0,0.0,0.3684210526315789,0.5739644970414202,0.44897959183673464,0.7142857142857142
0.05882352941176472,0.8431425976020549,0.0,0.0,0.3157894736842105,0.5621301775147929,0.7551020408163265,0.3469387755102041
0.05882352941176472,0.23420897600993432,1.0,0.0,0.10526315789473684,0.0650887573964497,0.8061224489795917,0.836734693877551
0.5,0.963702701529937,0.0,0.0,0.6842105263157894,0.7633136094674556,0.6632653061224489,0.2857142857142857
0.7352941176470589,0.11073374581121805,0.0,0.0,0.3157894736842105,0.029585798816568046,0.336734693877551,0.4081632653061224
0.20588235294117652,0.7514158603142741,0.0,0.0,0.10526315789473684,0.22485207100591717,0.05102040816326531,0.9795918367346939
0.5588235294117647,0.7449804788984686,0.0,0.0,0.5263157894736842,0.7100591715976331,0.6020408163265305,0.36734693877551017
0.08823529411764708,0.8801403456178555,0.0,0.0,0.3157894736842105,0.9704142011834319,0.07142857142857142,0.5510204081632653
0.6764705882352942,0.6540614153293323,0.0,0.0,0.7894736842105263,0.3195266272189349,0.846938775510204,0.26530612244897955
0.17647058823529416,0.7737641594109356,0.0,0.0,0.631578947368421,0.834319526627219,0.39795918367346933,0.16326530612244897
0.7941176470588236,0.46857754390704776,0.0,0.0,0.8421052631578947,0.7455621301775148,0.6632653061224489,0.8775510204081632
0.8529411764705883,0.3089853939735358,0.0,0.0,0.894736842105263,0.6804733727810651,0.6428571428571428,0.673469387755102
0.08823529411764708,0.3754493902102966,1.0,0.0,0.6842105263157894,0.6568047337278107,0.5408163265306122,0.42857142857142855
0.02941176470588236,0.34634272868875704,1.0,0.0,0.47368421052631576,0.47337278106508873,0.7346938775510203,0.42857142857142855
0.9411764705882353,0.44943272845737503,0.0,0.0,0.6842105263157894,0.5325443786982249,0.8265306122448979,0.22448979591836732
0.32352941176470584,0.3548253230519807,0.0,0.0,0.5789473684210527,0.6390532544378699,0.44897959183673464,0.4081632653061224
0.47058823529411764,0.6620122578509928,0.0,0.0,0.10526315789473684,0.41420118343195267,0.16326530612244897,0.5714285714285714
0.911764705882353,0.2191193254693558,0.0,0.0,0.21052631578947367,0.9763313609467456,0.346938775510204,0.6530612244897959
0.23529411764705888,0.773698149070166,0.0,0.0,0.6842105263157894,0.47928994082840237,0.336734693877551,0.9999999999999999
0.6470588235294117,0.12251203982176997,0.0,0.0,0.3157894736842105,0.14792899408284024,0.2755102040816326,0.3061224489795918
0.9705882352941175,0.836502086946345,0.0,0.0,0.5263157894736842,0.5502958579881657,0.061224489795918366,0.7755102040816326
0.8235294117647058,0.037697653287266826,0.0,0.0,0.8421052631578947,0.4970414201183432,0.12244897959183672,0.3061224489795918
0.23529411764705888,0.7423197276313169,0.0,0.0,0.47368421052631576,0.41420118343195267,0.8163265306122448,0.3877551020408163
0.5,0.6349221543581096,1.0,0.0,0.15789473684210525,0.2899408284023669,0.4693877551020408,0.9999999999999999
0.23529411764705888,0.9001588345622796,1.0,0.0,0.631578947368421,0.9053254437869822,0.020408163265306124,0.22448979591836732
0.6176470588235294,0.7132635142233567,0.0,0.0,0.9473684210526315,0.5029585798816568,0.26530612244897955,0.0
0.7941176470588236,0.2446993457078557,0.0,0.0,0.7368421052631579,0.9467455621301776,0.6122448979591836,0.26530612244897955
0.5588235294117647,0.8949084194954208,1.0,0.0,0.42105263157894735,0.5857988165680473,0.48979591836734687,0.3877551020408163
0.8529411764705883,0.15474604922154583,1.0,0.0,0.3684210526315789,0.9171597633136095,0.36734693877551017,0.7755102040816326
0.02941176470588236,0.9835762858446071,0.0,0.0,0.2631578947368421,0.5266272189349113,0.14285714285714282,0.3061224489795918
0.8235294117647058,0.9734234016484564,1.0,0.0,0.0,0.3076923076923077,0.7142857142857142,0.9795918367346939
1.0,0.6560506892173853,0.0,0.0,0.631578947368421,0.9289940828402367,0.336734693877551,0.32653061224489793
0.11764705882352944,0.8501956005943524,0.0,0.0,0.0,0.2603550295857988,0.7448979591836734,0.8163265306122448
0.7647058823529411,0.4941140512929449,1.0,0.0,0.10526315789473684,0.7337278106508875,0.9897959183673468,0.04081632653061224
0.47058823529411764,0.5372553407432071,1.0,0.0,0.894736842105263,1.0,0.846938775510204,0.6326530612244897
0.02941176470588236,0.19574344255241924,1.0,0.0,0.7894736842105263,0.49112426035502965,0.09183673469387754,0.5510204081632653
0.4411764705882353,0.4482424524285318,1.0,0.0,0.894736842105263,0.9053254437869822,0.6836734693877551,0.6122448979591836
0.5,0.29358426743176935,0.0,0.0,0.05263157894736842,0.9230769230769231,0.6530612244897959,0.4081632653061224
0.7941176470588236,0.1773074058809801,0.0,0.0,0.21052631578947367,0.09467455621301776,0.6428571428571428,0.6530612244897959
0.6176470588235294,0.14519207474639093,0.0,0.0,0.7368421052631579,1.0,0.5714285714285714,0.12244897959183673
0.08823529411764708,0.6825128803563593,0.0,0.0,0.15789473684210525,0.9408284023668639,0.8265306122448979,0.836734693877551
0.17647058823529416,0.9608561601465961,1.0,0.0,0.5789473684210527,0.6804733727810651,0.2857142857142857,0.5102040816326531
1.0,0.43550604367059376,0.0,0.0,0.42105263157894735,0.0,0.693877551020408,0.26530612244897955
0.17647058823529416,0.48249443883507825,1.0,0.0,0.5263157894736842,0.5266272189349113,0.43877551020408156,0.3877551020408163
0.32352941176470584,0.3039626528153315,1.0,0.0,0.3684210526315789,0.6686390532544378,0.13265306122448978,0.3877551020408163
0.7941176470588236,0.9869472592532321,0.0,0.0,0.15789473684210525,0.6804733727810651,0.7653061224489796,0.5918367346938775
0.8823529411764706,0.9303321576940449,0.0,0.0,0.47368421052631576,0.19526627218934908,0.6020408163265305,0.673469387755102
0.9705882352941175,0.1525381805479829,1.0,0.0,0.5789473684210527,0.10059171597633135,0.05102040816326531,0.32653061224489793
0.6470588235294117,0.4481447629157363,0.0,0.0,0.3157894736842105,0.9289940828402367,0.4591836734693877,0.12244897959183673
0.3529411764705882,0.055568800894666266,0.0,0.0,0.5263157894736842,0.7041420118343196,0.836734693877551,0.6938775510204082
0.17647058823529416,0.5152994980469745,0.0,0.0,0.47368421052631576,0.893491124260355,0.48979591836734687,0.9999999999999999
0.47058823529411764,0.6994394256308284,0.0,0.0,0.631578947368421,0.44378698224852076,0.38775510204081626,0.9387755102040816
0.05882352941176472,0.8819618714943065,0.0,0.0,0.631578947368421,0.3846153846153846,0.22448979591836732,0.9999999999999999
0.4117647058823529,0.36573855010445994,0.0,0.0,0.6842105263157894,0.21301775147928995,0.0,0.36734693877551017
0.2941176470588235,0.3415943223739657,1.0,0.0,0.9473684210526315,0.21301775147928995,0.6530612244897959,0.7551020408163265
0.02941176470588236,0.6781464660101926,1.0,0.0,0.631578947368421,0.9112426035502958,0.13265306122448978,0.3877551020408163
0.5588235294117647,0.3791887751587097,0.0,0.0,0.6842105263157894,0.272189349112426,0.7653061224489796,0.4081632653061224
0.3529411764705882,0.5978321331504076,1.0,0.0,0.2631578947368421,0.9349112426035503,0.16326530612244897,0.9795918367346939
0.20588235294117652,0.37642913062727246,0.0,0.0,0.631578947368421,0.5739644970414202,0.7959183673469387,0.9387755102040816
0.8529411764705883,0.46438243143094865,0.0,0.0,0.894736842105263,0.5325443786982249,0.2040816326530612,0.5102040816326531
0.32352941176470584,0.1423840276888232,0.0,0.0,0.0,0.6449704142011834,0.7448979591836734,0.5918367346938775
0.38235294117647056,0.07163244173115345,0.0,0.0,0.05263157894736842,0.9881656804733728,0.0,0.3061224489795918
0.6176470588235294,0.8323729963566094,1.0,0.0,0.9473684210526315,0.5680473372781065,0.7755102040816326,0.6326530612244897
0.588235294117647,0.5563365669510241,0.0,0.0,0.10526315789473684,0.6568047337278107,0.26530612244897955,0.9183673469387754
0.0,0.5142686318531066,0.0,0.0,0.42105263157894735,0.6213017751479291,0.32653061224489793,0.4693877551020408
0.4411764705882353,0.7260796185056981,0.0,0.0,0.21052631578947367,0.9940828402366865,0.6632653061224489,0.9387755102040816
0.911764705882353,0.7741389338360418,0.0,0.0,0.631578947368421,0.5088757396449705,0.01020408163265306,0.42857142857142855
0.6176470588235294,0.5319399052411887,0.0,0.0,0.10526315789473684,0.7751479289940828,0.7857142857142856,0.8775510204081632
0.7352941176470589,0.9258335411349565,0.0,0.0,0.3157894736842105,0.7928994082840237,0.14285714285714282,0.9387755102040816
0.38235294117647056,0.8142694710294481,0.0,0.0,0.7894736842105263,0.41420118343195267,0.44897959183673464,0.08163265306122448
0.9705882352941175,0.17190470028720345,0.0,0.0,0.7368421052631579,0.1301775147928994,0.7346938775510203,0.4693877551020408
0.38235294117647056,0.369628307836857,0.0,0.0,0.5263157894736842,0.8106508875739645,0.18367346938775508,0.9999999999999999
0.4117647058823529,0.8727142154118738,0.0,0.0,0.15789473684210525,0.005917159763313612,0.061224489795918366,0.7551020408163265
0.4411764705882353,0.7362216528759368,0.0,0.0,0.894736842105263,0.04142011834319527,0.2755102040816326,0.9999999999999999
0.9705882352941175,0.40668379314399256,1.0,0.0,0.6842105263157894,0.8816568047337279,0.6530612244897959,0.12244897959183673
0.2647058823529411,0.6881426420315371,0.0,0.0,0.631578947368421,0.30177514792899407,0.2857142857142857,0.4081632653061224
0.5588235294117647,0.8824058162417805,0.0,0.0,0.47368421052631576,0.09467455621301776,0.5510204081632653,0.3469387755102041
0.20588235294117652,0.11868237034359141,0.0,0.0,0.631578947368421,0.3254437869822485,0.04081632653061224,0.42857142857142855
0.2647058823529411,0.9357174749550696,0.0,0.0,0.47368421052631576,0.11834319526627218,0.47959183673469385,0.3877551020408163
0.5,0.7101282711164957,0.0,0.0,0.10526315789473684,0.7869822485207101,0.9795918367346937,0.3061224489795918
0.8529411764705883,0.10324246847010052,0.0,0.0,0.42105263157894735,0.8698224852071006,0.38775510204081626,0.9591836734693877
0.2647058823529411,0.595254092214752,0.0,0.0,0.10526315789473684,0.9822485207100592,0.39795918367346933,0.36734693877551017
0.7647058823529411,0.9796093031844164,0.0,0.0,0.05263157894736842,0.272189349112426,0.8571428571428571,0.0
0.5588235294117647,0.07323917065555056,0.0,0.0,0.0,0.9822485207100592,0.4693877551020408,0.9999999999999999
0.3529411764705882,0.9480811955803164,0.0,0.0,0.3157894736842105,0.9289940828402367,0.3571428571428571,0.8775510204081632
0.9411764705882353,0.7658917765226203,0.0,0.0,0.9473684210526315,0.4319526627218935,0.6632653061224489,0.7755102040816326
0.588235294117647,0.6610408956242381,0.0,0.0,0.21052631578947367,0.5502958579881657,0.1530612244897959,0.42857142857142855
0.17647058823529416,0.2860630533470034,0.0,0.0,0.05263157894736842,0.05325443786982248,0.7653061224489796,0.8775510204081632
0.23529411764705888,0.7596643939354782,1.0,0.0,0.47368421052631576,0.30177514792899407,0.9387755102040816,0.673469387755102
0.911764705882353,0.7052327888097855,1.0,0.0,0.8421052631578947,0.29585798816568043,0.7244897959183673,0.8571428571428571
0.2941176470588235,0.46707995050865125,0.0,0.0,0.9473684210526315,0.6745562130177515,0.9387755102040816,0.7142857142857142
0.23529411764705888,0.7523032910844909,1.0,0.0,0.8421052631578947,0.7928994082840237,0.173469387755102,0.673469387755102
0.8529411764705883,0.4327624911810199,0.0,0.0,0.21052631578947367,0.26627218934911245,0.1530612244897959,0.44897959183673464
0.5294117647058824,0.9904087222739312,0.0,0.0,0.6842105263157894,0.7692307692307693,0.4183673469387755,0.836734693877551
0.588235294117647,0.20128311949650224,0.0,0.0,0.21052631578947367,0.8698224852071006,0.7653061224489796,0.24489795918367346
0.4411764705882353,0.008052482295367432,0.0,0.0,0.5789473684210527,0.6982248520710059,0.36734693877551017,0.14285714285714285
0.08823529411764708,0.8368305299788015,0.0,0.0,0.47368421052631576,0.8402366863905325,0.9591836734693877,0.26530612244897955
0.23529411764705888,0.4265054833215025,0.0,0.0,0.2631578947368421,0.30177514792899407,0.520408163265306,0.4897959183673469
0.6176470588235294,0.37715802790579667,0.0,0.0,0.9473684210526315,0.14792899408284024,0.6530612244897959,0.2040816326530612
1.0,0.6254308894998131,0.0,0.0,0.2631578947368421,0.757396449704142,0.1530612244897959,0.04081632653061224
0.38235294117647056,0.08193166183963492,0.0,0.0,0.15789473684210525,0.37869822485207105,0.26530612244897955,0.061224489795918366
0.7941176470588236,0.8234792141973223,0.0,0.0,0.3157894736842105,0.485207100591716,0.01020408163265306,0.26530612244897955
0.38235294117647056,0.41041023856227504,0.0,0.0,0.8421052631578947,0.6982248520710059,0.08163265306122448,0.16326530612244897
0.8823529411764706,0.5483342753345316,0.0,0.0,0.8421052631578947,0.017751479289940836,0.6020408163265305,0.04081632653061224
0.1470588235294118,0.23442471875735804,0.0,0.0,0.05263157894736842,0.3905325443786982,0.7755102040816326,0.7142857142857142
0.9411764705882353,0.07430491023849431,0.0,0.0,0.9473684210526315,0.09467455621301776,0.6224489795918366,0.44897959183673464
0.6764705882352942,0.16277175439874114,1.0,0.0,0.47368421052631576,0.8165680473372782,0.836734693877551,0.7142857142857142
1.0,0.8027310762918762,0.0,0.0,0.631578947368421,0.5207100591715976,0.173469387755102,0.4693877551020408
0.5588235294117647,0.43552422888113823,0.0,0.0,0.21052631578947367,0.9408284023668639,0.7040816326530611,0.061224489795918366
0.5588235294117647,0.9223892840823869,0.0,0.0,0.0,0.7869822485207101,0.8265306122448979,0.1020408163265306
0.7941176470588236,0.4382927145281747,0.0,0.0,1.0,0.7633136094674556,0.16326530612244897,0.14285714285714285
0.05882352941176472,0.7633936541906711,0.0,0.0,1.0,0.14792899408284024,0.7244897959183673,0.7346938775510203
0.02941176470588236,0.7854921049153664,0.0,0.0,0.7894736842105263,0.42603550295857984,0.6530612244897959,0.9999999999999999
0.8823529411764706,0.9804371165154563,0.0,0.0,0.05263157894736842,0.2781065088757396,0.4183673469387755,0.2040816326530612
0.08823529411764708,0.34104441346508,0.0,0.0,0.9473684210526315,0.1893491124260355,0.7244897959183673,0.9999999999999999
0.9411764705882353,0.3823164528619207,0.0,0.0,0.5789473684210527,0.09467455621301776,0.04081632653061224,0.7755102040816326
0.8529411764705883,0.0894196475675181,0.0,0.0,0.2631578947368421,0.03550295857988166,0.3061224489795918,0.4081632653061224
0.3529411764705882,0.22643683554974667,0.0,0.0,0.47368421052631576,0.9763313609467456,0.4183673469387755,0.2040816326530612
0.911764705882353,0.8982393506903259,1.0,0.0,0.8421052631578947,0.46153846153846156,0.6122448979591836,0.9999999999999999
0.2647058823529411,0.6851172283467237,0.0,0.0,0.3684210526315789,0.2781065088757396,0.47959183673469385,0.42857142857142855
0.20588235294117652,0.5757227041940638,0.0,0.0,0.5263157894736842,0.3727810650887574,0.020408163265306124,0.9591836734693877
0.9411764705882353,0.4643676872776181,0.0,0.0,0.10526315789473684,0.5207100591715976,0.7959183673469387,0.8775510204081632
0.8529411764705883,0.7066781781761011,0.0,0.0,0.3684210526315789,0.9704142011834319,0.2857142857142857,0.42857142857142855
0.588235294117647,0.8117016862064735,0.0,0.0,1.0,0.8816568047337279,0.520408163265306,0.8979591836734693
0.9411764705882353,0.0,1.0,0.0,0.0,0.44378698224852076,0.3571428571428571,0.6326530612244897
0.8823529411764706,0.16996824674925498,0.0,0.0,0.2631578947368421,0.07100591715976332,0.9999999999999999,0.7346938775510203
0.7647058823529411,0.38721896278681645,0.0,0.0,0.631578947368421,0.9467455621301776,0.7040816326530611,0.2857142857142857
0.08823529411764708,0.9463364471695129,1.0,0.0,0.631578947368421,0.7396449704142012,0.04081632653061224,0.26530612244897955
0.2647058823529411,0.713768963967557,0.0,0.0,0.05263157894736842,0.5739644970414202,0.43877551020408156,0.6326530612244897
0.05882352941176472,0.6142828460348607,0.0,0.0,0.47368421052631576,0.28402366863905326,0.32653061224489793,0.5918367346938775
0.32352941176470584,0.5783785948676761,0.0,0.0,0.42105263157894735,0.7218934911242604,0.3571428571428571,0.6122448979591836
0.7058823529411764,0.5988240894356873,0.0,0.0,0.10526315789473684,0.1834319526627219,0.520408163265306,0.26530612244897955
0.588235294117647,0.6971879199873919,0.0,0.0,0.2631578947368421,0.04142011834319527,0.07142857142857142,0.1020408163265306
0.8823529411764706,0.044948681884639116,0.0,0.0,0.9473684210526315,0.029585798816568046,0.08163265306122448,0.2040816326530612
0.8235294117647058,0.39777188871905106,1.0,0.0,0.5789473684210527,0.272189349112426,0.2857142857142857,0.42857142857142855
0.08823529411764708,0.18688759400469784,0.0,0.0,0.47368421052631576,0.26627218934911245,0.7040816326530611,0.36734693877551017
0.2941176470588235,0.1637294940059156,0.0,0.0,0.21052631578947367,0.28402366863905326,0.21428571428571425,0.18367346938775508
0.23529411764705888,0.48070078135635314,0.0,0.0,0.2631578947368421,0.5029585798816568,0.04081632653061224,0.26530612244897955
0.6470588235294117,0.4428694776906587,0.0,0.0,0.5263157894736842,0.9349112426035503,0.8265306122448979,0.02040816326530612
0.5588235294117647,0.7681756092123488,0.0,0.0,0.10526315789473684,0.7988165680473372,0.520408163265306,0.6122448979591836
0.8823529411764706,0.7863850514469953,0.0,0.0,0.42105263157894735,0.6686390532544378,0.8061224489795917,0.7346938775510203
0.3529411764705882,0.2570381234207755,0.0,0.0,0.9473684210526315,1.0,0.16326530612244897,0.02040816326530612
0.1470588235294118,0.044560403468361244,0.0,0.0,0.47368421052631576,0.8402366863905325,0.36734693877551017,0.0
0.7352941176470589,0.14439675527643148,0.0,0.0,0.15789473684210525,0.6331360946745562,0.18367346938775508,0.9387755102040816
0.8823529411764706,0.770850703203952,0.0,0.0,0.631578947368421,0.2899408284023669,0.030612244897959183,0.4897959183673469
0.20588235294117652,0.2534511493893119,0.0,0.0,0.05263157894736842,0.0,0.7551020408163265,0.9591836734693877
0.7941176470588236,0.49245677522000586,0.0,0.0,0.631578947368421,0.11834319526627218,0.8061224489795917,0.0
0.4411764705882353,0.5208432943581642,0.0,0.0,0.10526315789473684,0.5739644970414202,0.8571428571428571,0.32653061224489793
0.9411764705882353,0.7259400296279986,0.0,0.0,0.3684210526315789,0.11242603550295857,0.510204081632653,0.0
0.7647058823529411,0.4987276714152287,0.0,0.0,0.3157894736842105,0.16568047337278105,0.0,0.42857142857142855
0.9411764705882353,0.33063126470811943,0.0,0.0,0.7894736842105263,0.29585798816568043,0.9795918367346937,0.6938775510204082
0.8235294117647058,0.6680259899087917,0.0,0.0,0.894736842105263,0.8757396449704142,0.3571428571428571,0.5510204081632653
0.2647058823529411,0.25500562316349124,1.0,0.0,0.2631578947368421,0.863905325443787,0.5306122448979591,0.673469387755102
0.7647058823529411,0.0032850407653290652,0.0,0.0,0.3684210526315789,0.6627218934911243,0.24489795918367346,0.5714285714285714
0.17647058823529416,0.36464222637752935,0.0,0.0,0.9473684210526315,0.36094674556213013,0.030612244897959183,0.4081632653061224
0.47058823529411764,0.87279156393741,0.0,0.0,0.7368421052631579,0.40828402366863903,0.18367346938775508,0.32653061224489793
0.08823529411764708,0.9125429076433754,0.0,0.0,0.8421052631578947,0.20118343195266272,0.04081632653061224,0.8775510204081632
0.5588235294117647,0.3346674924296632,0.0,0.0,0.5789473684210527,0.21301775147928995,0.24489795918367346,0.08163265306122448
0.08823529411764708,0.7221225138686833,0.0,0.0,0.10526315789473684,0.6213017751479291,0.24489795918367346,0.14285714285714285
0.23529411764705888,0.8905920798814975,0.0,0.0,0.2631578947368421,0.5029585798816568,0.48979591836734687,0.42857142857142855
1.0,0.2332337625301033,0.0,0.0,0.7894736842105263,0.6449704142011834,0.673469387755102,0.9387755102040816
0.6176470588235294,0.24006255483383337,0.0,0.0,0.894736842105263,0.9467455621301776,0.24489795918367346,0.9387755102040816
0.8235294117647058,0.28344969098317624,0.0,0.0,0.5789473684210527,0.29585798816568043,0.7551020408163265,0.16326530612244897
0.4411764705882353,0.7985211432897501,0.0,0.0,0.0,0.5325443786982249,0.336734693877551,0.3061224489795918
0.32352941176470584,0.8006001178860778,1.0,0.0,0.631578947368421,0.4497041420118343,0.48979591836734687,0.6122448979591836
0.6470588235294117,0.3865437240664259,0.0,0.0,0.7894736842105263,0.14201183431952663,0.39795918367346933,0.0
0.7941176470588236,0.5127929847324542,0.0,0.0,0.8421052631578947,0.5976331360946746,0.1530612244897959,0.32653061224489793
0.2941176470588235,0.8358549303725826,0.0,0.0,0.10526315789473684,0.4201183431952663,0.9183673469387754,0.8163265306122448
0.05882352941176472,0.8762511607331316,0.0,0.0,0.631578947368421,0.7988165680473372,0.5408163265306122,0.9591836734693877
0.6176470588235294,0.02054902435166233,1.0,0.0,0.47368421052631576,0.04733727810650888,0.4183673469387755,0.6530612244897959
0.5294117647058824,0.27354213619544526,1.0,0.0,0.0,0.8816568047337279,0.336734693877551,0.5918367346938775
0.11764705882352944,0.3632796167718593,0.0,0.0,0.05263157894736842,0.2899408284023669,0.05102040816326531,0.7551020408163265
0.11764705882352944,0.8449714147790619,1.0,0.0,0.9473684210526315,0.8579881656804734,0.9387755102040816,0.2857142857142857
0.5588235294117647,0.4016971675140393,1.0,0.0,0.10526315789473684,0.5857988165680473,0.336734693877551,0.7551020408163265
0.7941176470588236,0.17876560313534642,0.0,0.0,0.05263157894736842,0.5266272189349113,0.346938775510204,0.9999999999999999
0.7941176470588236,0.16336933572571902,0.0,0.0,0.47368421052631576,0.15384615384615385,0.13265306122448978,0.9795918367346939
0.8235294117647058,0.7042161172703673,0.0,0.0,0.15789473684210525,0.1834319526627219,0.693877551020408,0.42857142857142855
0.7058823529411764,0.3492962579972442,0.0,0.0,0.15789473684210525,0.22485207100591717,0.6122448979591836,0.3061224489795918
0.9705882352941175,0.8566570609671527,1.0,0.0,0.8421052631578947,0.5443786982248521,0.836734693877551,0.5306122448979591
0.6470588235294117,0.2649065711067447,1.0,0.0,0.5263157894736842,0.26627218934911245,0.13265306122448978,0.2040816326530612
0.2647058823529411,0.3331650367834871,0.0,0.0,0.894736842105263,0.8106508875739645,0.22448979591836732,0.24489795918367346
0.11764705882352944,0.2527651408722515,0.0,0.0,0.21052631578947367,0.15976331360946747,0.8265306122448979,0.44897959183673464
0.7058823529411764,0.11747807301311829,0.0,0.0,0.0,0.11242603550295857,0.48979591836734687,0.6122448979591836
0.6470588235294117,0.1096289642711282,0.0,0.0,0.05263157894736842,0.36094674556213013,0.5,0.5714285714285714
0.6470588235294117,0.45380533711668425,0.0,0.0,1.0,0.3372781065088757,0.16326530612244897,0.6938775510204082
0.4411764705882353,0.6353453981441981,0.0,0.0,0.3157894736842105,0.6568047337278107,0.13265306122448978,0.36734693877551017
0.2941176470588235,0.43591689588568816,0.0,0.0,0.9473684210526315,0.9053254437869822,0.8265306122448979,0.836734693877551
0.4117647058823529,0.3171882045719459,1.0,0.0,0.15789473684210525,0.591715976331361,0.2346938775510204,0.24489795918367346
0.7352941176470589,0.8574674060838152,0.0,0.0,0.05263157894736842,0.591715976331361,0.1020408163265306,0.6122448979591836
0.8235294117647058,0.20519370986694313,0.0,0.0,0.3157894736842105,0.3905325443786982,0.8877551020408162,0.7755102040816326
0.4117647058823529,0.5303531822375146,0.0,0.0,0.3684210526315789,0.8875739644970414,0.24489795918367346,0.9591836734693877
0.23529411764705888,0.8320071131510617,0.0,0.0,0.05263157894736842,0.9289940828402367,0.6122448979591836,0.14285714285714285
0.7352941176470589,0.48592727469524516,0.0,0.0,0.9473684210526315,0.3431952662721893,0.4081632653061224,0.14285714285714285
0.5,0.03214062852701653,0.0,0.0,0.5789473684210527,0.3550295857988166,0.7040816326530611,0.04081632653061224
0.5588235294117647,0.911239450859253,0.0,0.0,0.2631578947368421,0.31360946745562135,0.8775510204081631,0.5102040816326531
0.6470588235294117,0.7830684943733979,0.0,0.0,0.3684210526315789,0.9940828402366865,0.47959183673469385,0.04081632653061224
0.5,0.35500762615185116,0.0,0.0,0.5263157894736842,0.3550295857988166,0.43877551020408156,0.4081632653061224
0.9411764705882353,0.7457857272891764,0.0,0.0,0.7368421052631579,0.7751479289940828,0.48979591836734687,0.8163265306122448
0.2941176470588235,0.27443523105143836,1.0,0.0,0.2631578947368421,0.3372781065088757,0.7653061224489796,0.04081632653061224
1.0,0.8501782408894694,0.0,0.0,0.05263157894736842,0.5739644970414202,0.836734693877551,0.8979591836734693
0.4411764705882353,0.911471206699596,0.0,0.0,0.3157894736842105,0.4970414201183432,0.520408163265306,0.7755102040816326
0.6470588235294117,0.5026191823288936,0.0,0.0,0.8421052631578947,0.47337278106508873,0.11224489795918367,0.24489795918367346
0.11764705882352944,0.35114020890074726,0.0,0.0,0.631578947368421,0.3195266272189349,0.510204081632653,0.8979591836734693
0.0,0.43201214134659427,0.0,0.0,0.42105263157894735,0.7337278106508875,0.26530612244897955,0.6530612244897959
0.9705882352941175,0.3345736380010536,0.0,0.0,0.10526315789473684,0.9644970414201183,0.673469387755102,0.04081632653061224
0.8529411764705883,0.9146823713482582,0.0,0.0,0.9473684210526315,0.8106508875739645,0.7448979591836734,0.061224489795918366
0.20588235294117652,0.694283748514239,1.0,0.0,0.7894736842105263,0.14201183431952663,0.44897959183673464,0.3877551020408163
0.0,0.7671228667524888,1.0,0.0,0.894736842105263,0.22485207100591717,0.9081632653061223,0.6326530612244897
0.5294117647058824,0.26545401789348216,0.0,0.0,0.5789473684210527,0.8520710059171598,0.07142857142857142,0.836734693877551
0.4117647058823529,0.7544235100205262,0.0,0.0,0.9473684210526315,0.22485207100591717,0.9387755102040816,0.04081632653061224
0.7352941176470589,0.7482823279765274,0.0,0.0,0.10526315789473684,0.9585798816568046,0.09183673469387754,0.4897959183673469
0.08823529411764708,0.08432253693408027,0.0,0.0,0.47368421052631576,0.22485207100591717,0.47959183673469385,0.44897959183673464
0.05882352941176472,0.22552271210025043,1.0,0.0,0.10526315789473684,0.6331360946745562,0.7551020408163265,0.22448979591836732
0.05882352941176472,0.3417997940871158,0.0,0.0,0.3157894736842105,0.34911242603550297,0.8163265306122448,0.24489795918367346
0.17647058823529416,0.6980615783443247,1.0,0.0,0.8421052631578947,0.07692307692307693,0.8571428571428571,0.04081632653061224
0.11764705882352944,0.8389974899712724,0.0,0.0,0.5789473684210527,0.4319526627218935,0.16326530612244897,0.3061224489795918
0.4117647058823529,0.7304194857998423,0.0,0.0,0.894736842105263,0.44378698224852076,0.9285714285714285,0.7346938775510203
0.6764705882352942,0.6360559156727338,0.0,0.0,0.631578947368421,0.15976331360946747,0.3571428571428571,0.061224489795918366
0.6176470588235294,0.10531995229480529,0.0,0.0,0.05263157894736842,0.11834319526627218,0.9999999999999999,0.42857142857142855
0.05882352941176472,0.36997579718082285,0.0,0.0,0.9473684210526315,0.6213017751479291,0.08163265306122448,0.5714285714285714
0.9705882352941175,0.09832841259774065,0.0,0.0,0.8421052631578947,0.9822485207100592,0.19387755102040813,0.42857142857142855
0.6176470588235294,0.11020432925728144,0.0,0.0,0.21052631578947367,0.8402366863905325,0.520408163265306,0.1020408163265306
0.7941176470588236,0.6328874072900397,1.0,0.0,0.15789473684210525,0.8165680473372782,0.04081632653061224,0.1020408163265306
0.6470588235294117,0.44204199625699997,0.0,0.0,0.3684210526315789,0.9881656804733728,0.6326530612244897,0.9999999999999999
0.6764705882352942,0.8704831719815518,1.0,0.0,0.2631578947368421,0.3076923076923077,0.6836734693877551,0.673469387755102
0.2647058823529411,0.8179620931737235,0.0,0.0,1.0,0.39644970414201186,0.14285714285714282,0.6530612244897959
0.47058823529411764,0.4239017068170765,0.0,0.0,0.0,0.3905325443786982,0.31632653061224486,0.0
0.17647058823529416,0.13152228923142512,1.0,0.0,0.42105263157894735,0.6686390532544378,0.9591836734693877,0.14285714285714285
0.1470588235294118,0.7986218528631223,0.0,0.0,0.8421052631578947,0.20118343195266272,0.9693877551020408,0.3877551020408163
0.11764705882352944,0.501389530389996,0.0,0.0,0.894736842105263,0.6153846153846154,0.0,0.9183673469387754
0.6470588235294117,0.5100179277709279,0.0,0.0,0.0,0.14201183431952663,0.173469387755102,0.36734693877551017
0.2941176470588235,0.49007784591190534,0.0,0.0,0.3684210526315789,0.5798816568047337,0.7755102040816326,0.3877551020408163
0.20588235294117652,0.02494701197698923,0.0,0.0,0.631578947368421,0.07100591715976332,0.9591836734693877,0.9387755102040816
0.05882352941176472,0.2500933646029831,0.0,0.0,0.21052631578947367,0.17751479289940827,0.336734693877551,0.02040816326530612
0.8823529411764706,0.8163301594906314,0.0,0.0,0.0,0.5739644970414202,0.22448979591836732,0.44897959183673464
0.02941176470588236,0.694022039084105,0.0,0.0,0.8421052631578947,0.5562130177514794,0.9591836734693877,0.4081632653061224
0.7058823529411764,0.2911040236759039,0.0,0.0,0.5263157894736842,0.4319526627218935,0.3061224489795918,0.5102040816326531
0.8235294117647058,0.9915395928518439,0.0,0.0,0.9473684210526315,0.9053254437869822,0.16326530612244897,0.0
0.6764705882352942,0.7463856155021588,1.0,0.0,0.10526315789473684,0.15976331360946747,0.6326530612244897,0.14285714285714285
0.11764705882352944,0.8730618308852444,0.0,0.0,0.5789473684210527,0.05325443786982248,0.18367346938775508,0.3877551020408163
0.05882352941176472,0.26996899179120887,0.0,0.0,0.3684210526315789,0.5621301775147929,0.9693877551020408,0.4081632653061224
0.8823529411764706,0.1320937753073028,0.0,0.0,0.7894736842105263,0.24260355029585798,0.6632653061224489,0.02040816326530612
0.3529411764705882,0.07868305227024916,0.0,0.0,0.8421052631578947,0.5680473372781065,0.8775510204081631,0.42857142857142855
0.5,0.8476652225994612,1.0,0.0,0.47368421052631576,0.7337278106508875,0.8979591836734693,0.0
0.11764705882352944,0.7090253834830341,0.0,0.0,0.8421052631578947,0.08875739644970415,0.3061224489795918,0.7959183673469387
0.1470588235294118,0.5332808114219384,1.0,0.0,0.47368421052631576,0.19526627218934908,0.4591836734693877,0.0
0.17647058823529416,0.5471042647411697,0.0,0.0,0.6842105263157894,0.9763313609467456,0.48979591836734687,0.9183673469387754
0.7058823529411764,0.49710992141608407,0.0,0.0,0.3157894736842105,0.7455621301775148,0.4081632653061224,0.7755102040816326
0.5294117647058824,0.9475181568155276,0.0,0.0,0.7368421052631579,0.11834319526627218,0.36734693877551017,0.4693877551020408
0.6764705882352942,0.11808204629530915,0.0,0.0,0.15789473684210525,0.6863905325443788,0.693877551020408,0.18367346938775508
0.3529411764705882,0.7241146672861473,0.0,0.0,0.8421052631578947,0.2781065088757396,0.9081632653061223,0.5918367346938775
0.5588235294117647,0.9264281819489194,0.0,0.0,0.3157894736842105,0.8106508875739645,0.16326530612244897,0.7346938775510203
0.8235294117647058,0.4155896952289819,1.0,0.0,0.05263157894736842,0.6804733727810651,0.09183673469387754,0.673469387755102
0.17647058823529416,0.30555709101899237,0.0,0.0,0.5263157894736842,0.9289940828402367,0.6326530612244897,0.5306122448979591
0.23529411764705888,0.3820695121337432,0.0,0.0,0.3684210526315789,0.07692307692307693,0.5918367346938775,0.6326530612244897
0.4411764705882353,0.24788474468106375,0.0,0.0,0.631578947368421,0.07692307692307693,0.8775510204081631,0.6938775510204082
0.47058823529411764,0.6027378973331204,0.0,0.0,1.0,0.9881656804733728,0.6632653061224489,0.36734693877551017
0.6470588235294117,0.25169389908811113,1.0,0.0,0.7368421052631579,0.6745562130177515,0.44897959183673464,0.8775510204081632
0.05882352941176472,0.2140046555126859,0.0,0.0,0.15789473684210525,0.13609467455621302,0.6326530612244897,0.5306122448979591
0.6176470588235294,0.716318930849937,1.0,0.0,0.7368421052631579,0.7159763313609467,0.01020408163265306,0.3469387755102041
0.7941176470588236,0.49917633228457997,0.0,0.0,0.8421052631578947,0.30177514792899407,0.38775510204081626,0.061224489795918366
0.6470588235294117,0.5750836958629307,0.0,0.0,0.0,0.7514792899408285,0.9693877551020408,0.061224489795918366
0.11764705882352944,0.11876393750583664,0.0,0.0,0.894736842105263,0.2366863905325444,0.9897959183673468,0.9387755102040816
0.5294117647058824,0.8406217905958213,0.0,0.0,0.3157894736842105,0.9526627218934912,0.173469387755102,0.061224489795918366
0.911764705882353,0.879250301681468,0.0,0.0,0.5263157894736842,0.6153846153846154,0.8163265306122448,0.5306122448979591
0.02941176470588236,0.6554530743704678,1.0,0.0,0.8421052631578947,0.4201183431952663,0.04081632653061224,0.0
0.8235294117647058,0.9886809029802052,0.0,0.0,0.5789473684210527,0.2071005917159763,0.7448979591836734,0.14285714285714285
0.5,0.7771009309012253,0.0,0.0,0.8421052631578947,0.28402366863905326,0.6326530612244897,0.4897959183673469
0.7647058823529411,0.12215578850591562,1.0,0.0,0.7368421052631579,0.023668639053254434,0.13265306122448978,0.4897959183673469
0.08823529411764708,0.8817893229046536,0.0,0.0,0.8421052631578947,0.6094674556213018,0.061224489795918366,0.8163265306122448
0.1470588235294118,0.564556136715296,0.0,0.0,0.894736842105263,0.47337278106508873,0.6122448979591836,0.7551020408163265
0.7647058823529411,0.15804009131511373,1.0,0.0,0.894736842105263,0.21893491124260353,0.48979591836734687,0.3877551020408163
0.8529411764705883,0.9951207281686696,0.0,0.0,0.8421052631578947,0.7159763313609467,0.0,0.4081632653061224
0.11764705882352944,0.4162600368840112,0.0,0.0,0.05263157894736842,0.4556213017751479,0.9387755102040816,0.04081632653061224
0.911764705882353,0.3814593918902188,0.0,0.0,1.0,0.011834319526627224,0.48979591836734687,0.22448979591836732
0.2941176470588235,0.2352240252109934,0.0,0.0,0.21052631578947367,0.9053254437869822,0.5,0.9795918367346939
0.05882352941176472,0.5681854184524493,0.0,0.0,1.0,0.44378698224852076,0.7142857142857142,0.8163265306122448
0.6470588235294117,0.4459655739915083,0.0,0.0,0.5789473684210527,0.9822485207100592,0.13265306122448978,0.08163265306122448
0.32352941176470584,0.38638760208265555,1.0,0.0,0.10526315789473684,0.893491124260355,0.061224489795918366,0.8163265306122448
0.23529411764705888,0.8288621134404498,0.0,0.0,0.8421052631578947,0.011834319526627224,0.36734693877551017,0.14285714285714285
0.2941176470588235,0.4884048435323379,0.0,0.0,0.21052631578947367,0.7218934911242604,0.43877551020408156,0.7755102040816326
0.588235294117647,0.6191634874740222,0.0,0.0,0.42105263157894735,0.4201183431952663,0.9591836734693877,0.8163265306122448
0.1470588235294118,0.7693642009442129,0.0,0.0,0.8421052631578947,0.9763313609467456,0.173469387755102,0.8571428571428571
0.7941176470588236,0.09433368936256244,0.0,0.0,0.47368421052631576,0.46153846153846156,0.09183673469387754,0.7959183673469387
0.5588235294117647,0.1275700772079619,0.0,0.0,0.631578947368421,0.4378698224852071,0.11224489795918367,0.4693877551020408
0.5294117647058824,0.7292219549041887,0.0,0.0,0.7894736842105263,0.4556213017751479,0.9795918367346937,0.5714285714285714
0.05882352941176472,0.48820858591074395,0.0,0.0,0.3157894736842105,0.5976331360946746,0.7551020408163265,0.7346938775510203
0.20588235294117652,0.7310650695109504,0.0,0.0,0.10526315789473684,0.485207100591716,0.11224489795918367,0.9795918367346939
0.911764705882353,0.9264592789666117,0.0,0.0,0.15789473684210525,0.7633136094674556,0.14285714285714282,0.7142857142857142
0.6764705882352942,0.359156536889411,1.0,0.0,0.05263157894736842,0.4319526627218935,0.9795918367346937,0.2040816326530612
0.02941176470588236,0.5682588830683047,0.0,0.0,0.47368421052631576,0.7928994082840237,0.1530612244897959,0.7755102040816326
0.2647058823529411,0.30977581065828563,0.0,0.0,0.9473684210526315,0.7159763313609467,0.09183673469387754,0.061224489795918366
1.0,0.14930553004819805,1.0,0.0,0.0,0.11834319526627218,0.7244897959183673,0.9999999999999999
0.9411764705882353,0.4525513597151192,0.0,0.0,0.8421052631578947,0.0,0.061224489795918366,0.6530612244897959
0.4411764705882353,0.8318994881627937,0.0,0.0,1.0,0.7751479289940828,0.030612244897959183,0.836734693877551
0.6176470588235294,0.8195373983434008,0.0,0.0,0.47368421052631576,0.9704142011834319,0.7653061224489796,0.42857142857142855
0.17647058823529416,0.2271429291695011,0.0,0.0,0.3684210526315789,0.5857988165680473,0.8163265306122448,0.9795918367346939
0.9705882352941175,0.0060805746944164575,0.0,0.0,0.7368421052631579,0.05917159763313609,0.14285714285714282,0.6122448979591836
0.17647058823529416,0.20612045471639961,0.0,0.0,0.7894736842105263,0.5562130177514794,0.673469387755102,0.4081632653061224
0.23529411764705888,0.11095797914707749,1.0,0.0,0.0,0.6745562130177515,0.7040816326530611,0.3877551020408163
0.23529411764705888,0.49982030340865274,0.0,0.0,0.8421052631578947,0.9230769230769231,0.24489795918367346,0.36734693877551017
0.08823529411764708,0.5333317708564866,1.0,0.0,0.10526315789473684,0.5680473372781065,0.9285714285714285,0.04081632653061224
0.7941176470588236,0.813533307305107,1.0,0.0,0.47368421052631576,0.5266272189349113,0.6224489795918366,0.04081632653061224
0.588235294117647,0.18697491496587051,1.0,0.0,0.7368421052631579,0.3254437869822485,0.7448979591836734,0.8775510204081632
0.32352941176470584,0.00438292816747608,1.0,0.0,0.5789473684210527,0.3076923076923077,0.5,0.7142857142857142
0.7058823529411764,0.8446974899690161,0.0,0.0,0.7894736842105263,0.2899408284023669,0.4081632653061224,0.5714285714285714
0.08823529411764708,0.4986996077382781,0.0,0.0,0.3684210526315789,0.44378698224852076,0.510204081632653,0.7551020408163265
0.0,0.2771213449829303,1.0,0.0,0.5263157894736842,0.5680473372781065,0.8979591836734693,0.42857142857142855
0.2647058823529411,0.400888481896599,0.0,0.0,0.5789473684210527,0.29585798816568043,0.6632653061224489,0.08163265306122448
0.47058823529411764,0.46587306312429716,1.0,0.0,0.7894736842105263,0.6745562130177515,0.336734693877551,0.5918367346938775
0.6176470588235294,0.46314120029812816,1.0,0.0,0.42105263157894735,0.9881656804733728,0.31632653061224486,0.44897959183673464
0.38235294117647056,0.0072922613777844,0.0,0.0,0.7368421052631579,0.5029585798816568,0.5408163265306122,0.08163265306122448
0.8823529411764706,0.1180337959826539,0.0,0.0,0.3684210526315789,0.8757396449704142,0.8061224489795917,0.7959183673469387
0.4117647058823529,0.6605818366909894,0.0,0.0,0.9473684210526315,0.44378698224852076,0.061224489795918366,0.16326530612244897
0.7058823529411764,0.20131980293286375,0.0,0.0,0.0,0.7218934911242604,0.061224489795918366,0.4897959183673469
0.5588235294117647,0.12159554016638678,0.0,0.0,0.05263157894736842,0.6568047337278107,0.030612244897959183,0.4693877551020408
0.6764705882352942,0.07266433395488837,0.0,0.0,0.3157894736842105,0.6863905325443788,0.38775510204081626,0.061224489795918366
0.8529411764705883,0.8663214424366377,0.0,0.0,0.15789473684210525,0.7633136094674556,0.2346938775510204,0.9999999999999999
0.08823529411764708,0.394766515935404,0.0,0.0,0.2631578947368421,0.47928994082840237,0.6122448979591836,0.8775510204081632
0.0,0.012975503618021689,0.0,0.0,0.42105263157894735,0.029585798816568046,0.07142857142857142,0.7346938775510203
0.6470588235294117,0.3691127735710362,0.0,0.0,1.0,0.6449704142011834,0.39795918367346933,0.8979591836734693
0.8235294117647058,0.06746759598705437,0.0,0.0,0.8421052631578947,0.7633136094674556,0.846938775510204,0.7346938775510203
0.17647058823529416,0.8273052628667222,0.0,0.0,0.3684210526315789,0.10059171597633135,0.32653061224489793,0.9183673469387754
0.6764705882352942,0.6034852268877701,0.0,0.0,0.5789473684210527,0.4556213017751479,0.4693877551020408,0.7551020408163265
0.911764705882353,0.8965894576626263,0.0,0.0,0.7368421052631579,0.44378698224852076,0.6224489795918366,0.1020408163265306
0.20588235294117652,0.7723245708661044,0.0,0.0,0.631578947368421,0.5443786982248521,0.5,0.836734693877551
0.17647058823529416,0.1742327839755568,0.0,0.0,0.9473684210526315,0.11242603550295857,0.2551020408163265,0.32653061224489793
0.6764705882352942,0.996712042137343,0.0,0.0,0.5789473684210527,0.5088757396449705,0.8775510204081631,0.8775510204081632
0.7647058823529411,0.13144110891617236,0.0,0.0,0.9473684210526315,0.6213017751479291,0.31632653061224486,0.9999999999999999
0.5294117647058824,0.18740127485208297,0.0,0.0,0.5789473684210527,0.9881656804733728,0.7755102040816326,0.02040816326530612
0.8529411764705883,0.7082002080110563,0.0,0.0,0.6842105263157894,0.6923076923076923,0.5918367346938775,0.8979591836734693
0.8823529411764706,0.15962588795882285,0.0,0.0,0.5263157894736842,0.6331360946745562,0.7551020408163265,0.18367346938775508
1.0,0.8934434544403312,0.0,0.0,0.3157894736842105,0.6923076923076923,0.2040816326530612,0.4897959183673469
0.11764705882352944,0.9131003057277314,1.0,0.0,0.2631578947368421,0.6863905325443788,0.4591836734693877,0.6530612244897959
0.20588235294117652,0.29609256967481995,0.0,0.0,0.3684210526315789,0.6272189349112426,0.5,0.8163265306122448
0.7058823529411764,0.26211463583369055,0.0,0.0,0.7368421052631579,0.727810650887574,0.5714285714285714,0.2857142857142857
0.20588235294117652,0.02379177629197298,0.0,0.0,0.3684210526315789,0.1242603550295858,0.4591836734693877,0.22448979591836732
0.3529411764705882,0.9157225311691226,0.0,0.0,0.42105263157894735,0.2899408284023669,0.26530612244897955,0.04081632653061224
0.4117647058823529,0.6174139342099179,0.0,0.0,0.6842105263157894,0.9467455621301776,0.836734693877551,0.26530612244897955
0.7941176470588236,0.23432288373075463,1.0,0.0,0.10526315789473684,0.13609467455621302,0.8163265306122448,0.0
0.5,0.45126729312040503,0.0,0.0,1.0,0.6745562130177515,0.5306122448979591,0.04081632653061224
0.02941176470588236,0.33481803252669706,0.0,0.0,0.7894736842105263,0.14792899408284024,0.6428571428571428,0.6122448979591836
0.4117647058823529,0.7326929957808864,0.0,0.0,0.2631578947368421,0.47337278106508873,0.08163265306122448,0.12244897959183673
0.2647058823529411,0.3698890908743704,0.0,0.0,0.7368421052631579,0.2781065088757396,0.9795918367346937,0.26530612244897955
0.20588235294117652,0.8032744321384236,0.0,0.0,0.6842105263157894,0.7041420118343196,0.8775510204081631,0.18367346938775508
0.7647058823529411,0.4716475582269787,0.0,0.0,0.0,0.5857988165680473,0.693877551020408,0.08163265306122448
0.5294117647058824,0.8693465953598281,0.0,0.0,0.42105263157894735,0.37869822485207105,0.4693877551020408,0.9795918367346939
0.17647058823529416,0.4308443191108684,0.0,0.0,0.2631578947368421,0.9289940828402367,0.336734693877551,0.1020408163265306
0.02941176470588236,0.5743354648037189,1.0,0.0,0.7368421052631579,0.5443786982248521,0.5408163265306122,0.8979591836734693
0.6176470588235294,0.1869189852130822,0.0,0.0,0.5789473684210527,0.8106508875739645,0.24489795918367346,0.22448979591836732
0.6470588235294117,0.3006733175798691,0.0,0.0,0.7894736842105263,0.7514792899408285,0.08163265306122448,0.4693877551020408
0.02941176470588236,0.3857552009080182,0.0,0.0,0.42105263157894735,0.7928994082840237,0.1530612244897959,0.7142857142857142
0.20588235294117652,0.5757296269195088,0.0,0.0,0.631578947368421,0.37869822485207105,0.8571428571428571,0.6938775510204082
0.6176470588235294,0.944914582996457,0.0,0.0,0.47368421052631576,0.9644970414201183,0.5816326530612245,0.04081632653061224
0.1470588235294118,0.20807039683427198,0.0,0.0,0.3684210526315789,0.9940828402366865,0.43877551020408156,0.5510204081632653
0.2941176470588235,0.7717961000548612,0.0,0.0,0.21052631578947367,0.14792899408284024,0.2551020408163265,0.7755102040816326
0.9411764705882353,0.47190725271429684,0.0,0.0,0.42105263157894735,0.9644970414201183,0.13265306122448978,0.24489795918367346
0.02941176470588236,0.25620230142556305,0.0,0.0,0.894736842105263,0.8224852071005917,0.4591836734693877,0.32653061224489793
0.08823529411764708,0.15288145340931275,1.0,0.0,0.3684210526315789,0.2781065088757396,0.31632653061224486,0.8163265306122448
0.588235294117647,0.06845532448660172,0.0,0.0,0.05263157894736842,0.4023668639053254,0.08163265306122448,0.4081632653061224
0.8235294117647058,0.26394208769309035,0.0,0.0,0.7894736842105263,0.41420118343195267,0.24489795918367346,0.0
0.5,0.10314648336749872,0.0,0.0,0.3684210526315789,0.37869822485207105,0.510204081632653,0.08163265306122448
0.7941176470588236,0.9086388723739774,0.0,0.0,0.42105263157894735,0.6627218934911243,0.9183673469387754,0.836734693877551
0.6176470588235294,0.12876066166213382,0.0,0.0,0.05263157894736842,0.7692307692307693,0.7448979591836734,0.2040816326530612
0.4117647058823529,0.12074827824557734,0.0,0.0,0.631578947368421,0.49112426035502965,0.2551020408163265,0.9387755102040816
0.23529411764705888,0.8301364537475877,1.0,0.0,0.2631578947368421,0.20118343195266272,0.7448979591836734,0.8775510204081632
0.7647058823529411,0.3872493114318564,0.0,0.0,0.7368421052631579,0.5680473372781065,0.030612244897959183,0.3877551020408163
0.5,0.9106713857428876,0.0,0.0,0.5263157894736842,0.0,0.1530612244897959,0.673469387755102
0.5294117647058824,0.8429797026847966,1.0,0.0,0.5789473684210527,0.3846153846153846,0.7959183673469387,0.24489795918367346
0.9705882352941175,0.39231953236849243,0.0,0.0,1.0,0.17159763313609466,0.08163265306122448,0.5102040816326531
0.6764705882352942,0.7045156632931078,0.0,0.0,0.5263157894736842,0.07100591715976332,0.4591836734693877,0.5102040816326531
0.5,0.46664093571771614,0.0,0.0,0.47368421052631576,0.5207100591715976,0.9081632653061223,0.673469387755102
0.02941176470588236,0.47766961866872343,0.0,0.0,0.2631578947368421,0.1893491124260355,0.22448979591836732,0.5102040816326531
0.6764705882352942,0.21286503910685187,1.0,0.0,0.2631578947368421,0.591715976331361,0.346938775510204,0.08163265306122448
0.2941176470588235,0.6664607170114636,0.0,0.0,0.5263157894736842,0.31360946745562135,0.520408163265306,0.18367346938775508
0.02941176470588236,0.3963655781546297,0.0,0.0,0.894736842105263,0.5798816568047337,0.5816326530612245,0.3061224489795918
0.2941176470588235,0.8099758062246679,1.0,0.0,0.05263157894736842,0.1834319526627219,0.9795918367346937,0.32653061224489793
0.2647058823529411,0.049845213314967246,1.0,0.0,0.7368421052631579,0.3668639053254438,0.21428571428571425,0.9183673469387754
0.7352941176470589,0.22767572343318368,0.0,0.0,0.3684210526315789,0.7455621301775148,0.6632653061224489,0.42857142857142855
0.7941176470588236,0.947035688558276,1.0,0.0,0.631578947368421,0.5798816568047337,0.7755102040816326,0.2857142857142857
0.7352941176470589,0.8269176743340341,0.0,0.0,0.0,0.42603550295857984,0.5714285714285714,0.6122448979591836
1.0,0.2976040730207048,0.0,0.0,0.3684210526315789,0.5443786982248521,0.48979591836734687,0.1020408163265306
0.7058823529411764,0.20483174645568436,0.0,0.0,0.15789473684210525,0.3076923076923077,0.7755102040816326,0.42857142857142855
0.9411764705882353,0.04072127591733379,0.0,0.0,0.0,0.3668639053254438,0.2040816326530612,0.5510204081632653
1.0,0.9584767664769662,0.0,0.0,0.6842105263157894,0.15976331360946747,0.5306122448979591,0.8571428571428571
0.9411764705882353,0.43279132217020333,0.0,0.0,0.9473684210526315,0.9644970414201183,0.43877551020408156,0.4693877551020408
0.11764705882352944,0.26262318507102944,0.0,0.0,0.5789473684210527,0.7928994082840237,0.8775510204081631,0.7551020408163265
0.11764705882352944,0.3412960630663429,0.0,0.0,0.2631578947368421,0.21301775147928995,0.7755102040816326,0.18367346938775508
0.5294117647058824,0.6441693331131051,0.0,0.0,0.15789473684210525,0.7396449704142012,0.12244897959183672,0.061224489795918366
0.02941176470588236,1.0000000000000002,1.0,0.0,0.47368421052631576,0.28402366863905326,0.44897959183673464,0.6326530612244897
0.7352941176470589,0.2887473732244609,0.0,0.0,0.10526315789473684,0.9467455621301776,0.8979591836734693,0.673469387755102
0.8235294117647058,0.9458357730218449,0.0,0.0,0.0,0.7988165680473372,0.2959183673469387,0.6530612244897959
0.5,0.7031916498636137,1.0,0.0,0.21052631578947367,0.9644970414201183,0.42857142857142855,0.02040816326530612
0.0,0.11334925277875596,0.0,0.0,0.5263157894736842,0.9822485207100592,0.8571428571428571,0.6122448979591836
0.7647058823529411,0.2793447047694832,0.0,0.0,0.47368421052631576,0.2366863905325444,0.061224489795918366,0.42857142857142855
0.5588235294117647,0.7064631587081531,0.0,0.0,0.5789473684210527,0.2071005917159763,0.8571428571428571,0.04081632653061224
0.7058823529411764,0.1772000034214976,0.0,0.0,0.05263157894736842,0.017751479289940836,0.38775510204081626,0.5306122448979591
1.0,0.6035382689324245,1.0,0.0,0.6842105263157894,0.8461538461538461,0.346938775510204,0.08163265306122448
0.20588235294117652,0.46736045606602483,1.0,0.0,0.21052631578947367,0.5384615384615384,0.8061224489795917,0.12244897959183673
0.08823529411764708,0.561578895077551,0.0,0.0,0.42105263157894735,0.6627218934911243,0.8061224489795917,0.8571428571428571
0.7941176470588236,0.898451161945383,0.0,0.0,0.631578947368421,0.41420118343195267,0.9999999999999999,0.9183673469387754
0.4117647058823529,0.5224223768851038,0.0,0.0,0.3684210526315789,0.9940828402366865,0.6836734693877551,0.6530612244897959
0.7352941176470589,0.46905241882261417,1.0,0.0,0.894736842105263,0.3668639053254438,0.9795918367346937,0.7551020408163265
0.8529411764705883,0.853486743021171,0.0,0.0,0.3157894736842105,0.8165680473372782,0.8775510204081631,0.5510204081632653
0.3529411764705882,0.5564330298149394,1.0,0.0,0.6842105263157894,0.8757396449704142,0.32653061224489793,0.5306122448979591
0.8235294117647058,0.6736413072552668,0.0,0.0,0.0,0.6449704142011834,0.1020408163265306,0.4897959183673469
0.23529411764705888,0.08036713758930172,0.0,0.0,0.7368421052631579,0.36094674556213013,0.7142857142857142,0.9999999999999999
0.4411764705882353,0.5520682127914068,0.0,0.0,0.21052631578947367,0.1242603550295858,0.5408163265306122,0.0
0.20588235294117652,0.5704005460591324,0.0,0.0,1.0,0.8816568047337279,0.7142857142857142,0.18367346938775508
0.4117647058823529,0.6045219779192131,0.0,0.0,0.47368421052631576,0.9822485207100592,0.9489795918367346,0.6938775510204082
0.9705882352941175,0.5600626269911536,0.0,0.0,0.631578947368421,0.4556213017751479,0.7142857142857142,0.14285714285714285
0.02941176470588236,0.919804435161543,0.0,0.0,0.9473684210526315,0.3550295857988166,0.19387755102040813,0.5918367346938775
0.4117647058823529,0.7422540407239466,0.0,0.0,0.9473684210526315,0.6390532544378699,0.43877551020408156,0.9183673469387754
0.8529411764705883,0.14239086261303346,0.0,0.0,0.6842105263157894,0.1834319526627219,0.5510204081632653,0.6938775510204082
0.7058823529411764,0.7640025608633512,1.0,0.0,0.5789473684210527,0.5621301775147929,0.673469387755102,0.5306122448979591
0.9411764705882353,0.8951586977092031,0.0,0.0,0.894736842105263,0.1893491124260355,0.030612244897959183,0.4693877551020408
0.8823529411764706,0.42687985200811907,1.0,0.0,0.7368421052631579,0.7396449704142012,0.520408163265306,0.44897959183673464
0.38235294117647056,0.1964252765566975,1.0,0.0,0.631578947368421,0.5325443786982249,0.9897959183673468,0.6326530612244897
0.3529411764705882,0.3693623516810259,1.0,0.0,0.3157894736842105,0.17159763313609466,0.9285714285714285,0.9795918367346939
1.0,0.6235871618061157,0.0,0.0,0.894736842105263,0.3254437869822485,0.04081632653061224,0.9591836734693877
0.02941176470588236,0.21608890839406616,0.0,0.0,0.3157894736842105,0.14792899408284024,0.6224489795918366,0.3469387755102041
0.6470588235294117,0.21003467510699914,0.0,0.0,0.9473684210526315,0.05325443786982248,0.1020408163265306,0.24489795918367346
0.3529411764705882,0.47333351411053004,0.0,0.0,0.894736842105263,0.727810650887574,0.346938775510204,0.3469387755102041
0.20588235294117652,0.45933749549549885,0.0,0.0,0.894736842105263,0.7988165680473372,0.7244897959183673,0.44897959183673464
0.5,0.026982388011318956,0.0,0.0,0.5263157894736842,0.2603550295857988,0.26530612244897955,0.08163265306122448
0.7941176470588236,0.32625413034771034,0.0,0.0,0.42105263157894735,0.08875739644970415,0.37755102040816324,0.1020408163265306
0.11764705882352944,0.014458063236336895,0.0,0.0,0.15789473684210525,0.15976331360946747,0.48979591836734687,0.4081632653061224
0.911764705882353,0.4782060452080823,0.0,0.0,0.631578947368421,0.757396449704142,0.7142857142857142,0.3469387755102041
0.32352941176470584,0.8529539442188327,0.0,0.0,1.0,0.8224852071005917,0.4591836734693877,0.5306122448979591
0.911764705882353,0.15030076904387632,0.0,0.0,0.7368421052631579,0.08875739644970415,0.6020408163265305,0.3061224489795918
0.9411764705882353,0.5349965995920152,0.0,0.0,0.894736842105263,0.9881656804733728,0.6326530612244897,0.36734693877551017
0.8529411764705883,0.16631750121112385,0.0,0.0,0.2631578947368421,0.7041420118343196,0.4591836734693877,0.32653061224489793
0.7058823529411764,0.4094318502748677,1.0,0.0,0.6842105263157894,0.5621301775147929,0.07142857142857142,0.9387755102040816
0.17647058823529416,0.36105802644537976,0.0,0.0,0.3684210526315789,0.6627218934911243,0.030612244897959183,0.26530612244897955
0.2647058823529411,0.326507755337492,0.0,0.0,0.5263157894736842,0.485207100591716,0.39795918367346933,0.836734693877551
0.32352941176470584,0.6652818219047771,0.0,0.0,0.3157894736842105,0.2603550295857988,0.26530612244897955,0.9999999999999999
0.0,0.7456696906936766,0.0,0.0,0.7894736842105263,0.4556213017751479,0.8775510204081631,0.32653061224489793
0.5,0.12058293496637823,1.0,0.0,0.3684210526315789,0.20118343195266272,0.9489795918367346,0.2040816326530612
0.11764705882352944,0.9087592696015744,0.0,0.0,0.5263157894736842,0.17159763313609466,0.6836734693877551,0.8571428571428571
0.1470588235294118,0.6993307247022774,0.0,0.0,0.42105263157894735,0.3254437869822485,0.36734693877551017,0.18367346938775508
0.02941176470588236,0.36719403480161816,0.0,0.0,0.15789473684210525,0.727810650887574,0.7040816326530611,0.8979591836734693
0.6470588235294117,0.2094756575109778,1.0,0.0,1.0,0.3550295857988166,0.38775510204081626,0.7551020408163265
0.588235294117647,0.3139486850119232,0.0,0.0,0.7894736842105263,0.24260355029585798,0.6020408163265305,0.26530612244897955
0.7647058823529411,0.26619853443374986,0.0,0.0,0.3684210526315789,0.9467455621301776,0.18367346938775508,0.14285714285714285
0.4117647058823529,0.6763618259662938,1.0,0.0,0.631578947368421,0.8284023668639053,0.7755102040816326,0.44897959183673464
0.8529411764705883,0.8593684564092008,0.0,0.0,0.7368421052631579,0.26627218934911245,0.05102040816326531,0.7755102040816326
0.17647058823529416,0.868188014081745,1.0,0.0,1.0,0.05917159763313609,0.5510204081632653,0.6326530612244897
0.5588235294117647,0.4209984988090113,0.0,0.0,0.7894736842105263,0.04733727810650888,0.12244897959183672,0.3877551020408163
0.11764705882352944,0.5185175011795103,0.0,0.0,0.10526315789473684,0.9349112426035503,0.9081632653061223,0.5510204081632653
0.02941176470588236,0.230041872177451,0.0,0.0,0.47368421052631576,0.6213017751479291,0.836734693877551,0.8979591836734693
0.47058823529411764,0.8850919114220982,0.0,0.0,0.3684210526315789,0.7159763313609467,0.9183673469387754,0.6938775510204082
0.20588235294117652,0.3479493869279589,1.0,0.0,1.0,0.6982248520710059,0.9081632653061223,0.6530612244897959
0.8235294117647058,0.8019835308453429,0.0,0.0,0.3684210526315789,0.5266272189349113,0.04081632653061224,0.24489795918367346
0.23529411764705888,0.6555298855192797,0.0,0.0,0.5789473684210527,0.2781065088757396,0.9693877551020408,0.9183673469387754
0.7647058823529411,0.28560507459060636,0.0,0.0,0.10526315789473684,0.3431952662721893,0.9081632653061223,0.5510204081632653
0.6176470588235294,0.22106229825345763,1.0,0.0,0.42105263157894735,0.8994082840236687,0.4081632653061224,0.061224489795918366
0.8235294117647058,0.8351521618486548,0.0,0.0,0.631578947368421,0.8224852071005917,0.16326530612244897,0.18367346938775508
0.588235294117647,0.7632594090317466,0.0,0.0,0.42105263157894735,0.5502958579881657,0.4183673469387755,0.14285714285714285
0.9705882352941175,0.4812937152653277,0.0,0.0,0.3684210526315789,0.08284023668639054,0.693877551020408,0.36734693877551017
0.11764705882352944,0.8950270379569931,0.0,0.0,0.21052631578947367,0.8520710059171598,0.26530612244897955,0.5510204081632653
0.23529411764705888,0.7131189264140352,0.0,0.0,0.0,0.8698224852071006,0.8061224489795917,0.2040816326530612
0.08823529411764708,0.7277239179698964,0.0,0.0,0.5263157894736842,0.6745562130177515,0.3061224489795918,0.4693877551020408
0.08823529411764708,0.7265471898555174,0.0,0.0,0.2631578947368421,0.34911242603550297,0.5918367346938775,0.6122448979591836
0.20588235294117652,0.41635956882986264,0.0,0.0,0.2631578947368421,0.1893491124260355,0.1020408163265306,0.9591836734693877
0.47058823529411764,0.5248468558444456,0.0,0.0,0.8421052631578947,0.4201183431952663,0.7857142857142856,0.4897959183673469
0.20588235294117652,0.15943803997002368,0.0,0.0,0.05263157894736842,0.31360946745562135,0.846938775510204,0.32653061224489793
0.5588235294117647,0.31179388058521795,1.0,0.0,0.2631578947368421,0.1834319526627219,0.05102040816326531,0.3469387755102041
0.05882352941176472,0.3830401845291157,0.0,0.0,0.21052631578947367,0.9585798816568046,0.8061224489795917,0.7959183673469387
0.08823529411764708,0.1882822756620584,0.0,0.0,0.3157894736842105,0.023668639053254434,0.48979591836734687,0.0
0.5588235294117647,0.06412788174123393,0.0,0.0,1.0,0.8461538461538461,0.5918367346938775,0.5306122448979591
0.38235294117647056,0.20455813225445355,0.0,0.0,0.9473684210526315,0.46153846153846156,0.11224489795918367,0.7346938775510203
0.5294117647058824,0.9051219346705178,0.0,0.0,0.05263157894736842,0.8994082840236687,0.19387755102040813,0.9591836734693877
0.7352941176470589,0.5187299247053507,0.0,0.0,0.894736842105263,0.8994082840236687,0.6632653061224489,0.061224489795918366
0.32352941176470584,0.4195950800751203,1.0,0.0,0.0,0.6094674556213018,0.061224489795918366,0.42857142857142855
0.5,0.6057782381636992,0.0,0.0,0.894736842105263,0.07100591715976332,0.19387755102040813,0.6326530612244897
0.4411764705882353,0.058652865110016994,0.0,0.0,0.8421052631578947,0.04142011834319527,0.3571428571428571,0.3469387755102041
0.9411764705882353,0.07024143011937713,0.0,0.0,0.5789473684210527,0.017751479289940836,0.32653061224489793,0.44897959183673464
0.3529411764705882,0.7408659043634834,0.0,0.0,0.3684210526315789,0.30177514792899407,0.5,0.7755102040816326
0.5294117647058824,0.4280064396198759,0.0,0.0,0.2631578947368421,0.0,0.9183673469387754,0.5102040816326531
0.8235294117647058,0.5986805579202137,0.0,0.0,0.15789473684210525,0.47928994082840237,0.7448979591836734,0.22448979591836732
0.4117647058823529,0.8178637276409335,0.0,0.0,0.5789473684210527,0.8757396449704142,0.693877551020408,0.32653061224489793
0.588235294117647,0.983511348136599,0.0,0.0,0.47368421052631576,0.6804733727810651,0.6632653061224489,0.2857142857142857
0.6470588235294117,0.3181873475781784,0.0,0.0,0.7894736842105263,0.08875739644970415,0.8061224489795917,0.7142857142857142
0.2941176470588235,0.5515951827320416,1.0,0.0,0.15789473684210525,0.7396449704142012,0.7857142857142856,0.8571428571428571
0.9705882352941175,0.9401713636842968,0.0,0.0,0.10526315789473684,0.8047337278106509,0.5510204081632653,0.7551020408163265
0.588235294117647,0.9464877417525865,1.0,0.0,1.0,0.44378698224852076,0.4183673469387755,0.8571428571428571
0.5294117647058824,0.1748723490176119,0.0,0.0,0.5789473684210527,0.5266272189349113,0.22448979591836732,0.2040816326530612
0.02941176470588236,0.3617352010496865,0.0,0.0,0.3157894736842105,0.3195266272189349,0.47959183673469385,0.32653061224489793
0.23529411764705888,0.42457772327404775,0.0,0.0,1.0,0.6449704142011834,0.4081632653061224,0.14285714285714285
0.11764705882352944,0.7118574764918649,0.0,0.0,0.7368421052631579,0.09467455621301776,0.9999999999999999,0.36734693877551017
0.17647058823529416,0.7696444001841011,0.0,0.0,1.0,0.5088757396449705,0.5816326530612245,0.6326530612244897
0.3529411764705882,0.033930881438966255,0.0,0.0,0.42105263157894735,0.6863905325443788,0.8265306122448979,0.26530612244897955
0.9411764705882353,0.6716434070603287,0.0,0.0,0.894736842105263,0.03550295857988166,0.4183673469387755,0.673469387755102
1.0,0.024048527375294476,1.0,0.0,0.47368421052631576,0.10650887573964496,0.693877551020408,0.6122448979591836
0.9411764705882353,0.3370824088647785,0.0,0.0,0.42105263157894735,0.1242603550295858,0.11224489795918367,0.2040816326530612
0.11764705882352944,0.2900698064755837,0.0,0.0,0.3684210526315789,0.23076923076923075,0.846938775510204,0.8775510204081632
0.47058823529411764,0.9968531067845514,0.0,0.0,0.2631578947368421,0.650887573964497,0.31632653061224486,0.22448979591836732
0.7352941176470589,0.5342679814140633,0.0,0.0,0.9473684210526315,0.011834319526627224,0.5816326530612245,0.16326530612244897
0.6176470588235294,0.7035540657160446,1.0,0.0,0.8421052631578947,0.1242603550295858,0.6020408163265305,0.9795918367346939
0.02941176470588236,0.07046177363122874,0.0,0.0,0.894736842105263,0.6094674556213018,0.42857142857142855,0.9387755102040816
0.5,0.953199337773636,0.0,0.0,0.47368421052631576,0.33136094674556216,0.7448979591836734,0.5102040816326531
0.4117647058823529,0.5864611079681599,0.0,0.0,0.9473684210526315,0.1301775147928994,0.21428571428571425,0.26530612244897955
0.08823529411764708,0.7283858172504764,0.0,0.0,0.9473684210526315,0.47337278106508873,0.8979591836734693,0.5510204081632653
0.6470588235294117,0.3976769113065407,1.0,0.0,0.5789473684210527,0.5088757396449705,0.6530612244897959,0.18367346938775508
0.38235294117647056,0.876248915138019,0.0,0.0,0.6842105263157894,0.7869822485207101,0.2857142857142857,0.3877551020408163
0.7941176470588236,0.45824462577830294,1.0,0.0,0.05263157894736842,0.03550295857988166,0.2857142857142857,0.9795918367346939
0.8823529411764706,0.5850313937957948,0.0,0.0,0.7894736842105263,0.36094674556213013,0.32653061224489793,0.3877551020408163
0.32352941176470584,0.20394556555378707,0.0,0.0,0.2631578947368421,0.5384615384615384,0.5510204081632653,0.9183673469387754
0.6764705882352942,0.9189113113537071,1.0,0.0,0.894736842105263,0.9408284023668639,0.09183673469387754,0.061224489795918366
0.1470588235294118,0.9938080138911107,0.0,0.0,0.3684210526315789,0.7218934911242604,0.31632653061224486,0.44897959183673464
0.2647058823529411,0.041067671646739363,0.0,0.0,0.8421052631578947,0.727810650887574,0.18367346938775508,0.4081632653061224
0.911764705882353,0.05438517172369703,0.0,0.0,0.8421052631578947,0.7159763313609467,0.22448979591836732,0.3877551020408163
0.7352941176470589,0.33980566125455014,0.0,0.0,1.0,0.017751479289940836,0.8673469387755102,0.6938775510204082
0.588235294117647,0.7251573428412728,1.0,0.0,0.8421052631578947,0.30177514792899407,0.346938775510204,0.9999999999999999
0.588235294117647,0.3759696577576301,0.0,0.0,0.7368421052631579,0.6863905325443788,0.9591836734693877,0.16326530612244897
0.17647058823529416,0.5012977090459686,1.0,0.0,0.5789473684210527,0.7455621301775148,0.2755102040816326,0.0
0.23529411764705888,0.2261466621899544,0.0,0.0,0.9473684210526315,0.34911242603550297,0.836734693877551,0.26530612244897955
0.47058823529411764,0.5096326945655859,0.0,0.0,0.9473684210526315,0.6449704142011834,0.846938775510204,0.061224489795918366
0.9411764705882353,0.7432629794588902,0.0,0.0,0.8421052631578947,0.8165680473372782,0.020408163265306124,0.32653061224489793
0.5,0.2037880656094579,0.0,0.0,0.0,0.2899408284023669,0.42857142857142855,0.9999999999999999
0.7058823529411764,0.4197802473688988,1.0,0.0,0.47368421052631576,0.514792899408284,0.9693877551020408,0.8571428571428571
0.05882352941176472,0.06091503455760073,0.0,0.0,0.42105263157894735,0.7810650887573964,0.11224489795918367,0.2857142857142857
0.8823529411764706,0.6454298369379573,0.0,0.0,0.6842105263157894,0.727810650887574,0.5816326530612245,0.8775510204081632
0.17647058823529416,0.3631581228169138,0.0,0.0,0.8421052631578947,0.485207100591716,0.6428571428571428,0.1020408163265306
0.7352941176470589,0.2274419921254169,0.0,0.0,0.7368421052631579,0.3076923076923077,0.9693877551020408,0.9999999999999999
0.5294117647058824,0.537644082020303,1.0,0.0,0.15789473684210525,0.6863905325443788,0.836734693877551,0.44897959183673464
0.1470588235294118,0.6248677194837194,0.0,0.0,0.42105263157894735,0.7041420118343196,0.5,0.7755102040816326
0.8823529411764706,0.6623769956291746,1.0,0.0,0.7368421052631579,0.6390532544378699,0.32653061224489793,0.5306122448979591
0.5,0.06610869874355925,1.0,0.0,0.21052631578947367,0.5207100591715976,0.04081632653061224,0.5306122448979591
0.588235294117647,0.38439041717051475,0.0,0.0,0.631578947368421,0.1301775147928994,0.5918367346938775,0.6530612244897959
0.02941176470588236,0.046269324667674805,0.0,0.0,0.0,0.4497041420118343,0.3571428571428571,0.6938775510204082
0.8529411764705883,0.0679776011097687,1.0,0.0,0.0,0.834319526627219,0.4081632653061224,0.18367346938775508
0.3529411764705882,0.027462865553856,0.0,0.0,0.0,0.8402366863905325,0.8775510204081631,0.12244897959183673
0.05882352941176472,0.5175317024456549,0.0,0.0,0.631578947368421,0.07692307692307693,0.4591836734693877,0.6122448979591836
0.23529411764705888,0.03549709129339517,0.0,0.0,0.10526315789473684,0.20118343195266272,0.9795918367346937,0.9387755102040816
0.17647058823529416,0.6396430226962497,0.0,0.0,0.15789473684210525,0.8579881656804734,0.24489795918367346,0.2040816326530612
0.7058823529411764,0.9892709572209551,0.0,0.0,1.0,0.6627218934911243,0.020408163265306124,0.6122448979591836
0.5,0.6046788504011661,0.0,0.0,0.47368421052631576,0.28402366863905326,0.1530612244897959,0.7755102040816326
0.23529411764705888,0.7117504395973502,0.0,0.0,0.42105263157894735,0.7159763313609467,0.3571428571428571,0.0
0.8235294117647058,0.6460261474651028,0.0,0.0,0.5263157894736842,0.14201183431952663,0.8673469387755102,0.42857142857142855
0.7647058823529411,0.12135690202302865,0.0,0.0,0.2631578947368421,0.5621301775147929,0.5306122448979591,0.7551020408163265
0.8823529411764706,0.9132895817628663,0.0,0.0,0.2631578947368421,0.650887573964497,0.1020408163265306,0.14285714285714285
0.4117647058823529,0.8118061859142017,0.0,0.0,0.5263157894736842,0.22485207100591717,0.09183673469387754,0.18367346938775508
0.9411764705882353,0.10009977799794961,0.0,0.0,1.0,0.1242603550295858,0.5408163265306122,0.18367346938775508
0.7941176470588236,0.2823461895520702,0.0,0.0,0.47368421052631576,0.485207100591716,0.8979591836734693,0.5714285714285714
0.1470588235294118,0.978916793937849,0.0,0.0,0.3684210526315789,0.8579881656804734,0.7959183673469387,0.4693877551020408
0.20588235294117652,0.4501256432111393,0.0,0.0,0.7368421052631579,0.8698224852071006,0.37755102040816324,0.9183673469387754
0.588235294117647,0.4683471918227727,0.0,0.0,0.47368421052631576,0.7159763313609467,0.5918367346938775,0.02040816326530612
0.7058823529411764,0.24188355772373415,1.0,0.0,0.8421052631578947,0.9053254437869822,0.8571428571428571,0.22448979591836732
0.5294117647058824,0.028067032589167453,0.0,0.0,0.8421052631578947,0.863905325443787,0.3061224489795918,0.4081632653061224
0.02941176470588236,0.39080673889895745,1.0,0.0,0.6842105263157894,0.04733727810650888,0.173469387755102,0.02040816326530612
0.5294117647058824,0.31311870934660324,0.0,0.0,1.0,0.9230769230769231,0.39795918367346933,0.3469387755102041
0.11764705882352944,0.9516798866377876,0.0,0.0,0.21052631578947367,0.07100591715976332,0.6632653061224489,0.08163265306122448
0.4117647058823529,0.051902328229558314,0.0,0.0,0.21052631578947367,1.0,0.48979591836734687,0.4897959183673469
0.4411764705882353,0.017918280120201822,1.0,0.0,0.5263157894736842,0.05325443786982248,0.5714285714285714,0.22448979591836732
0.0,0.7926976028765358,0.0,0.0,0.47368421052631576,0.7751479289940828,0.42857142857142855,0.6122448979591836
0.20588235294117652,0.35060144964003137,1.0,0.0,0.21052631578947367,0.834319526627219,0.04081632653061224,0.04081632653061224
0.4411764705882353,0.5211156857784666,1.0,0.0,0.05263157894736842,0.11834319526627218,0.693877551020408,0.2040816326530612
0.7058823529411764,0.6949779994506934,1.0,0.0,0.21052631578947367,0.7988165680473372,0.836734693877551,0.32653061224489793
0.2941176470588235,0.06104004782248793,0.0,0.0,0.21052631578947367,0.15384615384615385,0.2959183673469387,0.9591836734693877
0.7352941176470589,0.691253822263209,1.0,0.0,0.0,0.4378698224852071,0.11224489795918367,0.9387755102040816
1.0,0.10767263576557903,0.0,0.0,0.894736842105263,0.893491124260355,0.5714285714285714,0.5306122448979591
0.588235294117647,0.11666301983674822,0.0,0.0,0.8421052631578947,0.1834319526627219,0.846938775510204,0.673469387755102
0.8235294117647058,0.29091474130013206,0.0,0.0,0.631578947368421,0.893491124260355,0.7040816326530611,0.5714285714285714
0.8529411764705883,0.2876004147750946,0.0,0.0,0.6842105263157894,0.650887573964497,0.32653061224489793,0.12244897959183673
0.20588235294117652,0.11997398084464125,0.0,0.0,0.631578947368421,0.6449704142011834,0.8877551020408162,0.04081632653061224
0.02941176470588236,0.192551514895977,0.0,0.0,0.894736842105263,0.8757396449704142,0.7142857142857142,0.1020408163265306
0.4117647058823529,0.8184790442665673,0.0,0.0,0.3157894736842105,0.07100591715976332,0.9999999999999999,0.6326530612244897
0.11764705882352944,0.21890417173249394,0.0,0.0,0.631578947368421,0.5266272189349113,0.22448979591836732,0.8775510204081632
1.0,0.571805722210172,1.0,0.0,0.7894736842105263,0.19526627218934908,0.9387755102040816,0.5918367346938775
0.6176470588235294,0.3001528086352057,1.0,0.0,0.631578947368421,0.9822485207100592,0.32653061224489793,0.26530612244897955
0.7352941176470589,0.8397957124680421,1.0,0.0,0.42105263157894735,0.15384615384615385,0.0,0.2857142857142857
0.32352941176470584,0.550727969792112,0.0,0.0,0.3684210526315789,0.5266272189349113,0.8877551020408162,0.6530612244897959
0.4117647058823529,0.800134914817741,0.0,0.0,0.631578947368421,0.19526627218934908,0.8061224489795917,0.32653061224489793
0.1470588235294118,0.8613497005664413,0.0,0.0,0.631578947368421,0.6627218934911243,0.020408163265306124,0.8571428571428571
0.7647058823529411,0.926954882985121,0.0,0.0,0.7894736842105263,0.6153846153846154,0.08163265306122448,0.16326530612244897
0.1470588235294118,0.7262579850476816,0.0,0.0,0.7894736842105263,0.2899408284023669,0.7551020408163265,0.7959183673469387
0.5294117647058824,0.08460121567197947,0.0,0.0,0.47368421052631576,0.272189349112426,0.37755102040816324,0.14285714285714285
0.4117647058823529,0.5832287394861803,1.0,0.0,0.47368421052631576,0.37869822485207105,0.6836734693877551,0.673469387755102
0.7941176470588236,0.28771078118145865,1.0,0.0,0.5789473684210527,0.07692307692307693,0.0,0.6122448979591836
0.1470588235294118,0.17848849071024508,1.0,0.0,0.0,0.6390532544378699,0.0,0.2040816326530612
0.3529411764705882,0.8639100364486041,0.0,0.0,0.2631578947368421,0.41420118343195267,0.42857142857142855,0.42857142857142855
0.32352941176470584,0.8325371618647286,0.0,0.0,0.5789473684210527,0.4970414201183432,0.846938775510204,0.9183673469387754
0.23529411764705888,0.833533354600895,1.0,0.0,0.631578947368421,0.04733727810650888,0.9489795918367346,0.7142857142857142
0.2941176470588235,0.4261353975593681,0.0,0.0,0.9473684210526315,0.17751479289940827,0.04081632653061224,0.9795918367346939
0.2941176470588235,0.000999926415960519,0.0,0.0,0.7368421052631579,0.31360946745562135,0.5306122448979591,0.5918367346938775
0.05882352941176472,0.8453421596865879,0.0,0.0,0.6842105263157894,0.5680473372781065,0.7653061224489796,0.7959183673469387
0.05882352941176472,0.693764504561025,0.0,0.0,0.10526315789473684,0.2899408284023669,0.2551020408163265,0.26530612244897955
0.32352941176470584,0.5026665170467555,0.0,0.0,0.47368421052631576,0.24260355029585798,0.4081632653061224,0.9795918367346939
0.38235294117647056,0.03667183137555996,0.0,0.0,0.05263157894736842,0.6153846153846154,0.21428571428571425,0.24489795918367346
0.38235294117647056,0.4240619003596626,0.0,0.0,0.15789473684210525,0.37869822485207105,0.8979591836734693,0.9591836734693877
0.2941176470588235,0.22147541958367936,0.0,0.0,0.7894736842105263,0.3254437869822485,0.020408163265306124,0.3469387755102041
0.20588235294117652,0.9732333197618162,0.0,0.0,0.894736842105263,0.3668639053254438,0.0,0.24489795918367346
0.17647058823529416,0.07005018013762847,1.0,0.0,0.9473684210526315,0.6627218934911243,0.05102040816326531,0.6326530612244897
1.0,0.06617050482719176,0.0,0.0,0.3684210526315789,0.6153846153846154,0.8979591836734693,0.3061224489795918
0.17647058823529416,0.5167956111473162,0.0,0.0,1.0,0.21893491124260353,0.26530612244897955,0.9999999999999999
0.7058823529411764,0.1909529770091909,0.0,0.0,0.5263157894736842,0.514792899408284,0.7448979591836734,0.2040816326530612
0.1470588235294118,0.2071494020557724,0.0,0.0,0.8421052631578947,0.9408284023668639,0.9693877551020408,0.4693877551020408
0.7647058823529411,0.08471197445296694,0.0,0.0,0.6842105263157894,0.8994082840236687,0.8979591836734693,0.5102040816326531
0.9705882352941175,0.9374368790369003,0.0,0.0,0.42105263157894735,0.7928994082840237,0.13265306122448978,0.26530612244897955
0.38235294117647056,0.0546644527025373,0.0,0.0,1.0,0.36094674556213013,0.32653061224489793,0.5306122448979591
0.6176470588235294,0.8746727266684247,0.0,0.0,0.21052631578947367,0.40828402366863903,0.7142857142857142,0.9183673469387754
0.38235294117647056,0.30716288736853914,0.0,0.0,0.3157894736842105,0.029585798816568046,0.6122448979591836,0.0
0.08823529411764708,0.24825323406627617,0.0,0.0,1.0,0.5739644970414202,0.336734693877551,0.6530612244897959
0.20588235294117652,0.479901014518669,0.0,0.0,0.2631578947368421,0.8816568047337279,0.8775510204081631,0.8979591836734693
0.7647058823529411,0.8176096274774941,1.0,0.0,0.5789473684210527,0.1834319526627219,0.11224489795918367,0.4897959183673469
0.588235294117647,0.9488806701129259,0.0,0.0,0.05263157894736842,0.17751479289940827,0.3571428571428571,0.2040816326530612
0.7058823529411764,0.43311792676024774,0.0,0.0,0.6842105263157894,0.4201183431952663,0.9999999999999999,0.4897959183673469
0.8529411764705883,0.2814222237958037,0.0,0.0,0.5263157894736842,0.04733727810650888,0.5510204081632653,0.42857142857142855
0.6470588235294117,0.016879617740181208,0.0,0.0,0.631578947368421,0.3905325443786982,0.336734693877551,0.3469387755102041
0.5294117647058824,0.011212033537942815,0.0,0.0,0.42105263157894735,0.41420118343195267,0.7755102040816326,0.6122448979591836
0.911764705882353,0.3652628074937685,0.0,0.0,0.6842105263157894,0.9585798816568046,0.48979591836734687,0.6122448979591836
0.588235294117647,0.7465807479989236,0.0,0.0,0.7894736842105263,0.7928994082840237,0.5510204081632653,0.6530612244897959
0.20588235294117652,0.6577078169187783,0.0,0.0,0.9473684210526315,0.6272189349112426,0.7448979591836734,0.22448979591836732
0.7058823529411764,0.5142545505405663,0.0,0.0,0.2631578947368421,0.5325443786982249,0.04081632653061224,0.5102040816326531
0.3529411764705882,0.04328805947397982,0.0,0.0,0.42105263157894735,0.8816568047337279,0.3061224489795918,0.4897959183673469
0.3529411764705882,0.3065923796432659,1.0,0.0,0.21052631578947367,0.8875739644970414,0.09183673469387754,0.9183673469387754
0.7352941176470589,0.2235975401716956,0.0,0.0,0.2631578947368421,0.10650887573964496,0.05102040816326531,0.6122448979591836
0.8823529411764706,0.5241611540798112,0.0,0.0,0.631578947368421,0.6923076923076923,0.2755102040816326,0.3469387755102041
0.6470588235294117,0.9097325999616855,0.0,0.0,0.5263157894736842,0.1242603550295858,0.9693877551020408,0.6122448979591836
0.8235294117647058,0.22079188747417106,0.0,0.0,0.8421052631578947,0.21893491124260353,0.22448979591836732,0.5510204081632653
0.2941176470588235,0.3683546393947732,0.0,0.0,0.42105263157894735,0.24260355029585798,0.11224489795918367,0.7142857142857142
0.4117647058823529,0.5973129563592806,0.0,0.0,0.10526315789473684,0.24260355029585798,0.08163265306122448,0.16326530612244897
0.8235294117647058,0.5227806312347716,0.0,0.0,0.10526315789473684,0.8106508875739645,0.09183673469387754,0.061224489795918366
0.911764705882353,0.03889528668255402,0.0,0.0,0.7368421052631579,0.7692307692307693,0.21428571428571425,0.5510204081632653
0.5588235294117647,0.20813066470907296,1.0,0.0,0.6842105263157894,0.10650887573964496,0.6224489795918366,0.16326530612244897
0.6764705882352942,0.702719181683277,1.0,0.0,0.9473684210526315,0.4378698224852071,0.11224489795918367,0.4897959183673469
0.08823529411764708,0.7503294408863294,0.0,0.0,0.21052631578947367,0.1893491124260355,0.6428571428571428,0.9591836734693877
0.9705882352941175,0.9291394018988334,0.0,0.0,0.6842105263157894,0.8698224852071006,0.5918367346938775,0.8571428571428571
0.3529411764705882,0.14722558909929304,0.0,0.0,0.10526315789473684,0.8994082840236687,0.37755102040816324,0.36734693877551017
0.911764705882353,0.1604364617528711,1.0,0.0,0.8421052631578947,0.514792899408284,0.7755102040816326,0.7959183673469387
0.588235294117647,0.39420672636286447,0.0,0.0,0.5263157894736842,0.893491124260355,0.836734693877551,0.2040816326530612
0.9705882352941175,0.41551928520484854,0.0,0.0,0.05263157894736842,0.21301775147928995,0.31632653061224486,0.5306122448979591
0.911764705882353,0.29195484631218577,0.0,0.0,0.894736842105263,0.3254437869822485,0.9489795918367346,0.6530612244897959
0.02941176470588236,0.2257599884639189,0.0,0.0,0.5263157894736842,0.8994082840236687,0.9999999999999999,0.44897959183673464
0.32352941176470584,0.5122400850343262,0.0,0.0,0.3157894736842105,0.11242603550295857,0.7653061224489796,0.14285714285714285
0.8235294117647058,0.39512830048728653,1.0,0.0,0.2631578947368421,0.6035502958579881,0.836734693877551,0.5714285714285714
0.7352941176470589,0.8901151311750233,0.0,0.0,0.5789473684210527,0.1893491124260355,0.173469387755102,0.3469387755102041
0.588235294117647,0.7962601869377174,0.0,0.0,0.3684210526315789,0.42603550295857984,0.18367346938775508,0.9999999999999999
0.20588235294117652,0.3995026820233902,1.0,0.0,0.631578947368421,0.9763313609467456,0.2755102040816326,0.3061224489795918
0.47058823529411764,0.1092950009721805,0.0,0.0,0.7368421052631579,0.5443786982248521,0.6632653061224489,0.8163265306122448
0.32352941176470584,0.594557636328991,1.0,0.0,0.21052631578947367,0.5266272189349113,0.09183673469387754,0.5306122448979591
0.08823529411764708,0.9134010571663701,1.0,0.0,0.7368421052631579,0.20118343195266272,0.3061224489795918,0.7755102040816326
0.911764705882353,0.956128545802047,0.0,0.0,0.8421052631578947,0.42603550295857984,0.6530612244897959,0.3061224489795918
0.911764705882353,0.18929294570574004,0.0,0.0,0.47368421052631576,0.9349112426035503,0.9489795918367346,0.18367346938775508
0.2941176470588235,0.5206900959143149,0.0,0.0,0.7368421052631579,0.011834319526627224,0.2755102040816326,0.02040816326530612
1.0,0.24313977278453217,0.0,0.0,0.8421052631578947,0.17751479289940827,0.8265306122448979,0.5918367346938775
0.9705882352941175,0.825588012279615,0.0,0.0,0.7368421052631579,0.08284023668639054,0.42857142857142855,0.6938775510204082
0.6764705882352942,0.28106180181336227,0.0,0.0,0.42105263157894735,0.7633136094674556,0.2040816326530612,0.5306122448979591
0.1470588235294118,0.7061513322645437,0.0,0.0,0.47368421052631576,0.5857988165680473,0.31632653061224486,0.8163265306122448
0.08823529411764708,0.4058604419984926,1.0,0.0,1.0,0.757396449704142,0.48979591836734687,0.26530612244897955
0.6470588235294117,0.11072012876584725,0.0,0.0,0.9473684210526315,0.16568047337278105,0.1020408163265306,0.14285714285714285
0.5588235294117647,0.5819746260771577,0.0,0.0,0.7368421052631579,0.514792899408284,0.3061224489795918,0.5102040816326531
0.911764705882353,0.19015612045414357,0.0,0.0,0.2631578947368421,0.09467455621301776,0.7857142857142856,0.2040816326530612
0.7941176470588236,0.8730015827178207,0.0,0.0,0.3157894736842105,0.11242603550295857,0.13265306122448978,0.42857142857142855
0.7941176470588236,0.06577374658395686,0.0,0.0,0.3684210526315789,0.24260355029585798,0.8061224489795917,0.12244897959183673
0.6470588235294117,0.2867770558659516,1.0,0.0,0.7368421052631579,0.37869822485207105,0.07142857142857142,0.836734693877551
0.8529411764705883,0.3916729254099504,0.0,0.0,0.0,0.5029585798816568,0.7653061224489796,0.3469387755102041
0.8529411764705883,0.7179457724051459,1.0,0.0,0.631578947368421,0.30177514792899407,0.6632653061224489,0.32653061224489793
0.2941176470588235,0.4658174069863206,0.0,0.0,0.894736842105263,0.9763313609467456,0.13265306122448978,0.5714285714285714
0.7352941176470589,0.19729263610709705,0.0,0.0,0.3157894736842105,0.0650887573964497,0.8673469387755102,0.12244897959183673
0.47058823529411764,0.9848254603326358,0.0,0.0,0.10526315789473684,0.9408284023668639,0.9795918367346937,0.9999999999999999
0.17647058823529416,0.9126032207211632,0.0,0.0,0.47368421052631576,0.3195266272189349,0.5408163265306122,0.673469387755102
0.17647058823529416,0.9452620013932194,0.0,0.0,0.21052631578947367,0.834319526627219,0.32653061224489793,0.061224489795918366
0.02941176470588236,0.9459636889112876,0.0,0.0,0.5263157894736842,0.8224852071005917,0.8775510204081631,0.0
0.2647058823529411,0.04747760193740102,0.0,0.0,0.5789473684210527,0.6568047337278107,0.030612244897959183,0.14285714285714285
0.3529411764705882,0.2922195582152725,1.0,0.0,0.5789473684210527,0.04142011834319527,0.8673469387755102,0.1020408163265306
0.08823529411764708,0.2535639286235845,0.0,0.0,0.42105263157894735,0.07692307692307693,0.6224489795918366,0.2857142857142857
0.20588235294117652,0.5069322206007764,0.0,0.0,0.6842105263157894,0.41420118343195267,0.8979591836734693,0.36734693877551017
0.4117647058823529,0.4292108532854573,0.0,0.0,0.6842105263157894,0.47928994082840237,0.05102040816326531,0.42857142857142855
0.20588235294117652,0.3625738543225261,0.0,0.0,0.894736842105263,0.5029585798816568,0.9183673469387754,0.8979591836734693
0.1470588235294118,0.5377489683100061,0.0,0.0,0.05263157894736842,1.0,0.32653061224489793,0.1020408163265306
0.47058823529411764,0.1118247714654615,0.0,0.0,0.8421052631578947,0.6213017751479291,0.31632653061224486,0.8979591836734693
0.38235294117647056,0.38211078235799484,0.0,0.0,0.0,0.8994082840236687,0.6020408163265305,0.8979591836734693
0.5588235294117647,0.639018862835733,1.0,0.0,0.6842105263157894,0.9940828402366865,0.520408163265306,0.32653061224489793
0.08823529411764708,0.1282972886714181,1.0,0.0,0.47368421052631576,0.13609467455621302,0.9285714285714285,0.5306122448979591
0.5588235294117647,0.22872821907621577,0.0,0.0,0.7368421052631579,0.8224852071005917,0.7142857142857142,0.8163265306122448
0.3529411764705882,0.7502327372930911,0.0,0.0,0.894736842105263,0.5325443786982249,0.8775510204081631,0.08163265306122448
0.6470588235294117,0.2868717096172105,0.0,0.0,0.42105263157894735,0.05325443786982248,0.1020408163265306,0.6938775510204082
0.9411764705882353,0.6668860270636977,0.0,0.0,0.5263157894736842,0.46153846153846156,0.5,0.6326530612244897
0.38235294117647056,0.18219364668348073,0.0,0.0,0.0,0.5621301775147929,0.19387755102040813,0.42857142857142855
0.2941176470588235,0.8186233835584482,1.0,0.0,0.21052631578947367,0.36094674556213013,0.8877551020408162,0.08163265306122448
0.4117647058823529,0.5007457818377625,0.0,0.0,0.9473684210526315,0.591715976331361,0.673469387755102,0.1020408163265306
0.7058823529411764,0.5049999352679968,0.0,0.0,0.15789473684210525,1.0,0.5306122448979591,0.26530612244897955
0.2941176470588235,0.01959813016859662,0.0,0.0,0.47368421052631576,0.834319526627219,0.2551020408163265,0.9183673469387754
0.5294117647058824,0.814829833173283,0.0,0.0,0.9473684210526315,0.1834319526627219,0.1020408163265306,0.12244897959183673
0.8529411764705883,0.10650537486005551,0.0,0.0,0.42105263157894735,0.03550295857988166,0.5306122448979591,0.6122448979591836
0.0,0.40730033562103957,0.0,0.0,0.21052631578947367,0.7514792899408285,0.14285714285714282,0.08163265306122448
1.0,0.21452635868575412,0.0,0.0,0.7894736842105263,0.9763313609467456,0.18367346938775508,0.1020408163265306
0.5294117647058824,0.9914978392083769,0.0,0.0,0.2631578947368421,0.8520710059171598,0.5612244897959183,0.18367346938775508
0.4117647058823529,0.24372461102543916,0.0,0.0,0.2631578947368421,0.7100591715976331,0.7959183673469387,0.7346938775510203
1.0,0.07676088948737586,0.0,0.0,0.631578947368421,0.3254437869822485,0.14285714285714282,0.8163265306122448
0.17647058823529416,0.3448630342671706,0.0,0.0,0.15789473684210525,0.26627218934911245,0.6428571428571428,0.3877551020408163
0.47058823529411764,0.6604394899137398,0.0,0.0,0.9473684210526315,0.8520710059171598,0.346938775510204,0.5102040816326531
0.11764705882352944,0.7801303408011732,1.0,0.0,0.3684210526315789,0.7633136094674556,0.8979591836734693,0.9591836734693877
0.6176470588235294,0.5187565873644937,0.0,0.0,0.05263157894736842,0.5502958579881657,0.1530612244897959,0.3469387755102041
0.6764705882352942,0.8413094728823447,0.0,0.0,0.6842105263157894,0.40828402366863903,0.2857142857142857,0.6530612244897959
0.8529411764705883,0.041885348090880306,0.0,0.0,0.7894736842105263,0.7810650887573964,0.14285714285714282,0.7551020408163265
0.3529411764705882,0.8649199429455313,1.0,0.0,0.3157894736842105,0.9467455621301776,0.5612244897959183,0.9999999999999999
0.7647058823529411,0.19352263348838097,1.0,0.0,0.3157894736842105,0.04733727810650888,0.5408163265306122,0.9183673469387754
0.6470588235294117,0.2883907189731946,1.0,0.0,0.05263157894736842,0.6449704142011834,0.21428571428571425,0.16326530612244897
0.20588235294117652,0.9298869989821461,1.0,0.0,0.21052631578947367,0.28402366863905326,0.836734693877551,0.4897959183673469
0.02941176470588236,0.3657271338996247,0.0,0.0,0.47368421052631576,0.834319526627219,0.520408163265306,0.5918367346938775
0.6764705882352942,0.5737168429619554,0.0,0.0,0.9473684210526315,0.3905325443786982,0.44897959183673464,0.36734693877551017
0.3529411764705882,0.8066186389150966,0.0,0.0,0.8421052631578947,0.9822485207100592,0.2857142857142857,0.0
0.17647058823529416,0.7431904724380216,1.0,0.0,0.15789473684210525,0.3550295857988166,0.22448979591836732,0.7142857142857142
0.38235294117647056,0.6511058894541378,0.0,0.0,0.5263157894736842,0.485207100591716,0.9897959183673468,0.02040816326530612
0.11764705882352944,0.34684582673873354,0.0,0.0,0.631578947368421,0.17751479289940827,0.08163265306122448,0.6530612244897959
0.7058823529411764,0.4917775916142823,0.0,0.0,1.0,0.24260355029585798,0.7857142857142856,0.12244897959183673
0.6764705882352942,0.7728384365543673,1.0,0.0,0.3157894736842105,0.9349112426035503,0.693877551020408,0.36734693877551017
0.7352941176470589,0.17253942118871082,0.0,0.0,0.15789473684210525,0.834319526627219,0.6122448979591836,0.02040816326530612
0.9411764705882353,0.9859189387177449,0.0,0.0,0.3157894736842105,0.3727810650887574,0.693877551020408,0.44897959183673464
0.588235294117647,0.5949231916065892,0.0,0.0,0.7894736842105263,0.8816568047337279,0.7448979591836734,0.4693877551020408
0.32352941176470584,0.8261532803403303,0.0,0.0,0.7368421052631579,0.9704142011834319,0.2551020408163265,0.36734693877551017
0.2647058823529411,0.5668221483494399,0.0,0.0,0.47368421052631576,0.42603550295857984,0.520408163265306,0.4693877551020408
0.7941176470588236,0.09404389975345578,0.0,0.0,0.10526315789473684,0.33136094674556216,0.030612244897959183,0.2857142857142857
0.3529411764705882,0.3921227839343903,0.0,0.0,0.6842105263157894,0.5029585798816568,0.673469387755102,0.5102040816326531
0.3529411764705882,0.802119865900655,1.0,0.0,0.15789473684210525,0.6035502958579881,0.04081632653061224,0.5918367346938775
0.8529411764705883,0.4781160558059693,0.0,0.0,0.8421052631578947,0.6390532544378699,0.31632653061224486,0.9795918367346939
0.11764705882352944,0.07416058555483897,0.0,0.0,1.0,0.20118343195266272,0.26530612244897955,0.5306122448979591
0.11764705882352944,0.627096530088821,1.0,0.0,0.3157894736842105,0.3905325443786982,0.9489795918367346,0.7142857142857142
0.8823529411764706,0.393107396202144,1.0,0.0,0.0,0.21301775147928995,0.7857142857142856,0.14285714285714285
0.4117647058823529,0.7941151883707251,0.0,0.0,0.47368421052631576,0.8106508875739645,0.37755102040816324,0.44897959183673464
0.1470588235294118,0.416249485729647,0.0,0.0,0.3684210526315789,0.4201183431952663,0.22448979591836732,0.14285714285714285
0.02941176470588236,0.6691843986169975,0.0,0.0,0.5789473684210527,0.3431952662721893,0.173469387755102,0.3469387755102041
0.5588235294117647,0.9436052609266066,0.0,0.0,0.894736842105263,0.1834319526627219,0.5714285714285714,0.36734693877551017
0.8529411764705883,0.7446165808321077,0.0,0.0,0.21052631578947367,0.029585798816568046,0.673469387755102,0.7142857142857142
0.8823529411764706,0.293074466224216,0.0,0.0,0.631578947368421,0.04142011834319527,0.846938775510204,0.8571428571428571
0.7058823529411764,0.31232475997911935,0.0,0.0,0.21052631578947367,0.4674556213017752,0.01020408163265306,0.7959183673469387
0.4117647058823529,0.9745113697916521,0.0,0.0,0.9473684210526315,0.6627218934911243,0.346938775510204,0.9795918367346939
0.6470588235294117,0.3479611267342619,1.0,0.0,0.42105263157894735,0.893491124260355,0.4591836734693877,0.26530612244897955
0.7058823529411764,0.3727277812749009,1.0,0.0,0.47368421052631576,0.20118343195266272,0.2857142857142857,0.061224489795918366
0.7058823529411764,0.5910223580616271,0.0,0.0,0.7894736842105263,0.5798816568047337,0.48979591836734687,0.6530612244897959
0.7058823529411764,0.4995891988923728,0.0,0.0,0.0,0.7928994082840237,0.3571428571428571,0.5918367346938775
0.2647058823529411,0.4424701860631741,0.0,0.0,0.6842105263157894,0.8461538461538461,0.7346938775510203,0.4081632653061224
0.47058823529411764,0.22870304264166244,0.0,0.0,0.7368421052631579,0.8224852071005917,0.9999999999999999,0.3469387755102041
